session_key,driver_number,lap_number,date_start,lap_duration,duration_sector_1,duration_sector_2,duration_sector_3,i1_speed,i2_speed,st_speed,avg_throttle,throttle_std,pct_full_throttle,pct_zero_throttle,pct_braking,avg_gear,unique_gears,avg_rpm,rpm_std,max_rpm,max_speed,avg_speed,min_speed,speed_std,pct_above_300,pct_200_300,pct_100_200,pct_below_100,pct_drs_active,n_samples,n_gear_changes,team_name,driver_name,country_name,circuit_short_name,location
9074,31,17,2023-05-06 20:50:19.053,87.935,29.363,33.504,25.068,223.0,193.0,334.0,70.07552870090635,39.95729204062291,0.5498489425981873,0.17220543806646527,0.19939577039274925,5.371601208459214,7,10119.50755287009,1356.021554681548,11776,335,217.9546827794562,69,80.97938982537458,0.18429003021148035,0.4199395770392749,0.29003021148036257,0.10574018126888217,0.21450151057401812,331,35.0,Alpine,Esteban OCON,United States,Miami,Miami
9074,77,7,2023-05-06 20:13:12.702,88.058,29.549,33.473,25.036,225.0,195.0,333.0,73.3951367781155,39.257849619722805,0.60790273556231,0.1702127659574468,0.182370820668693,5.717325227963526,6,10214.155015197568,1659.3577540045655,12387,337,219.92705167173253,70,81.39114849024644,0.2066869300911854,0.4072948328267477,0.2978723404255319,0.08814589665653495,0.22492401215805471,329,29.0,Alfa Romeo,Valtteri BOTTAS,United States,Miami,Miami
9074,81,8,2023-05-06 20:17:06.667,88.484,29.756,33.681,25.047,219.0,194.0,337.0,66.35802469135803,41.50073553512087,0.0,0.18518518518518517,0.13271604938271606,5.422839506172839,7,10271.225308641975,1400.8715272165969,12171,338,215.55555555555554,69,83.03809413395385,0.2006172839506173,0.39814814814814814,0.29012345679012347,0.1111111111111111,0.21296296296296297,324,36.0,McLaren,Oscar PIASTRI,United States,Miami,Miami
9153,2,8,2023-09-02 14:17:23.932,81.93,26.94,27.774,27.216,,339.0,346.0,77.46687697160883,38.8500404105243,0.7097791798107256,0.15457413249211358,0.13564668769716087,6.4637223974763405,7,10911.706624605678,1301.2755350381751,12760,348,252.58990536277602,69,73.73624496695265,0.35646687697160884,0.41009463722397477,0.1829652996845426,0.050473186119873815,0.19242902208201892,317,35.0,Williams,Logan SARGEANT,Italy,Monza,Monza
9153,16,5,2023-09-02 14:10:36.281,81.996,27.244,27.664,27.088,320.0,336.0,341.0,79.71088435374149,35.514858937613624,0.11224489795918367,0.08843537414965986,0.1292517006802721,6.425170068027211,7,10777.656462585033,1287.322056098823,12139,343,254.1904761904762,69,73.33864909888646,0.38095238095238093,0.41496598639455784,0.15306122448979592,0.05102040816326531,0.20408163265306123,294,31.0,Ferrari,Charles LECLERC,Italy,Monza,Monza
9153,16,11,2023-09-02 14:29:08.190,81.175,26.809,27.433,26.933,322.0,339.0,348.0,79.61363636363636,36.08842843438988,0.07142857142857142,0.09415584415584416,0.1396103896103896,6.4935064935064934,7,10865.204545454546,1212.9372405676313,12402,350,256.7694805194805,71,71.81678265377134,0.38961038961038963,0.4090909090909091,0.1590909090909091,0.04220779220779221,0.2012987012987013,308,33.0,Ferrari,Charles LECLERC,Italy,Monza,Monza
9153,16,20,2023-09-02 14:58:52.514,80.361,26.667,27.101,26.593,321.0,335.0,344.0,83.17508417508418,33.49641447244441,0.21212121212121213,0.06397306397306397,0.11447811447811448,6.632996632996633,7,10938.700336700336,1130.4350249834565,12402,346,263.4074074074074,74,67.70857923263269,0.39730639730639733,0.4511784511784512,0.1111111111111111,0.04040404040404041,0.21212121212121213,297,28.0,Ferrari,Charles LECLERC,Italy,Monza,Monza
7775,10,11,2023-03-18 17:30:19.275,89.722,32.632,28.544,28.546,288.0,314.0,328.0,80.7080745341615,35.974140894585126,0.7236024844720497,0.13043478260869565,0.10559006211180125,6.077639751552795,6,10669.503105590062,926.4944389866516,11872,329,246.8198757763975,92,60.239748233821786,0.2080745341614907,0.577639751552795,0.20186335403726707,0.012422360248447204,0.2639751552795031,322,30.0,Alpine,Pierre GASLY,Saudi Arabia,Jeddah,Jeddah
7775,14,3,2023-03-18 17:11:11.882,89.404,32.509,28.231,28.664,290.0,321.0,327.0,80.71884057971015,34.921495326820406,0.25217391304347825,0.1072463768115942,0.10434782608695652,6.478260869565218,6,10754.495652173913,1005.9238670442119,12080,327,246.8695652173913,89,60.90464168822345,0.2144927536231884,0.5710144927536231,0.19710144927536233,0.017391304347826087,0.25507246376811593,345,38.0,Aston Martin,Fernando ALONSO,Saudi Arabia,Jeddah,Jeddah
9074,16,10,2023-05-06 20:31:28.761,87.514,29.35,33.225,24.939,224.0,195.0,331.0,73.21212121212122,36.77133611415992,0.07272727272727272,0.06666666666666667,0.1606060606060606,5.63939393939394,7,10350.006060606062,1373.3786151793138,11838,334,221.0,72,80.9419094484876,0.19393939393939394,0.42727272727272725,0.2878787878787879,0.09090909090909091,0.21515151515151515,330,35.0,Ferrari,Charles LECLERC,United States,Miami,Miami
7775,31,19,2023-03-18 17:49:55.480,89.285,32.409,28.334,28.542,289.0,320.0,326.0,81.49704142011835,35.74383377509887,0.7071005917159763,0.13313609467455623,0.14497041420118342,6.091715976331361,6,10629.576923076924,965.1073255610651,11788,329,248.27218934911244,85,59.39609431204102,0.21005917159763313,0.5857988165680473,0.1863905325443787,0.01775147928994083,0.2514792899408284,338,37.0,Alpine,Esteban OCON,Saudi Arabia,Jeddah,Jeddah
9161,2,8,2023-09-16 13:16:04.574,93.252,27.263,39.523,26.466,311.0,279.0,300.0,61.75748502994012,43.22194124593829,0.4940119760479042,0.23652694610778444,0.20958083832335328,5.008982035928144,7,9844.464071856288,1610.9723241060422,12409,314,186.80838323353294,67,67.3635142538858,0.05089820359281437,0.38023952095808383,0.47305389221556887,0.09580838323353294,0.19161676646706588,334,53.0,Williams,Logan SARGEANT,Singapore,Singapore,Marina Bay
9161,4,5,2023-09-16 13:09:17.222,92.483,27.087,39.334,26.062,310.0,278.0,302.0,62.84149855907781,43.058378251302294,0.24495677233429394,0.2507204610951009,0.21613832853025935,4.665706051873199,7,10289.175792507205,1305.169785288353,12390,313,189.63112391930835,66,66.21830213145354,0.04899135446685879,0.3976945244956772,0.4553314121037464,0.09798270893371758,0.17002881844380405,347,55.0,McLaren,Lando NORRIS,Singapore,Singapore,Marina Bay
9161,10,11,2023-09-16 14:06:30.942,92.274,27.178,39.074,26.022,307.0,277.0,299.0,66.22346368715084,42.76809076834348,0.5363128491620112,0.24581005586592178,0.19273743016759776,4.628491620111732,7,10148.220670391062,1412.1256853298064,12041,310,193.10335195530726,71,65.94644240627274,0.04189944134078212,0.4245810055865922,0.4441340782122905,0.0893854748603352,0.2011173184357542,358,52.0,Alpine,Pierre GASLY,Singapore,Singapore,Marina Bay
9177,3,11,2023-10-28 21:50:03.200,77.382,27.599,29.846,19.937,311.0,294.0,341.0,60.95593220338983,43.66089281757807,0.48135593220338985,0.2711864406779661,0.2271186440677966,4.928813559322034,7,9849.681355932204,1757.452901457587,12431,342,195.95593220338984,64,82.84721671082305,0.16271186440677965,0.3016949152542373,0.4067796610169492,0.1288135593220339,0.2745762711864407,295,31.0,AlphaTauri,Daniel RICCIARDO,Mexico,Mexico City,Mexico City
9177,10,2,2023-10-28 21:02:08.919,79.773,28.3,30.881,20.592,307.0,288.0,336.0,59.759075907590756,43.38390966344864,0.45544554455445546,0.264026402640264,0.2508250825082508,4.584158415841584,7,9968.712871287129,1546.0067360397045,11802,337,191.7095709570957,64,80.88693855390537,0.13861386138613863,0.31353135313531355,0.40924092409240925,0.13861386138613863,0.25742574257425743,303,38.0,Alpine,Pierre GASLY,Mexico,Mexico City,Mexico City
7768,22,11,2023-03-04 15:38:13.630,92.72,29.661,39.899,23.16,238.0,268.0,316.0,71.01388888888889,41.813717763324526,0.5972222222222222,0.225,0.17777777777777778,5.125,7,10507.680555555555,1396.4556709206668,12368,318,209.89166666666668,64,68.94333337800104,0.07222222222222222,0.5138888888888888,0.3277777777777778,0.08611111111111111,0.2222222222222222,360,51.0,AlphaTauri,Yuki TSUNODA,Bahrain,Sakhir,Sakhir
7768,24,5,2023-03-04 15:23:58.708,91.615,29.212,39.338,23.065,239.0,269.0,317.0,70.84900284900284,41.46499374346635,0.5982905982905983,0.21367521367521367,0.16809116809116809,5.527065527065527,7,10072.97435897436,1550.2235827400887,11972,320,210.18233618233617,66,69.73280290784102,0.07692307692307693,0.5185185185185185,0.3076923076923077,0.09686609686609686,0.22507122507122507,351,47.0,Alfa Romeo,ZHOU Guanyu,Bahrain,Sakhir,Sakhir
9153,55,2,2023-09-02 14:05:31.878,82.321,27.45,27.716,27.155,323.0,339.0,344.0,77.44660194174757,38.58337106198238,0.6245954692556634,0.12297734627831715,0.1715210355987055,6.407766990291262,7,10696.430420711975,1513.4318936126747,12252,345,251.80258899676375,61,76.13826618521672,0.37216828478964403,0.3818770226537217,0.19093851132686085,0.05501618122977346,0.20711974110032363,309,31.0,Ferrari,Carlos SAINZ,Italy,Monza,Monza
9153,63,14,2023-09-02 14:39:11.418,81.382,27.124,27.501,26.757,318.0,331.0,336.0,80.05940594059406,37.419977784523994,0.7491749174917491,0.11551155115511551,0.11551155115511551,6.590759075907591,6,10932.788778877888,1385.7810340898752,12391,338,255.8976897689769,70,69.6829106811905,0.38283828382838286,0.43564356435643564,0.1419141914191419,0.039603960396039604,0.19471947194719472,303,32.0,Mercedes,George RUSSELL,Italy,Monza,Monza
9064,63,13,2023-04-28 13:54:19.984,102.007,36.029,41.01,24.968,223.0,237.0,315.0,71.64229765013054,41.619442533523014,0.6318537859007833,0.20887728459530025,0.18276762402088773,5.511749347258486,6,10269.992167101827,1524.149563726816,12241,333,211.84073107049608,78,78.6480543422414,0.185378590078329,0.3681462140992167,0.3785900783289817,0.06788511749347259,0.1462140992167102,383,49.0,Mercedes,George RUSSELL,Azerbaijan,Baku,Baku
9064,81,13,2023-04-28 13:54:37.124,102.228,36.0,41.22,25.008,217.0,241.0,315.0,67.97150259067358,42.229142597140246,0.0,0.21243523316062177,0.18911917098445596,5.251295336787565,7,10410.616580310882,1181.598667504773,12006,331,210.48704663212436,74,80.7723823707854,0.21243523316062177,0.3238341968911917,0.39896373056994816,0.06476683937823834,0.15025906735751296,386,60.0,McLaren,Oscar PIASTRI,Azerbaijan,Baku,Baku
9193,31,8,2023-11-25 14:29:16.342,85.058,17.322,36.49,31.246,291.0,321.0,327.0,74.06012658227849,39.25399009523267,0.6170886075949367,0.17088607594936708,0.15822784810126583,5.430379746835443,7,10305.259493670887,1250.546141925274,11799,328,220.29430379746836,70,69.4903814229524,0.13291139240506328,0.4778481012658228,0.3512658227848101,0.0379746835443038,0.2088607594936709,316,38.0,Alpine,Esteban OCON,United Arab Emirates,Yas Marina Circuit,Yas Island
9090,1,2,2023-05-27 14:03:00.949,73.784,19.334,34.92,19.53,208.0,198.0,281.0,52.42662116040955,45.5320778221752,0.4129692832764505,0.3242320819112628,0.25597269624573377,3.8737201365187715,7,9649.317406143346,1733.499360389257,12068,288,161.21843003412968,45,67.15882882620564,0.0,0.310580204778157,0.4402730375426621,0.24914675767918087,0.06825938566552901,293,39.0,Red Bull Racing,Max VERSTAPPEN,Monaco,Monte Carlo,Monaco
9090,1,8,2023-05-27 14:22:08.780,72.644,19.006,34.44,19.198,217.0,201.0,282.0,54.20503597122302,45.419954303319905,0.4244604316546763,0.3237410071942446,0.2733812949640288,3.884892086330935,7,9709.809352517985,1715.8102430738454,12059,288,163.40287769784172,46,68.56204541224935,0.0,0.33093525179856115,0.4172661870503597,0.2517985611510791,0.07194244604316546,278,37.0,Red Bull Racing,Max VERSTAPPEN,Monaco,Monte Carlo,Monaco
9090,1,29,2023-05-27 15:10:04.060,71.365,18.642,33.902,18.821,217.0,202.0,281.0,57.1412213740458,45.41970198901276,0.45038167938931295,0.29770992366412213,0.2366412213740458,3.9923664122137406,7,9939.557251908396,1658.345527178898,12344,290,169.26335877862596,46,68.43849010709533,0.0,0.3549618320610687,0.4198473282442748,0.22519083969465647,0.08778625954198473,262,38.0,Red Bull Racing,Max VERSTAPPEN,Monaco,Monte Carlo,Monaco
9090,10,7,2023-05-27 14:20:17.828,73.033,19.268,34.422,19.343,220.0,197.0,281.0,53.853479853479854,45.348898228806895,0.42124542124542125,0.326007326007326,0.23076923076923078,3.7142857142857144,7,9841.234432234432,1567.5187809602166,12262,288,162.06227106227107,48,66.9353820693099,0.0,0.32234432234432236,0.4249084249084249,0.25274725274725274,0.08424908424908426,273,41.0,Alpine,Pierre GASLY,Monaco,Monte Carlo,Monaco
9090,18,15,2023-05-27 14:40:09.596,73.09,19.013,34.499,19.578,220.0,199.0,280.0,50.78888888888889,44.89239371687293,0.037037037037037035,0.3333333333333333,0.32222222222222224,4.122222222222222,8,9506.077777777778,1732.3932276026042,11938,288,160.44444444444446,48,68.48136714173418,0.0,0.31851851851851853,0.4148148148148148,0.26666666666666666,0.07407407407407407,270,51.0,Aston Martin,Lance STROLL,Monaco,Monte Carlo,Monaco
9090,24,12,2023-05-27 14:27:07.292,73.523,19.07,34.772,19.681,213.0,201.0,280.0,53.74551971326165,44.634604921221495,0.4014336917562724,0.3154121863799283,0.27598566308243727,3.903225806451613,7,9685.698924731183,1746.7681531817739,12319,289,160.9784946236559,45,68.87873482719287,0.0,0.34050179211469533,0.3906810035842294,0.26881720430107525,0.08602150537634409,279,43.0,Alfa Romeo,ZHOU Guanyu,Monaco,Monte Carlo,Monaco
9193,22,17,2023-11-25 14:58:49.374,83.968,17.268,36.131,30.569,289.0,318.0,322.0,76.69508196721311,38.003576814997174,0.6622950819672131,0.15081967213114755,0.13442622950819672,5.478688524590164,7,10630.432786885245,1152.0514124014703,12205,324,224.05573770491804,69,68.32757911194714,0.1377049180327869,0.5049180327868853,0.3180327868852459,0.03934426229508197,0.22295081967213115,305,43.0,AlphaTauri,Yuki TSUNODA,United Arab Emirates,Yas Marina Circuit,Yas Island
7768,4,12,2023-03-04 15:47:02.511,91.381,29.235,39.21,22.936,240.0,267.0,320.0,71.37463976945244,41.168036342186575,0.590778097982709,0.19596541786743515,0.19020172910662825,5.285302593659942,7,10499.887608069164,1220.2363679590635,12290,321,212.985590778098,67,68.41346012210091,0.07780979827089338,0.5417867435158501,0.29971181556195964,0.08069164265129683,0.2334293948126801,347,48.0,McLaren,Lando NORRIS,Bahrain,Sakhir,Sakhir
7768,14,11,2023-03-04 15:46:57.448,90.645,29.012,38.987,22.646,241.0,267.0,320.0,69.23615160349854,40.97624014586466,0.014577259475218658,0.20116618075801748,0.18950437317784258,5.635568513119534,7,10164.67055393586,1443.8556809478046,11857,322,211.82507288629736,58,69.7467747346534,0.0728862973760933,0.5364431486880467,0.29737609329446063,0.09329446064139942,0.22157434402332363,343,53.0,Aston Martin,Fernando ALONSO,Bahrain,Sakhir,Sakhir
9161,55,10,2023-09-16 13:55:44.126,91.893,26.989,38.689,26.215,313.0,280.0,303.0,65.46153846153847,40.88489874091589,0.09971509971509972,0.14814814814814814,0.23076923076923078,5.0085470085470085,7,10077.28205128205,1614.107508436538,12201,315,192.35897435897436,66,67.4239628710058,0.05128205128205128,0.396011396011396,0.45584045584045585,0.09686609686609686,0.19373219373219372,351,47.0,Ferrari,Carlos SAINZ,Singapore,Singapore,Marina Bay
9161,63,2,2023-09-16 13:05:40.397,92.478,27.135,39.138,26.205,308.0,278.0,299.0,64.25070422535211,42.492960112319615,0.48732394366197185,0.23098591549295774,0.21690140845070421,4.974647887323943,6,10026.061971830986,1665.4793787736896,12209,312,189.49295774647888,66,66.51444625369784,0.03943661971830986,0.4084507042253521,0.4591549295774648,0.09295774647887324,0.19436619718309858,355,51.0,Mercedes,George RUSSELL,Singapore,Singapore,Marina Bay
9161,63,5,2023-09-16 13:17:26.025,92.331,27.218,38.946,26.167,309.0,277.0,299.0,65.29344729344729,42.34115778593734,0.5042735042735043,0.22792022792022792,0.20797720797720798,5.022792022792022,6,10030.350427350428,1637.6047769291736,12178,311,189.8860398860399,69,65.63325467203435,0.042735042735042736,0.4074074074074074,0.46153846153846156,0.08831908831908832,0.18518518518518517,351,48.0,Mercedes,George RUSSELL,Singapore,Singapore,Marina Bay
7775,18,2,2023-03-18 17:09:17.352,90.351,32.939,28.63,28.782,289.0,317.0,320.0,81.29970326409496,34.30269364901758,0.04154302670623145,0.09792284866468842,0.14540059347181009,6.4094955489614245,6,10791.445103857566,960.9782299489293,11894,324,244.7507418397626,82,61.155224592701394,0.20474777448071216,0.5727002967359051,0.20771513353115728,0.01483679525222552,0.258160237388724,337,42.0,Aston Martin,Lance STROLL,Saudi Arabia,Jeddah,Jeddah
7775,21,4,2023-03-18 17:06:34.338,90.564,33.033,28.633,28.898,288.0,322.0,325.0,0.0,0.0,0.0,1.0,0.0,0.0,1,0.0,0.0,0,0,0.0,0,0.0,0.0,0.0,0.0,1.0,0.0,325,0.0,AlphaTauri,Nyck DE VRIES,Saudi Arabia,Jeddah,Jeddah
9161,31,2,2023-09-16 13:08:01.645,92.911,27.265,39.296,26.35,306.0,276.0,298.0,65.0677966101695,42.725965623659064,0.5,0.2457627118644068,0.2401129943502825,4.621468926553672,7,9966.457627118643,1434.5978953800666,11842,309,189.47457627118644,67,65.79921108188468,0.03672316384180791,0.4124293785310734,0.4576271186440678,0.09322033898305085,0.1864406779661017,354,50.0,Alpine,Esteban OCON,Singapore,Singapore,Marina Bay
9161,40,11,2023-09-16 13:56:28.531,92.507,27.288,38.876,26.343,304.0,275.0,296.0,66.22191011235955,42.76063310975208,0.5196629213483146,0.25,0.21629213483146068,4.73876404494382,7,10048.511235955057,1565.1287405581957,12248,307,190.50842696629215,68,65.3451718039059,0.03089887640449438,0.4157303370786517,0.46629213483146065,0.08707865168539326,0.19382022471910113,356,48.0,AlphaTauri,Liam LAWSON,Singapore,Singapore,Marina Bay
9215,18,2,2023-10-06 17:02:23.604,87.928,32.384,29.839,25.705,235.0,287.0,319.0,68.96706586826348,40.15767114419582,0.041916167664670656,0.12574850299401197,0.16167664670658682,5.766467065868263,6,10547.08982035928,1101.141367048933,12082,320,220.4760479041916,87,56.21412592136254,0.07784431137724551,0.5718562874251497,0.3263473053892216,0.023952095808383235,0.10479041916167664,334,35.0,Aston Martin,Lance STROLL,Qatar,Lusail,Lusail
9112,1,6,2023-06-30 15:14:15.204,65.116,16.44,29.07,19.606,323.0,247.0,317.0,74.1900826446281,41.404554853889486,0.6776859504132231,0.1652892561983471,0.1652892561983471,6.0,7,10614.94214876033,989.2137814209016,11856,325,238.43801652892563,69,65.10233152117902,0.1859504132231405,0.5702479338842975,0.2024793388429752,0.04132231404958678,0.35537190082644626,242,33.0,Red Bull Racing,Max VERSTAPPEN,Austria,Spielberg,Spielberg
9112,1,14,2023-06-30 15:32:42.107,64.955,16.497,28.933,19.525,322.0,247.0,317.0,74.92338709677419,40.46788822196057,0.6733870967741935,0.14919354838709678,0.16532258064516128,6.064516129032258,7,10644.532258064517,994.189474650487,12083,324,240.44758064516128,69,65.77434490410614,0.20967741935483872,0.5564516129032258,0.1975806451612903,0.036290322580645164,0.3629032258064516,248,35.0,Red Bull Racing,Max VERSTAPPEN,Austria,Spielberg,Spielberg
9112,10,11,2023-06-30 15:36:46.930,65.308,16.516,29.124,19.668,322.0,247.0,314.0,75.20481927710843,40.25345878831846,0.6746987951807228,0.1646586345381526,0.1606425702811245,5.63855421686747,7,10677.301204819278,1076.538625847717,12095,323,233.58634538152612,68,64.76472287386565,0.1646586345381526,0.5783132530120482,0.20883534136546184,0.04819277108433735,0.3293172690763052,249,30.0,Alpine,Pierre GASLY,Austria,Spielberg,Spielberg
9112,10,14,2023-06-30 15:45:16.109,65.084,16.398,29.028,19.658,322.0,249.0,315.0,76.86345381526104,39.265502251407874,0.6947791164658634,0.1606425702811245,0.13654618473895583,5.78714859437751,7,10645.341365461847,1033.4724390100055,11986,323,238.21686746987953,68,65.39360631284455,0.20481927710843373,0.5502008032128514,0.19678714859437751,0.04819277108433735,0.357429718875502,249,30.0,Alpine,Pierre GASLY,Austria,Spielberg,Spielberg
9112,14,6,2023-06-30 15:13:44.861,65.655,16.571,29.267,19.817,318.0,246.0,313.0,76.816,39.07060522657775,0.524,0.168,0.164,6.26,7,10667.788,1083.1662566819834,11844,319,237.876,66,62.83410797089419,0.172,0.592,0.196,0.04,0.34,250,36.0,Aston Martin,Fernando ALONSO,Austria,Spielberg,Spielberg
9161,20,17,2023-09-16 14:18:09.649,92.396,27.076,39.142,26.178,310.0,278.0,301.0,65.12790697674419,41.92838445506492,0.28488372093023256,0.22965116279069767,0.2005813953488372,4.8226744186046515,7,10322.052325581395,1357.2874134163644,12107,314,190.7325581395349,64,66.6748210711166,0.04941860465116279,0.39825581395348836,0.4622093023255814,0.09011627906976744,0.18604651162790697,344,49.0,Haas F1 Team,Kevin MAGNUSSEN,Singapore,Singapore,Marina Bay
9207,3,8,2023-10-20 21:29:16.615,95.974,25.817,38.686,31.471,229.0,186.0,316.0,68.41369863013699,41.55476102061419,0.5506849315068493,0.21095890410958903,0.1780821917808219,5.073972602739726,7,10183.920547945205,1490.371792149483,12592,318,203.52328767123288,75,69.90663027349044,0.07123287671232877,0.4849315068493151,0.3452054794520548,0.09863013698630137,0.16986301369863013,365,44.0,AlphaTauri,Daniel RICCIARDO,United States,Austin,Austin
9064,22,6,2023-04-28 13:39:34.338,102.723,36.115,41.198,25.41,228.0,243.0,314.0,69.65394402035624,43.09028657255626,0.6157760814249363,0.23918575063613232,0.20610687022900764,5.099236641221374,7,10531.01272264631,1429.554953345144,12842,337,210.1908396946565,75,79.77242322827782,0.19592875318066158,0.3384223918575064,0.39185750636132316,0.0737913486005089,0.15267175572519084,393,54.0,AlphaTauri,Yuki TSUNODA,Azerbaijan,Baku,Baku
9064,44,2,2023-04-28 13:01:58.723,103.676,36.718,41.888,25.07,209.0,238.0,313.0,69.64795918367346,41.92263665199394,0.5943877551020408,0.16581632653061223,0.20153061224489796,5.548469387755102,7,10183.637755102041,1565.9212715029241,12469,332,209.41071428571428,74,78.87454629795623,0.1836734693877551,0.34438775510204084,0.4005102040816326,0.07142857142857142,0.15306122448979592,392,53.0,Mercedes,Lewis HAMILTON,Azerbaijan,Baku,Baku
9207,20,2,2023-10-20 21:08:16.395,97.138,26.193,39.016,31.929,228.0,183.0,327.0,66.12777777777778,42.359455381638575,0.5444444444444444,0.23333333333333334,0.21388888888888888,5.272222222222222,7,10143.697222222223,1545.1954830286707,12158,329,203.22222222222223,68,73.4805267103668,0.09722222222222222,0.44722222222222224,0.33611111111111114,0.11944444444444445,0.15555555555555556,360,44.0,Haas F1 Team,Kevin MAGNUSSEN,United States,Austin,Austin
7768,31,14,2023-03-04 16:07:03.880,90.984,29.026,39.104,22.854,242.0,270.0,320.0,71.72507552870091,41.30646665468106,0.6072507552870091,0.1903323262839879,0.1903323262839879,5.193353474320242,7,10261.888217522659,1360.744627772701,12006,321,212.7764350453172,69,70.42798720966046,0.08761329305135952,0.5317220543806647,0.2930513595166163,0.08761329305135952,0.24471299093655588,331,44.0,Alpine,Esteban OCON,Bahrain,Sakhir,Sakhir
7768,44,2,2023-03-04 15:15:19.701,91.543,29.062,39.442,23.039,244.0,271.0,321.0,69.19942196531792,42.13694856592628,0.5635838150289018,0.21676300578034682,0.18786127167630057,5.644508670520231,7,10170.739884393064,1643.5384737670274,12188,323,210.19653179190752,67,70.73835512992505,0.09248554913294797,0.5028901734104047,0.3179190751445087,0.08670520231213873,0.22832369942196531,346,48.0,Mercedes,Lewis HAMILTON,Bahrain,Sakhir,Sakhir
7768,63,8,2023-03-04 15:38:19.848,91.086,29.075,39.208,22.803,243.0,270.0,319.0,70.64387464387464,41.78107857222606,0.6068376068376068,0.20797720797720798,0.21367521367521367,5.6581196581196584,7,10252.669515669515,1656.6420888254797,12242,321,212.04843304843305,63,70.92438985362568,0.10256410256410256,0.5042735042735043,0.301994301994302,0.09116809116809117,0.22792022792022792,351,47.0,Mercedes,George RUSSELL,Bahrain,Sakhir,Sakhir
7768,77,8,2023-03-04 15:37:54.989,92.17,29.404,39.613,23.153,239.0,268.0,317.0,70.63687150837988,41.71722848044783,0.6005586592178771,0.19273743016759776,0.19832402234636873,5.5083798882681565,7,10096.673184357542,1629.5486054727662,12239,320,208.83798882681563,67,69.04475476565715,0.07541899441340782,0.5307262569832403,0.3016759776536313,0.09217877094972067,0.22625698324022347,358,43.0,Alfa Romeo,Valtteri BOTTAS,Bahrain,Sakhir,Sakhir
9153,23,17,2023-09-02 14:51:45.378,80.872,26.697,27.363,26.812,322.0,337.0,346.0,78.03257328990227,38.36587170890282,0.6970684039087948,0.1237785016286645,0.13680781758957655,6.504885993485342,7,10979.374592833876,1249.3061419627413,12728,347,254.15635179153094,70,73.83793627740354,0.38762214983713356,0.3973941368078176,0.16286644951140064,0.05211726384364821,0.1791530944625407,307,31.0,Williams,Alexander ALBON,Italy,Monza,Monza
9169,27,5,2023-09-23 06:29:16.960,91.299,31.773,41.298,18.228,282.0,306.0,304.0,72.78851963746223,39.55407485327972,0.6042296072507553,0.1148036253776435,0.16314199395770393,5.873111782477341,7,10462.812688821752,1354.839908228797,12077,332,227.55287009063443,69,66.59133224088858,0.16314199395770393,0.5498489425981873,0.21148036253776434,0.0755287009063444,0.09063444108761329,331,32.0,Haas F1 Team,Nico HULKENBERG,Japan,Suzuka,Suzuka
9169,44,8,2023-09-23 06:43:19.107,91.222,31.939,41.096,18.187,279.0,303.0,301.0,74.75375375375376,36.5739804726513,0.5735735735735735,0.09009009009009009,0.12612612612612611,6.156156156156156,6,10430.564564564565,1282.8780659571817,12389,324,228.24324324324326,75,62.943972440243414,0.15915915915915915,0.5465465465465466,0.23723723723723725,0.057057057057057055,0.09009009009009009,333,35.0,Mercedes,Lewis HAMILTON,Japan,Suzuka,Suzuka
9169,63,5,2023-09-23 06:29:54.600,90.811,31.77,40.879,18.162,279.0,304.0,300.0,76.7934131736527,34.83288053108784,0.6077844311377245,0.10179640718562874,0.12275449101796407,5.997005988023952,7,10632.077844311378,1224.6197963342408,12184,324,230.16467065868264,69,64.15774345616207,0.15568862275449102,0.5688622754491018,0.2125748502994012,0.06287425149700598,0.09580838323353294,334,39.0,Mercedes,George RUSSELL,Japan,Suzuka,Suzuka
9215,77,20,2023-10-06 17:58:20.436,85.058,31.433,28.605,25.02,242.0,285.0,309.0,75.8140243902439,37.54881249166973,0.6067073170731707,0.13719512195121952,0.13414634146341464,5.728658536585366,6,10823.865853658537,876.9499166210428,12285,312,228.7560975609756,95,51.74202320903343,0.06707317073170732,0.6524390243902439,0.2682926829268293,0.012195121951219513,0.11585365853658537,328,34.0,Alfa Romeo,Valtteri BOTTAS,Qatar,Lusail,Lusail
9074,20,8,2023-05-06 20:15:21.903,87.809,29.34,33.451,25.018,224.0,191.0,336.0,70.17737003058105,40.68620425125608,0.39143730886850153,0.15902140672782875,0.18654434250764526,5.620795107033639,7,10336.036697247706,1561.3390976307128,12074,340,220.21406727828747,69,82.88921972301308,0.22324159021406728,0.37920489296636084,0.308868501529052,0.08868501529051988,0.21100917431192662,327,32.0,Haas F1 Team,Kevin MAGNUSSEN,United States,Miami,Miami
9074,20,17,2023-05-06 20:50:56.037,87.767,29.339,33.453,24.975,224.0,192.0,333.0,69.88923076923076,40.46519661081775,0.3507692307692308,0.16923076923076924,0.1723076923076923,5.615384615384615,7,10305.058461538461,1532.132023258817,12069,337,217.86461538461538,70,81.67509486133322,0.2,0.39384615384615385,0.3230769230769231,0.08307692307692308,0.22153846153846155,325,32.0,Haas F1 Team,Kevin MAGNUSSEN,United States,Miami,Miami
9074,23,14,2023-05-06 20:37:52.395,87.991,29.456,33.509,25.026,224.0,192.0,336.0,69.04191616766467,41.37238104622928,0.562874251497006,0.20059880239520958,0.18862275449101795,5.880239520958084,6,10238.104790419162,1631.3556894136825,12379,337,222.95209580838323,71,82.44756698593778,0.23053892215568864,0.38922155688622756,0.3023952095808383,0.07784431137724551,0.23952095808383234,334,33.0,Williams,Alexander ALBON,United States,Miami,Miami
9074,24,15,2023-05-06 20:35:19.069,88.091,29.408,33.521,25.162,223.0,192.0,328.0,69.0828402366864,40.90844088362811,0.5650887573964497,0.1952662721893491,0.16568047337278108,5.668639053254438,6,10102.491124260356,1614.8127069589232,11850,332,217.07692307692307,74,81.33230366944024,0.1893491124260355,0.41124260355029585,0.3106508875739645,0.08875739644970414,0.21301775147928995,338,33.0,Alfa Romeo,ZHOU Guanyu,United States,Miami,Miami
9177,63,9,2023-10-28 21:28:31.354,78.352,27.712,30.213,20.427,310.0,293.0,340.0,59.09830508474576,43.78519572257764,0.44745762711864406,0.27796610169491526,0.22372881355932203,5.061016949152543,7,9873.745762711864,1937.930381369441,12536,341,194.464406779661,64,84.38785933796103,0.16271186440677965,0.29152542372881357,0.3864406779661017,0.15932203389830507,0.2677966101694915,295,30.0,Mercedes,George RUSSELL,Mexico,Mexico City,Mexico City
9064,16,20,2023-04-28 14:24:37.650,100.203,35.224,40.191,24.788,237.0,245.0,317.0,72.45918367346938,39.780965096219546,0.41836734693877553,0.03826530612244898,0.1989795918367347,5.341836734693878,7,10366.09693877551,1318.6406201873203,11991,334,210.98469387755102,79,79.65125244315263,0.21683673469387754,0.3239795918367347,0.4030612244897959,0.05612244897959184,0.16326530612244897,392,55.0,Ferrari,Charles LECLERC,Azerbaijan,Baku,Baku
9169,11,5,2023-09-23 06:28:56.257,90.693,31.627,41.008,18.058,281.0,304.0,303.0,72.75443786982248,39.99082306982148,0.621301775147929,0.11834319526627218,0.1390532544378698,5.77810650887574,6,10420.30177514793,1408.754286109489,11950,331,229.38757396449705,72,65.88503222468836,0.16863905325443787,0.5502958579881657,0.21893491124260356,0.0621301775147929,0.09763313609467456,338,32.0,Red Bull Racing,Sergio PEREZ,Japan,Suzuka,Suzuka
9169,11,8,2023-09-23 06:43:35.701,90.334,31.297,40.913,18.124,283.0,306.0,305.0,71.37689969604864,40.80266551990865,0.6200607902735562,0.1337386018237082,0.15501519756838905,5.8419452887537995,6,10211.978723404256,1482.3690137204726,11942,334,227.49544072948328,74,67.25040219213072,0.16109422492401215,0.5440729483282675,0.22188449848024316,0.0729483282674772,0.0972644376899696,329,33.0,Red Bull Racing,Sergio PEREZ,Japan,Suzuka,Suzuka
9314,81,2,2023-11-18 08:03:20.113,95.755,27.556,31.833,36.366,182.0,212.0,339.0,70.28099173553719,41.760145782903166,0.008264462809917356,0.20110192837465565,0.16804407713498623,5.75206611570248,6,10393.190082644629,1460.0821155711642,12058,343,228.9917355371901,89,83.76751858016944,0.30303030303030304,0.31955922865013775,0.325068870523416,0.05234159779614325,0.15702479338842976,363,41.0,McLaren,Oscar PIASTRI,United States,Las Vegas,Las Vegas
9314,81,6,2023-11-18 08:10:34.761,94.85,26.884,31.669,36.297,182.0,211.0,340.0,72.83240223463687,39.83031038073179,0.027932960893854747,0.1787709497206704,0.13966480446927373,5.896648044692737,6,10423.40502793296,1455.8953180876538,12137,344,232.91061452513966,88,85.25826868998374,0.329608938547486,0.32122905027932963,0.2849162011173184,0.06424581005586592,0.164804469273743,358,36.0,McLaren,Oscar PIASTRI,United States,Las Vegas,Las Vegas
9207,44,2,2023-10-20 21:06:37.271,96.742,25.917,38.695,32.13,236.0,187.0,316.0,67.85555555555555,40.71007926801481,0.5305555555555556,0.16111111111111112,0.18055555555555555,5.469444444444444,6,9968.894444444444,1716.2291193023136,12471,317,201.76944444444445,74,70.39114482579097,0.075,0.46111111111111114,0.3638888888888889,0.1,0.16944444444444445,360,36.0,Mercedes,Lewis HAMILTON,United States,Austin,Austin
9207,77,8,2023-10-20 21:17:21.108,96.082,25.777,38.622,31.683,225.0,192.0,323.0,66.5,42.672761678090716,0.5451977401129944,0.18361581920903955,0.2033898305084746,5.296610169491525,6,10080.632768361582,1598.2344333208357,12316,324,202.62429378531073,78,71.43401700108018,0.08757062146892655,0.4745762711864407,0.3220338983050847,0.11581920903954802,0.1638418079096045,354,42.0,Alfa Romeo,Valtteri BOTTAS,United States,Austin,Austin
9112,22,6,2023-06-30 15:16:03.046,65.784,16.6,29.332,19.852,318.0,245.0,313.0,75.28163265306122,41.05951135526769,0.689795918367347,0.1673469387755102,0.1469387755102041,5.946938775510204,7,10672.151020408162,1063.3197809725734,12341,320,237.41632653061225,64,64.33358041036989,0.17142857142857143,0.5795918367346938,0.20408163265306123,0.044897959183673466,0.3551020408163265,245,32.0,AlphaTauri,Yuki TSUNODA,Austria,Spielberg,Spielberg
9112,23,5,2023-06-30 15:13:31.846,66.113,16.636,29.491,19.986,322.0,243.0,316.0,73.08949416342412,40.62562218918937,0.6303501945525292,0.1556420233463035,0.16342412451361868,6.284046692607004,6,10528.863813229573,1297.2537552843946,12011,324,234.90661478599222,70,66.53663695766558,0.19066147859922178,0.5369649805447471,0.22957198443579765,0.042801556420233464,0.3346303501945525,257,32.0,Williams,Alexander ALBON,Austria,Spielberg,Spielberg
9112,24,5,2023-06-30 15:14:32.407,65.972,16.537,29.458,19.977,324.0,247.0,317.0,74.13389121338912,40.67021061457016,0.6569037656903766,0.18828451882845187,0.16736401673640167,6.00418410041841,7,10514.682008368201,1124.7008637456606,11831,326,232.79916317991632,68,67.06012477941898,0.17573221757322174,0.5564853556485355,0.21338912133891214,0.05439330543933055,0.32217573221757323,239,35.0,Alfa Romeo,ZHOU Guanyu,Austria,Spielberg,Spielberg
9193,1,11,2023-11-25 14:49:53.883,83.445,17.151,35.894,30.4,291.0,324.0,328.0,74.94888178913737,39.657394228754214,0.6645367412140575,0.14057507987220447,0.14696485623003194,5.738019169329074,7,10470.194888178914,1157.2742415824337,11932,329,226.87859424920129,67,67.81884302914936,0.14696485623003194,0.5143769968051118,0.30990415335463256,0.02875399361022364,0.21405750798722045,313,38.0,Red Bull Racing,Max VERSTAPPEN,United Arab Emirates,Yas Marina Circuit,Yas Island
9193,4,2,2023-11-25 14:06:38.601,84.368,17.183,36.546,30.639,290.0,320.0,321.0,71.10759493670886,40.7564326122475,0.11075949367088607,0.17405063291139242,0.15822784810126583,5.680379746835443,7,10353.04746835443,1273.565244759858,11955,323,221.38924050632912,68,69.11474524911382,0.12658227848101267,0.4873417721518987,0.34177215189873417,0.04430379746835443,0.19936708860759494,316,36.0,McLaren,Lando NORRIS,United Arab Emirates,Yas Marina Circuit,Yas Island
9193,14,2,2023-11-25 14:07:35.178,85.207,17.411,36.844,30.952,289.0,319.0,322.0,72.53054662379421,40.30286389436037,0.1157556270096463,0.18006430868167203,0.16720257234726688,5.762057877813505,7,10507.623794212219,1219.4596330843972,12054,324,221.62057877813504,63,68.9498000721287,0.12861736334405144,0.4983922829581994,0.33440514469453375,0.03858520900321544,0.20257234726688103,311,45.0,Aston Martin,Fernando ALONSO,United Arab Emirates,Yas Marina Circuit,Yas Island
7768,77,11,2023-03-04 15:46:49.401,91.443,29.235,39.327,22.881,240.0,268.0,318.0,72.5821325648415,41.110467607217856,0.6340057636887608,0.1988472622478386,0.1873198847262248,5.593659942363113,6,10179.440922190202,1635.1361078371744,12070,320,212.95965417867436,69,68.96961371549811,0.06628242074927954,0.5504322766570605,0.29394812680115273,0.0893371757925072,0.2420749279538905,347,39.0,Alfa Romeo,Valtteri BOTTAS,Bahrain,Sakhir,Sakhir
9129,3,2,2023-07-22 14:02:04.190,80.807,28.801,29.084,22.922,280.0,244.0,295.0,64.02649006622516,43.30690092858305,0.5099337748344371,0.26490066225165565,0.1986754966887417,4.78476821192053,6,10232.082781456953,1329.9601984033538,12412,305,194.43708609271522,89,57.8743140609527,0.023178807947019868,0.4370860927152318,0.4900662251655629,0.04966887417218543,0.16556291390728478,302,35.0,AlphaTauri,Daniel RICCIARDO,Hungary,Hungaroring,Budapest
9314,2,17,2023-11-18 08:38:29.263,93.733,26.649,31.245,35.839,186.0,214.0,347.0,72.84254143646409,41.27550919004114,0.6657458563535912,0.1850828729281768,0.1574585635359116,6.00828729281768,6,10644.201657458563,1656.144540073412,12905,350,235.82044198895028,90,84.99055395988421,0.3314917127071823,0.3287292817679558,0.27624309392265195,0.06353591160220995,0.16298342541436464,362,39.0,Williams,Logan SARGEANT,United States,Las Vegas,Las Vegas
9314,10,20,2023-11-18 08:50:10.610,93.767,26.797,31.041,35.929,186.0,215.0,342.0,76.30681818181819,39.3224258248798,0.6875,0.1590909090909091,0.13920454545454544,5.869318181818182,6,10409.301136363636,1381.885851779783,12072,349,237.3380681818182,93,82.72889803132169,0.3465909090909091,0.32386363636363635,0.29829545454545453,0.03125,0.17329545454545456,352,36.0,Alpine,Pierre GASLY,United States,Las Vegas,Las Vegas
9314,11,13,2023-11-18 08:33:30.706,93.855,26.627,31.043,36.185,186.0,216.0,345.0,73.37941176470588,40.737379495354524,0.6705882352941176,0.15588235294117647,0.16470588235294117,5.976470588235294,6,10471.117647058823,1432.8433469555575,12234,346,237.5794117647059,92,81.30351844629698,0.32941176470588235,0.35294117647058826,0.26176470588235295,0.05588235294117647,0.1588235294117647,340,38.0,Red Bull Racing,Sergio PEREZ,United States,Las Vegas,Las Vegas
9314,14,8,2023-11-18 08:16:47.708,94.422,26.749,31.625,36.048,188.0,215.0,343.0,73.88338192419825,39.55059441214134,0.26822157434402333,0.16909620991253643,0.16034985422740525,6.026239067055394,7,10646.125364431487,1465.0890714088955,12670,344,234.58892128279882,86,83.72659903325274,0.33819241982507287,0.3236151603498542,0.27696793002915454,0.061224489795918366,0.17201166180758018,343,44.0,Aston Martin,Fernando ALONSO,United States,Las Vegas,Las Vegas
9064,2,2,2023-04-28 13:02:35.019,103.847,36.93,42.017,24.9,206.0,228.0,318.0,65.64690721649484,44.085851946300885,0.5721649484536082,0.25,0.2190721649484536,5.22680412371134,7,10229.899484536083,1599.7984523250886,12576,337,204.23453608247422,70,81.5498398234872,0.2036082474226804,0.29381443298969073,0.42010309278350516,0.08247422680412371,0.14432989690721648,388,58.0,Williams,Logan SARGEANT,Azerbaijan,Baku,Baku
9064,4,11,2023-04-28 14:01:29.526,101.631,35.762,40.833,25.036,212.0,242.0,313.0,68.91863517060368,42.25238945875659,0.13910761154855644,0.22572178477690288,0.18635170603674542,5.2493438320209975,7,10445.02624671916,1177.0176671498957,12377,328,209.8241469816273,78,78.52346645309233,0.18635170603674542,0.34120734908136485,0.42782152230971127,0.04461942257217848,0.15748031496062992,381,54.0,McLaren,Lando NORRIS,Azerbaijan,Baku,Baku
9314,24,4,2023-11-18 08:05:54.673,95.55,27.331,31.859,36.36,186.0,216.0,331.0,71.14366197183098,41.54351313655625,0.6225352112676056,0.19718309859154928,0.17183098591549295,5.892957746478873,6,10379.808450704226,1496.351877268961,12533,353,230.57746478873239,86,86.02566000906494,0.3126760563380282,0.3295774647887324,0.28169014084507044,0.07605633802816901,0.14929577464788732,355,45.0,Alfa Romeo,ZHOU Guanyu,United States,Las Vegas,Las Vegas
9090,31,17,2023-05-27 14:43:03.562,72.412,19.004,34.2,19.208,214.0,203.0,280.0,56.6542750929368,44.14869919077429,0.40892193308550184,0.30111524163568776,0.29739776951672864,3.866171003717472,7,9719.71375464684,1610.308136545157,11931,286,165.7806691449814,46,67.69036339513545,0.0,0.35315985130111527,0.40892193308550184,0.2379182156133829,0.07434944237918216,269,40.0,Alpine,Esteban OCON,Monaco,Monte Carlo,Monaco
9090,44,2,2023-05-27 14:02:45.887,74.433,19.592,35.223,19.618,215.0,197.0,280.0,53.06849315068493,44.116007261431456,0.3732876712328767,0.2773972602739726,0.2636986301369863,3.9075342465753424,7,9616.493150684932,1825.0771701297654,12197,287,156.6917808219178,46,67.13335603372155,0.0,0.2910958904109589,0.4349315068493151,0.273972602739726,0.07534246575342465,292,39.0,Mercedes,Lewis HAMILTON,Monaco,Monte Carlo,Monaco
9169,20,2,2023-09-23 06:05:54.820,91.557,31.989,41.239,18.329,280.0,307.0,306.0,72.59705882352941,38.835018905478336,0.45588235294117646,0.15,0.14705882352941177,5.929411764705883,7,10392.097058823529,1256.164365780063,12052,335,227.6529411764706,71,66.84025439690619,0.1588235294117647,0.5441176470588235,0.22647058823529412,0.07058823529411765,0.08823529411764706,340,30.0,Haas F1 Team,Kevin MAGNUSSEN,Japan,Suzuka,Suzuka
9169,23,8,2023-09-23 06:41:14.265,91.557,32.268,41.172,18.117,283.0,309.0,308.0,68.77777777777777,40.4571260425039,0.5384615384615384,0.15384615384615385,0.16524216524216523,5.954415954415954,7,10524.205128205129,1317.395900176631,12444,333,226.98290598290598,73,67.62678880519586,0.17094017094017094,0.50997150997151,0.24786324786324787,0.07122507122507123,0.10826210826210826,351,34.0,Williams,Alexander ALBON,Japan,Suzuka,Suzuka
9215,16,2,2023-10-06 17:03:42.056,86.444,32.074,29.25,25.12,242.0,288.0,317.0,73.55389221556887,37.40278810969495,0.46706586826347307,0.041916167664670656,0.15868263473053892,5.7844311377245505,6,10485.751497005987,1062.3501008893502,11934,318,223.73353293413174,92,55.024790602730064,0.0688622754491018,0.5808383233532934,0.32934131736526945,0.020958083832335328,0.10479041916167664,334,34.0,Ferrari,Charles LECLERC,Qatar,Lusail,Lusail
9074,55,4,2023-05-06 20:09:55.659,88.13,29.712,33.304,25.114,225.0,195.0,331.0,72.51840490797547,37.709798341894064,0.009202453987730062,0.1196319018404908,0.17177914110429449,5.644171779141105,7,10273.340490797545,1487.369358923043,12290,335,219.33435582822085,67,81.35983804565086,0.19938650306748465,0.4171779141104294,0.29754601226993865,0.08588957055214724,0.22085889570552147,326,33.0,Ferrari,Carlos SAINZ,United States,Miami,Miami
9074,63,2,2023-05-06 20:02:45.307,89.88,30.233,34.215,25.432,217.0,188.0,334.0,67.56456456456456,41.37719025112624,0.5495495495495496,0.2132132132132132,0.1831831831831832,5.51951951951952,7,10177.549549549549,1671.465470950452,12341,336,213.40540540540542,65,83.34455031421747,0.19519519519519518,0.38738738738738737,0.3033033033033033,0.11411411411411411,0.21621621621621623,333,35.0,Mercedes,George RUSSELL,United States,Miami,Miami
9074,63,17,2023-05-06 20:50:29.069,87.804,29.364,33.32,25.12,218.0,194.0,336.0,70.003003003003,40.59946127739936,0.5675675675675675,0.19519519519519518,0.18018018018018017,5.657657657657658,7,10330.816816816818,1559.907820710549,12357,337,217.24624624624624,66,81.88928405349873,0.2012012012012012,0.37537537537537535,0.34534534534534533,0.07807807807807808,0.21621621621621623,333,36.0,Mercedes,George RUSSELL,United States,Miami,Miami
9074,77,2,2023-05-06 20:02:09.495,89.964,30.501,34.138,25.325,222.0,191.0,332.0,68.13505747126437,40.99661377380914,0.5459770114942529,0.16954022988505746,0.21551724137931033,5.640804597701149,6,9934.520114942528,1808.2679413518954,12317,336,212.56034482758622,64,83.2568978848834,0.1896551724137931,0.3936781609195402,0.28735632183908044,0.12931034482758622,0.20977011494252873,348,30.0,Alfa Romeo,Valtteri BOTTAS,United States,Miami,Miami
9153,1,8,2023-09-02 14:14:13.497,81.722,27.154,27.599,26.969,321.0,336.0,340.0,79.11182108626198,38.064262727570714,0.7252396166134185,0.14057507987220447,0.12779552715654952,6.39297124600639,7,10757.287539936102,1104.937552072,12022,341,255.02875399361022,70,71.83846599280152,0.3738019169329074,0.41533546325878595,0.16293929712460065,0.04792332268370607,0.19808306709265175,313,31.0,Red Bull Racing,Max VERSTAPPEN,Italy,Monza,Monza
9153,4,4,2023-09-02 14:06:17.252,82.457,27.527,27.807,27.123,317.0,329.0,333.0,75.25503355704699,39.71127351191681,0.013422818791946308,0.15436241610738255,0.1174496644295302,6.345637583892618,7,10697.5,1192.1373563608247,12186,335,250.5234899328859,66,72.17595259665025,0.348993288590604,0.44966442953020136,0.1476510067114094,0.053691275167785234,0.20469798657718122,298,32.0,McLaren,Lando NORRIS,Italy,Monza,Monza
9153,4,11,2023-09-02 14:28:39.644,81.581,27.128,27.461,26.992,319.0,333.0,340.0,77.0,38.21224050844605,0.006472491909385114,0.1423948220064725,0.11974110032362459,6.359223300970874,7,10793.57928802589,1100.1306995957339,12322,341,253.38834951456312,70,71.4857037305465,0.3656957928802589,0.4336569579288026,0.15210355987055016,0.04854368932038835,0.1941747572815534,309,31.0,McLaren,Lando NORRIS,Italy,Monza,Monza
9153,14,4,2023-09-02 14:08:52.516,82.043,27.132,27.763,27.148,321.0,336.0,340.0,79.24161073825503,37.34598469020414,0.6879194630872483,0.11073825503355705,0.1174496644295302,6.402684563758389,7,10916.828859060402,1291.038329115429,12551,341,250.9765100671141,69,74.78118102564851,0.3691275167785235,0.3926174496644295,0.18120805369127516,0.05704697986577181,0.19798657718120805,298,38.0,Aston Martin,Fernando ALONSO,Italy,Monza,Monza
9153,14,15,2023-09-02 14:51:20.597,81.417,26.91,27.59,26.917,319.0,335.0,344.0,80.7532894736842,37.17945494936376,0.7401315789473685,0.11513157894736842,0.13157894736842105,6.5493421052631575,7,10973.703947368422,1174.5659845226091,12657,345,255.42434210526315,70,70.0527443878212,0.3651315789473684,0.4407894736842105,0.14802631578947367,0.046052631578947366,0.19736842105263158,304,37.0,Aston Martin,Fernando ALONSO,Italy,Monza,Monza
9129,55,5,2023-07-22 14:08:03.546,79.168,28.402,28.382,22.384,283.0,244.0,304.0,63.79037800687285,40.50543654692069,0.037800687285223365,0.15120274914089346,0.2542955326460481,5.116838487972508,6,10178.993127147767,1248.5233539945675,12204,316,196.87972508591065,93,59.072334103841584,0.044673539518900345,0.42955326460481097,0.5051546391752577,0.020618556701030927,0.15120274914089346,291,37.0,Ferrari,Carlos SAINZ,Hungary,Hungaroring,Budapest
7775,55,19,2023-03-18 17:50:09.089,89.322,32.625,28.276,28.421,290.0,325.0,329.0,79.67469879518072,35.4779565393938,0.29518072289156627,0.07530120481927711,0.13855421686746988,6.298192771084337,6,10726.385542168675,1035.6889188886628,11987,330,245.0632530120482,84,63.67904016356803,0.22289156626506024,0.5481927710843374,0.20783132530120482,0.02108433734939759,0.25903614457831325,332,37.0,Ferrari,Carlos SAINZ,Saudi Arabia,Jeddah,Jeddah
7775,77,12,2023-03-18 17:26:53.199,90.011,32.741,28.533,28.737,289.0,319.0,328.0,82.67857142857143,34.73564497721243,0.75,0.11904761904761904,0.13095238095238096,6.354166666666667,6,10717.33630952381,1094.4255182133193,12103,329,247.1220238095238,92,60.65872227578468,0.20833333333333334,0.5744047619047619,0.20238095238095238,0.01488095238095238,0.2619047619047619,336,30.0,Alfa Romeo,Valtteri BOTTAS,Saudi Arabia,Jeddah,Jeddah
7775,77,17,2023-03-18 17:38:35.504,89.668,32.591,28.533,28.544,287.0,320.0,328.0,82.16272189349112,34.60039151319025,0.7189349112426036,0.11538461538461539,0.1390532544378698,6.35207100591716,6,10723.399408284024,1089.3068945998614,12128,329,246.9378698224852,94,59.932050922633124,0.20710059171597633,0.5710059171597633,0.21597633136094674,0.005917159763313609,0.2603550295857988,338,33.0,Alfa Romeo,Valtteri BOTTAS,Saudi Arabia,Jeddah,Jeddah
7775,81,22,2023-03-18 17:58:35.990,89.243,32.426,28.272,28.545,287.0,313.0,316.0,80.34534534534535,36.05531582238691,0.0,0.10510510510510511,0.12312312312312312,6.1741741741741745,6,10801.02102102102,965.1522491372108,12148,319,244.26426426426426,92,57.89320102684576,0.18618618618618618,0.5945945945945946,0.2042042042042042,0.015015015015015015,0.24324324324324326,333,32.0,McLaren,Oscar PIASTRI,Saudi Arabia,Jeddah,Jeddah
7775,81,20,2023-03-18 17:54:47.336,89.71,32.61,28.419,28.681,285.0,314.0,320.0,79.79036827195468,35.10707999901406,0.0,0.10764872521246459,0.11898016997167139,6.215297450424929,6,10784.070821529745,929.351373315659,12091,322,245.9971671388102,95,57.71415153501473,0.20396600566572237,0.5835694050991501,0.20113314447592068,0.0113314447592068,0.26062322946175637,353,34.0,McLaren,Oscar PIASTRI,Saudi Arabia,Jeddah,Jeddah
9161,1,2,2023-09-16 13:03:04.650,92.862,27.348,39.244,26.27,305.0,276.0,300.0,63.60830860534124,43.041380170158334,0.5014836795252225,0.2344213649851632,0.21364985163204747,4.801186943620178,7,9991.830860534124,1507.7621064083614,12207,307,190.6646884272997,66,66.12040581286529,0.04451038575667656,0.4094955489614243,0.4540059347181009,0.09198813056379822,0.16913946587537093,337,48.0,Red Bull Racing,Max VERSTAPPEN,Singapore,Singapore,Marina Bay
9177,3,8,2023-10-28 21:38:20.942,77.706,27.569,30.052,20.085,311.0,294.0,353.0,62.43402777777778,43.190637556890195,0.4930555555555556,0.2534722222222222,0.2013888888888889,4.934027777777778,7,9845.965277777777,1836.9945057406053,12588,355,196.17708333333334,65,85.13334424457206,0.1597222222222222,0.3055555555555556,0.3958333333333333,0.1388888888888889,0.2708333333333333,288,30.0,AlphaTauri,Daniel RICCIARDO,Mexico,Mexico City,Mexico City
9177,14,2,2023-10-28 21:03:11.825,79.604,28.072,30.926,20.606,309.0,290.0,343.0,59.20198675496689,43.05889803929762,0.34105960264900664,0.25496688741721857,0.2185430463576159,4.930463576158941,7,10045.28476821192,1919.8342047653907,12641,344,193.45364238410596,57,83.15431859485517,0.152317880794702,0.2980132450331126,0.40728476821192056,0.1423841059602649,0.271523178807947,302,38.0,Aston Martin,Fernando ALONSO,Mexico,Mexico City,Mexico City
9153,40,11,2023-09-02 14:28:56.206,81.915,26.965,27.685,27.265,320.0,337.0,346.0,79.91558441558442,37.66342479660855,0.7272727272727273,0.1590909090909091,0.1331168831168831,6.298701298701299,7,10843.461038961039,1161.0588738624813,12368,347,255.36363636363637,70,72.89350745491032,0.38311688311688313,0.38636363636363635,0.18506493506493507,0.045454545454545456,0.21103896103896103,308,31.0,AlphaTauri,Liam LAWSON,Italy,Monza,Monza
9153,55,16,2023-09-02 14:51:38.003,80.532,26.72,27.135,26.677,323.0,338.0,347.0,80.8013029315961,36.101385896614815,0.40716612377850164,0.10097719869706841,0.13355048859934854,6.537459283387622,6,10924.853420195439,1294.2614524130413,12417,349,259.4592833876221,70,71.2681634007603,0.3941368078175896,0.43973941368078173,0.12052117263843648,0.04560260586319218,0.19543973941368079,307,29.0,Ferrari,Carlos SAINZ,Italy,Monza,Monza
9153,63,20,2023-09-02 14:59:43.857,80.671,26.889,27.159,26.623,319.0,333.0,338.0,81.27687296416939,36.26308489548847,0.755700325732899,0.10749185667752444,0.14006514657980457,6.6612377850162865,6,10974.309446254072,1395.5127593277048,12523,341,258.7361563517915,68,70.42934689554022,0.3941368078175896,0.42671009771986973,0.13355048859934854,0.04560260586319218,0.20846905537459284,307,34.0,Mercedes,George RUSSELL,Italy,Monza,Monza
9153,81,12,2023-09-02 14:28:49.956,81.745,27.225,27.479,27.041,320.0,332.0,339.0,76.71061093247589,38.6630587622263,0.1639871382636656,0.14469453376205788,0.1189710610932476,6.459807073954984,7,10789.128617363343,1048.2512024339449,11996,341,255.34083601286173,68,70.16078013374886,0.36977491961414793,0.4565916398713826,0.12218649517684887,0.05144694533762058,0.1864951768488746,311,30.0,McLaren,Oscar PIASTRI,Italy,Monza,Monza
9064,77,18,2023-04-28 14:05:47.038,102.263,35.825,41.287,25.151,219.0,225.0,314.0,70.39432989690722,41.99792869033524,0.6082474226804123,0.20618556701030927,0.20103092783505155,5.47680412371134,6,10173.801546391753,1530.385107770412,12311,332,210.48711340206185,77,80.13884810518144,0.2036082474226804,0.327319587628866,0.3943298969072165,0.07474226804123711,0.18298969072164947,388,47.0,Alfa Romeo,Valtteri BOTTAS,Azerbaijan,Baku,Baku
9064,81,16,2023-04-28 14:02:02.275,102.165,36.039,41.083,25.043,211.0,237.0,315.0,68.44010416666667,42.222110154395466,0.0,0.21354166666666666,0.19791666666666666,5.263020833333333,7,10406.075520833334,1147.8149303725538,12065,331,209.63020833333334,73,79.53759131588326,0.20572916666666666,0.328125,0.40625,0.059895833333333336,0.1640625,384,59.0,McLaren,Oscar PIASTRI,Azerbaijan,Baku,Baku
9193,55,2,2023-11-25 14:07:21.912,84.818,17.425,36.484,30.909,287.0,322.0,326.0,73.54248366013071,38.26139379054054,0.13398692810457516,0.15359477124183007,0.14705882352941177,5.741830065359477,7,10438.437908496731,1243.8258527099806,12097,328,222.02941176470588,67,69.28990500347473,0.13725490196078433,0.49019607843137253,0.33986928104575165,0.032679738562091505,0.21568627450980393,306,36.0,Ferrari,Carlos SAINZ,United Arab Emirates,Yas Marina Circuit,Yas Island
9090,2,7,2023-05-27 14:18:46.501,73.794,19.286,34.797,19.711,215.0,198.0,283.0,53.70318021201413,44.53236400362209,0.4169611307420495,0.31802120141342755,0.2826855123674912,3.8798586572438163,7,9757.936395759718,1796.1762112208698,12501,289,161.48409893992934,43,67.89950538381017,0.0,0.31802120141342755,0.4381625441696113,0.24381625441696114,0.0812720848056537,283,42.0,Williams,Logan SARGEANT,Monaco,Monte Carlo,Monaco
9090,4,4,2023-05-27 14:05:27.994,73.485,19.256,34.793,19.436,216.0,201.0,282.0,50.69090909090909,44.4734287632386,0.06545454545454546,0.3418181818181818,0.23636363636363636,3.84,7,9687.28,1672.3974524113926,12591,289,159.38181818181818,45,68.14521069897498,0.0,0.3090909090909091,0.4218181818181818,0.2690909090909091,0.03636363636363636,275,40.0,McLaren,Lando NORRIS,Monaco,Monte Carlo,Monaco
9090,10,9,2023-05-27 14:23:15.279,73.664,19.328,34.661,19.675,209.0,200.0,282.0,53.47970479704797,45.02952275910252,0.41697416974169743,0.33948339483394835,0.24723247232472326,3.726937269372694,7,9668.250922509225,1635.7571051886243,12158,288,161.2619926199262,46,66.65984405433376,0.0,0.3062730627306273,0.45387453874538747,0.23985239852398524,0.08118081180811808,271,38.0,Alpine,Pierre GASLY,Monaco,Monte Carlo,Monaco
9090,20,2,2023-05-27 14:02:56.637,74.34,19.535,35.107,19.698,216.0,198.0,280.0,52.108474576271185,44.45323648576924,0.38305084745762713,0.3152542372881356,0.2745762711864407,3.935593220338983,7,9549.471186440678,1725.262324040025,12266,287,158.3864406779661,46,67.49618144307854,0.0,0.2983050847457627,0.45084745762711864,0.25084745762711863,0.06440677966101695,295,38.0,Haas F1 Team,Kevin MAGNUSSEN,Monaco,Monte Carlo,Monaco
9090,21,2,2023-05-27 14:01:50.856,75.167,19.793,35.522,19.852,211.0,197.0,280.0,55.332142857142856,44.436984124889925,0.3964285714285714,0.33214285714285713,0.2571428571428571,3.7035714285714287,7,9620.525,1976.1071664823596,12700,287,156.45357142857142,42,68.71444721466065,0.0,0.29642857142857143,0.42857142857142855,0.275,0.075,280,38.0,AlphaTauri,Nyck DE VRIES,Monaco,Monte Carlo,Monaco
9090,23,7,2023-05-27 14:18:34.985,73.327,19.281,34.636,19.41,216.0,204.0,282.0,50.471014492753625,44.269208182989665,0.35507246376811596,0.33695652173913043,0.29347826086956524,3.902173913043478,7,9703.202898550724,1769.846210717634,12313,288,159.66304347826087,43,67.66719798982714,0.0,0.3115942028985507,0.42391304347826086,0.2644927536231884,0.08333333333333333,276,38.0,Williams,Alexander ALBON,Monaco,Monte Carlo,Monaco
9090,23,12,2023-05-27 14:27:30.995,72.706,18.989,34.507,19.21,218.0,202.0,283.0,53.9136690647482,44.87334474718631,0.4064748201438849,0.32014388489208634,0.26618705035971224,3.949640287769784,7,9820.226618705035,1822.7605563900845,12669,289,163.11870503597123,43,68.6305728763433,0.0,0.33093525179856115,0.4172661870503597,0.2517985611510791,0.07553956834532374,278,40.0,Williams,Alexander ALBON,Monaco,Monte Carlo,Monaco
9090,23,15,2023-05-27 14:40:34.752,72.825,19.076,34.518,19.231,215.0,204.0,281.0,53.0735294117647,44.99973470244736,0.39338235294117646,0.33088235294117646,0.2867647058823529,4.014705882352941,7,9799.452205882353,1770.603077965219,12881,287,163.34558823529412,44,67.7363979811506,0.0,0.33088235294117646,0.4264705882352941,0.2426470588235294,0.08455882352941177,272,39.0,Williams,Alexander ALBON,Monaco,Monte Carlo,Monaco
9193,22,14,2023-11-25 14:50:14.914,84.27,17.306,36.235,30.729,289.0,319.0,322.0,75.02564102564102,39.66304194957663,0.657051282051282,0.16666666666666666,0.1346153846153846,5.490384615384615,7,10635.653846153846,1167.6368536126377,12122,324,223.46153846153845,68,68.6983606347024,0.1282051282051282,0.5096153846153846,0.3269230769230769,0.035256410256410256,0.21794871794871795,312,38.0,AlphaTauri,Yuki TSUNODA,United Arab Emirates,Yas Marina Circuit,Yas Island
9193,23,11,2023-11-25 14:35:11.586,84.439,17.18,36.33,30.929,294.0,321.0,325.0,71.10126582278481,40.97148677496749,0.6012658227848101,0.17721518987341772,0.15822784810126583,5.908227848101266,7,10378.772151898735,1267.8271045249244,11977,327,223.06012658227849,66,71.94000713987671,0.1360759493670886,0.4873417721518987,0.3322784810126582,0.04430379746835443,0.21518987341772153,316,40.0,Williams,Alexander ALBON,United Arab Emirates,Yas Marina Circuit,Yas Island
7775,21,7,2023-03-18 17:13:45.521,90.562,33.296,28.591,28.675,287.0,321.0,325.0,0.0,0.0,0.0,1.0,0.0,0.0,1,0.0,0.0,0,0,0.0,0,0.0,0.0,0.0,0.0,1.0,0.0,350,0.0,AlphaTauri,Nyck DE VRIES,Saudi Arabia,Jeddah,Jeddah
7775,22,2,2023-03-18 17:02:17.122,90.902,33.06,28.869,28.973,287.0,318.0,323.0,79.36887608069165,36.83641324342897,0.6772334293948127,0.13544668587896252,0.09510086455331412,5.933717579250721,6,10732.740634005764,1057.5642626001875,12135,324,239.29971181556195,89,61.53392856041744,0.1844380403458213,0.5648414985590778,0.2334293948126801,0.01729106628242075,0.22478386167146974,347,34.0,AlphaTauri,Yuki TSUNODA,Saudi Arabia,Jeddah,Jeddah
7775,24,4,2023-03-18 17:06:23.588,90.076,32.927,28.511,28.638,289.0,323.0,329.0,82.34482758620689,34.70713359718823,0.7272727272727273,0.12852664576802508,0.10344827586206896,6.307210031347962,6,10828.633228840125,975.2168313767702,12168,330,248.47335423197492,91,60.63540706268198,0.22884012539184953,0.5611285266457681,0.18808777429467086,0.0219435736677116,0.26959247648902823,319,38.0,Alfa Romeo,ZHOU Guanyu,Saudi Arabia,Jeddah,Jeddah
7775,27,4,2023-03-18 17:06:19.948,89.787,32.881,28.276,28.63,291.0,328.0,333.0,79.93396226415095,36.609095989549814,0.5408805031446541,0.11320754716981132,0.12578616352201258,6.345911949685535,6,10863.132075471698,1031.8944760150523,11918,334,249.47169811320754,78,62.79839168114284,0.24842767295597484,0.5345911949685535,0.1949685534591195,0.0220125786163522,0.2672955974842767,318,37.0,Haas F1 Team,Nico HULKENBERG,Saudi Arabia,Jeddah,Jeddah
9161,31,5,2023-09-16 13:17:04.948,92.369,27.191,39.004,26.174,309.0,277.0,299.0,64.72701149425288,42.32572561996252,0.48563218390804597,0.2413793103448276,0.25287356321839083,4.60632183908046,7,9990.235632183909,1416.0702052376669,11816,312,188.66379310344828,63,65.68533986060059,0.031609195402298854,0.4051724137931034,0.47988505747126436,0.08333333333333333,0.1896551724137931,348,51.0,Alpine,Esteban OCON,Singapore,Singapore,Marina Bay
9215,23,9,2023-10-06 17:17:49.510,86.118,31.839,29.255,25.024,242.0,288.0,321.0,70.0032154340836,40.134170011735115,0.5530546623794212,0.15434083601286175,0.17041800643086816,5.80064308681672,6,10802.922829581994,941.9786932524785,12160,322,226.00321543408361,93,54.937119385728835,0.07717041800643087,0.5916398713826366,0.3247588424437299,0.006430868167202572,0.10610932475884244,311,36.0,Williams,Alexander ALBON,Qatar,Lusail,Lusail
9161,16,17,2023-09-16 14:18:58.007,91.421,26.878,38.604,25.939,312.0,280.0,302.0,67.8012048192771,40.15532078148128,0.3373493975903614,0.12349397590361445,0.21084337349397592,4.97289156626506,7,10054.52108433735,1536.91230936707,12256,315,192.2710843373494,65,67.31455677717612,0.05120481927710843,0.40963855421686746,0.45180722891566266,0.08734939759036145,0.1927710843373494,332,49.0,Ferrari,Charles LECLERC,Singapore,Singapore,Marina Bay
9207,1,17,2023-10-20 21:58:46.095,94.718,25.477,38.095,31.146,238.0,186.0,324.0,69.15,42.318895756542325,0.6,0.17058823529411765,0.18529411764705883,5.2176470588235295,7,10173.05588235294,1419.8461464059478,12124,325,207.56764705882352,75,70.2144511955283,0.07941176470588235,0.5,0.3352941176470588,0.08529411764705883,0.1676470588235294,340,44.0,Red Bull Racing,Max VERSTAPPEN,United States,Austin,Austin
9207,4,13,2023-10-20 21:37:56.625,95.441,25.632,38.48,31.329,229.0,192.0,321.0,65.14754098360656,42.264400408403745,0.0,0.21584699453551912,0.18032786885245902,5.188524590163935,7,10257.915300546449,1345.568831564399,12211,323,205.8224043715847,74,71.66595753404576,0.09016393442622951,0.4890710382513661,0.319672131147541,0.10109289617486339,0.17486338797814208,366,45.0,McLaren,Lando NORRIS,United States,Austin,Austin
9064,23,10,2023-04-28 13:42:51.882,102.197,35.935,41.26,25.002,214.0,242.0,317.0,67.70157068062828,43.81876235740075,0.5942408376963351,0.24083769633507854,0.22774869109947643,5.452879581151833,7,10289.913612565446,1510.859474636101,12370,336,209.86387434554973,78,80.37737308213812,0.20418848167539266,0.3193717277486911,0.4162303664921466,0.060209424083769635,0.1649214659685864,382,54.0,Williams,Alexander ALBON,Azerbaijan,Baku,Baku
9064,23,13,2023-04-28 13:53:58.422,102.203,36.0,41.182,25.021,225.0,231.0,315.0,67.72845953002611,43.46515002239045,0.587467362924282,0.2349869451697128,0.22715404699738903,5.45953002610966,7,10250.399477806788,1468.3812666294173,12256,334,210.10182767624022,76,79.74030211876028,0.18276762402088773,0.36553524804177545,0.3785900783289817,0.0731070496083551,0.1462140992167102,383,55.0,Williams,Alexander ALBON,Azerbaijan,Baku,Baku
9064,24,8,2023-04-28 13:40:01.915,102.985,36.111,41.647,25.227,227.0,242.0,316.0,67.53400503778337,43.4901240075479,0.5894206549118388,0.22921914357682618,0.2141057934508816,5.3879093198992445,6,10021.49370277078,1570.2635074772597,11924,336,206.83879093198993,75,81.08020226007372,0.17884130982367757,0.345088161209068,0.3929471032745592,0.08312342569269521,0.13602015113350127,397,55.0,Alfa Romeo,ZHOU Guanyu,Azerbaijan,Baku,Baku
9169,81,10,2023-09-23 07:04:34.733,89.458,31.173,40.356,17.929,282.0,307.0,304.0,72.0210843373494,38.50918407386946,0.009036144578313253,0.12951807228915663,0.12349397590361445,5.867469879518072,7,10611.256024096385,1157.133771728044,12064,330,231.66265060240963,73,65.94294468919617,0.1716867469879518,0.5662650602409639,0.19879518072289157,0.06325301204819277,0.10542168674698796,332,32.0,McLaren,Oscar PIASTRI,Japan,Suzuka,Suzuka
9207,22,2,2023-10-20 21:08:33.770,96.915,26.094,39.048,31.773,232.0,184.0,319.0,66.55153203342618,42.59058032666987,0.532033426183844,0.23676880222841226,0.181058495821727,5.061281337047354,7,10160.044568245125,1504.56439926235,12528,320,201.7158774373259,79,69.35776852282221,0.06963788300835655,0.479108635097493,0.34540389972144847,0.10584958217270195,0.16991643454038996,359,44.0,AlphaTauri,Yuki TSUNODA,United States,Austin,Austin
9207,23,2,2023-10-20 21:07:46.849,96.993,25.933,38.942,32.118,230.0,189.0,320.0,62.98300283286119,42.83404477858405,0.5014164305949008,0.22662889518413598,0.21529745042492918,5.317280453257791,6,10102.739376770538,1638.2871200019792,12490,322,202.17847025495752,76,72.30070091869824,0.09348441926345609,0.4475920679886686,0.34560906515580736,0.11331444759206799,0.16997167138810199,353,40.0,Williams,Alexander ALBON,United States,Austin,Austin
9207,27,2,2023-10-20 21:08:07.005,96.235,25.901,38.491,31.843,234.0,190.0,326.0,66.98591549295774,42.415117280842715,0.571830985915493,0.14084507042253522,0.18591549295774648,5.301408450704225,7,10197.18309859155,1472.8718143933777,11986,329,206.11267605633802,73,72.46693173300419,0.10140845070422536,0.4647887323943662,0.3211267605633803,0.11267605633802817,0.17464788732394365,355,45.0,Haas F1 Team,Nico HULKENBERG,United States,Austin,Austin
7768,27,10,2023-03-04 15:37:45.896,91.932,29.43,39.521,22.981,241.0,270.0,316.0,69.98319327731092,41.74433619523827,0.27170868347338933,0.21288515406162464,0.18487394957983194,5.464985994397759,7,10237.770308123248,1574.6604103004568,12341,320,211.61344537815125,63,69.67993955233723,0.0784313725490196,0.5238095238095238,0.29971988795518206,0.09803921568627451,0.23809523809523808,357,47.0,Haas F1 Team,Nico HULKENBERG,Bahrain,Sakhir,Sakhir
9153,23,14,2023-09-02 14:38:44.949,81.416,26.999,27.449,26.968,319.0,332.0,341.0,78.30067567567568,37.88994946853791,0.7027027027027027,0.11824324324324324,0.13175675675675674,6.527027027027027,7,10929.33445945946,1236.4076831466684,12626,342,253.83445945945945,69,72.33924055292965,0.38175675675675674,0.40878378378378377,0.16216216216216217,0.0472972972972973,0.19594594594594594,296,29.0,Williams,Alexander ALBON,Italy,Monza,Monza
9153,27,12,2023-09-02 14:29:03.721,81.776,27.154,27.621,27.001,319.0,334.0,340.0,79.51623376623377,37.23982137265158,0.6948051948051948,0.1396103896103896,0.1266233766233766,6.422077922077922,7,10780.11038961039,1244.4644103212431,12296,343,253.60714285714286,74,71.9662756769231,0.3538961038961039,0.44155844155844154,0.14935064935064934,0.05519480519480519,0.19480519480519481,308,30.0,Haas F1 Team,Nico HULKENBERG,Italy,Monza,Monza
9169,31,11,2023-09-23 06:52:48.101,90.586,31.501,40.932,18.153,284.0,307.0,308.0,74.18805970149253,38.88803027820489,0.5970149253731343,0.15522388059701492,0.16417910447761194,5.767164179104477,7,10331.071641791044,1202.3290624836468,11897,333,231.80298507462686,73,66.71785702608014,0.1761194029850746,0.5462686567164179,0.20597014925373133,0.07164179104477612,0.10149253731343283,335,36.0,Alpine,Esteban OCON,Japan,Suzuka,Suzuka
9169,44,5,2023-09-23 06:30:50.584,90.811,31.639,40.897,18.275,279.0,302.0,301.0,74.64117647058823,36.6988149571727,0.5735294117647058,0.09117647058823529,0.1411764705882353,6.123529411764705,6,10342.979411764705,1348.8894228553727,11928,325,226.3764705882353,73,64.5059694423795,0.14705882352941177,0.55,0.23823529411764705,0.06470588235294118,0.09705882352941177,340,31.0,Mercedes,Lewis HAMILTON,Japan,Suzuka,Suzuka
9169,55,4,2023-09-23 06:24:19.870,90.651,31.671,40.87,18.11,281.0,303.0,301.0,74.7,36.32845086406645,0.2235294117647059,0.08235294117647059,0.18235294117647058,6.108823529411764,6,10323.644117647058,1368.6440482430978,12029,330,231.15882352941176,75,64.48903827480203,0.1588235294117647,0.5558823529411765,0.22941176470588234,0.05588235294117647,0.10294117647058823,340,28.0,Ferrari,Carlos SAINZ,Japan,Suzuka,Suzuka
9215,31,23,2023-10-06 17:58:54.951,84.763,31.437,28.638,24.688,240.0,285.0,315.0,72.91823899371069,40.05862715455149,0.5943396226415094,0.18238993710691823,0.20754716981132076,5.512578616352202,6,10562.411949685535,931.7066275694043,12192,317,227.1823899371069,95,53.24496751693078,0.0660377358490566,0.6320754716981132,0.29245283018867924,0.009433962264150943,0.10062893081761007,318,32.0,Alpine,Esteban OCON,Qatar,Lusail,Lusail
9215,44,17,2023-10-06 17:51:56.396,84.305,31.022,28.454,24.829,243.0,287.0,316.0,77.15189873417721,36.18009225732355,0.6392405063291139,0.04746835443037975,0.12974683544303797,5.949367088607595,6,10765.901898734177,954.6457000205963,12277,318,229.64240506329114,91,53.22985770841045,0.08227848101265822,0.6329113924050633,0.2721518987341772,0.012658227848101266,0.11708860759493671,316,33.0,Mercedes,Lewis HAMILTON,Qatar,Lusail,Lusail
9177,44,2,2023-10-28 21:05:24.573,78.677,27.684,30.494,20.499,310.0,292.0,344.0,59.123745819397996,42.16531946739553,0.4214046822742475,0.2040133779264214,0.23745819397993312,4.946488294314381,7,10008.257525083613,1854.0281315699924,12828,345,192.13377926421404,62,83.6961716994615,0.1505016722408027,0.3010033444816054,0.3879598662207358,0.1605351170568562,0.2608695652173913,299,33.0,Mercedes,Lewis HAMILTON,Mexico,Mexico City,Mexico City
9177,77,16,2023-10-28 21:57:43.773,78.032,27.483,30.073,20.476,315.0,294.0,343.0,62.600682593856654,42.611669564734434,0.48464163822525597,0.21160409556313994,0.22525597269624573,5.061433447098976,8,9975.201365187713,1762.4664993604822,12237,345,196.31399317406144,59,85.82343120975992,0.17406143344709898,0.2935153583617747,0.3924914675767918,0.13993174061433447,0.2832764505119454,293,30.0,Alfa Romeo,Valtteri BOTTAS,Mexico,Mexico City,Mexico City
9177,81,11,2023-10-28 21:39:06.332,81.925,27.585,30.525,23.815,315.0,260.0,348.0,49.777408637873755,43.139003480173926,0.0,0.3122923588039867,0.23255813953488372,4.707641196013289,7,9642.269102990032,1789.886436995985,12289,349,185.7607973421927,59,84.77084360023467,0.1362126245847176,0.28903654485049834,0.3953488372093023,0.17940199335548174,0.2159468438538206,301,31.0,McLaren,Oscar PIASTRI,Mexico,Mexico City,Mexico City
9177,81,14,2023-10-28 21:50:36.059,78.023,27.447,30.083,20.493,313.0,294.0,348.0,59.67567567567568,42.32580912618189,0.0,0.23986486486486486,0.20608108108108109,4.989864864864865,7,10087.503378378378,1608.4586937438185,12258,348,199.02364864864865,63,85.31331754603167,0.17905405405405406,0.2905405405405405,0.3885135135135135,0.14189189189189189,0.28378378378378377,296,32.0,McLaren,Oscar PIASTRI,Mexico,Mexico City,Mexico City
9064,14,19,2023-04-28 14:17:34.765,102.081,35.817,41.263,25.001,235.0,241.0,318.0,68.55415617128463,41.86414070388331,0.05793450881612091,0.1889168765743073,0.2040302267002519,5.420654911838791,7,10226.198992443326,1562.732847522653,12045,325,208.36020151133502,72,80.16283130723124,0.20151133501259447,0.3249370277078086,0.3954659949622166,0.07808564231738035,0.11083123425692695,397,61.0,Aston Martin,Fernando ALONSO,Azerbaijan,Baku,Baku
9064,16,7,2023-04-28 13:40:22.353,101.838,35.892,41.097,24.849,233.0,232.0,318.0,70.3493670886076,41.648937297664666,0.529113924050633,0.1670886075949367,0.21518987341772153,5.3164556962025316,7,10285.379746835442,1431.0179003285918,11997,337,210.19493670886075,75,80.8309006015924,0.21265822784810126,0.3189873417721519,0.4,0.06835443037974684,0.15443037974683543,395,56.0,Ferrari,Charles LECLERC,Azerbaijan,Baku,Baku
9064,18,10,2023-04-28 13:43:52.647,102.765,36.037,41.339,25.389,222.0,242.0,318.0,69.75578406169666,41.45665353578649,0.2699228791773779,0.19794344473007713,0.18508997429305912,5.4318766066838045,7,10246.473007712082,1533.257415263419,12314,335,209.16709511568124,74,80.98335928750024,0.20051413881748073,0.33161953727506427,0.3856041131105398,0.08226221079691516,0.15167095115681234,389,58.0,Aston Martin,Lance STROLL,Azerbaijan,Baku,Baku
9064,20,4,2023-04-28 13:05:58.579,103.417,36.39,41.541,25.486,216.0,235.0,315.0,70.79373368146214,41.72594158875456,0.6240208877284595,0.20887728459530025,0.195822454308094,5.357702349869451,6,10316.577023498694,1476.0946807323724,12242,335,209.18798955613576,76,78.80588625714933,0.18798955613577023,0.3472584856396867,0.402088772845953,0.06266318537859007,0.1462140992167102,383,48.0,Haas F1 Team,Kevin MAGNUSSEN,Azerbaijan,Baku,Baku
9064,22,2,2023-04-28 13:02:21.316,104.454,37.362,41.95,25.142,218.0,241.0,316.0,68.0694087403599,43.60634370418426,0.583547557840617,0.2519280205655527,0.2133676092544987,4.979434447300771,7,10399.167095115681,1472.3155583809328,12423,336,205.9228791773779,71,81.06872619541214,0.18251928020565553,0.3264781491002571,0.39845758354755784,0.09254498714652956,0.14652956298200515,389,58.0,AlphaTauri,Yuki TSUNODA,Azerbaijan,Baku,Baku
9129,24,18,2023-07-22 14:50:35.611,77.548,28.06,27.51,21.978,279.0,249.0,303.0,66.69594594594595,42.25758923454711,0.5202702702702703,0.22972972972972974,0.21283783783783783,5.226351351351352,6,10211.530405405405,1180.8276955297101,11963,314,201.5,97,58.79484584812761,0.0472972972972973,0.46283783783783783,0.4831081081081081,0.006756756756756757,0.15878378378378377,296,35.0,Alfa Romeo,ZHOU Guanyu,Hungary,Hungaroring,Budapest
9129,27,19,2023-07-22 14:57:54.981,77.186,27.947,27.455,21.784,281.0,253.0,301.0,67.06137184115524,42.21622896430124,0.5451263537906137,0.20577617328519857,0.20216606498194944,5.122743682310469,6,10492.407942238267,1163.865366022439,12157,312,202.82671480144404,96,59.049097794972695,0.05054151624548736,0.4548736462093863,0.48736462093862815,0.007220216606498195,0.1624548736462094,277,40.0,Haas F1 Team,Nico HULKENBERG,Hungary,Hungaroring,Budapest
9169,1,2,2023-09-23 06:05:22.101,89.878,31.228,40.656,17.994,282.0,306.0,306.0,74.38438438438439,39.518517803606606,0.6366366366366366,0.14714714714714713,0.13513513513513514,5.906906906906907,6,10314.567567567568,1403.6673520925501,11931,335,230.4984984984985,73,66.46072418492362,0.16816816816816818,0.5465465465465466,0.21621621621621623,0.06906906906906907,0.09309309309309309,333,31.0,Red Bull Racing,Max VERSTAPPEN,Japan,Suzuka,Suzuka
9169,10,2,2023-09-23 06:06:45.100,91.483,31.899,41.332,18.252,281.0,305.0,305.0,73.44699140401146,39.02755692143275,0.5902578796561605,0.1489971346704871,0.11461318051575932,5.638968481375358,7,10292.581661891118,1281.2017940722726,12248,329,227.6246418338109,72,66.60765696035092,0.16045845272206305,0.5472779369627507,0.22349570200573066,0.06876790830945559,0.10028653295128939,349,35.0,Alpine,Pierre GASLY,Japan,Suzuka,Suzuka
9169,11,17,2023-09-23 07:12:48.259,89.65,31.152,40.528,17.97,282.0,304.0,305.0,74.52134146341463,39.03835840479398,0.6554878048780488,0.10365853658536585,0.13414634146341464,5.875,6,10361.692073170732,1356.6507259987286,12044,333,230.27134146341464,70,65.15732197818818,0.1524390243902439,0.5579268292682927,0.22865853658536586,0.06097560975609756,0.10060975609756098,328,30.0,Red Bull Racing,Sergio PEREZ,Japan,Suzuka,Suzuka
9314,55,2,2023-11-18 08:02:57.895,96.352,27.711,32.163,36.478,181.0,211.0,333.0,71.69459459459459,40.31369168954984,0.581081081081081,0.16756756756756758,0.1837837837837838,5.905405405405405,6,10370.402702702702,1530.0368231547493,12314,346,229.66756756756757,88,85.44121278578463,0.3054054054054054,0.31891891891891894,0.3,0.07567567567567568,0.15405405405405406,370,43.0,Ferrari,Carlos SAINZ,United States,Las Vegas,Las Vegas
9090,81,2,2023-05-27 14:02:25.731,74.778,19.9,35.309,19.569,210.0,197.0,282.0,51.76923076923077,44.70436099574391,0.3741258741258741,0.3321678321678322,0.2692307692307692,3.835664335664336,7,9691.678321678322,1736.8714224908085,12375,289,159.76573426573427,49,67.41271950874128,0.0,0.3181818181818182,0.4160839160839161,0.26573426573426573,0.08041958041958042,286,37.0,McLaren,Oscar PIASTRI,Monaco,Monte Carlo,Monaco
9112,27,9,2023-06-30 15:22:39.899,65.74,16.481,29.238,20.021,323.0,244.0,318.0,75.18852459016394,40.119950183823484,0.6762295081967213,0.15163934426229508,0.15163934426229508,6.004098360655738,7,10743.258196721312,1127.234970144235,12560,325,235.99590163934425,66,66.19577510363126,0.18442622950819673,0.5573770491803278,0.21721311475409835,0.040983606557377046,0.3360655737704918,244,29.0,Haas F1 Team,Nico HULKENBERG,Austria,Spielberg,Spielberg
9112,63,14,2023-06-30 15:33:27.153,65.691,16.57,29.323,19.798,321.0,245.0,315.0,76.14634146341463,38.049738217196875,0.6666666666666666,0.12601626016260162,0.16666666666666666,6.09349593495935,7,10685.508130081302,1198.8381509522155,12243,323,233.1869918699187,67,64.98801768282202,0.17479674796747968,0.556910569105691,0.22357723577235772,0.044715447154471545,0.3333333333333333,246,33.0,Mercedes,George RUSSELL,Austria,Spielberg,Spielberg
9207,31,5,2023-10-20 21:08:48.895,96.561,25.808,38.858,31.895,229.0,191.0,324.0,66.84122562674095,42.245688347670516,0.5236768802228412,0.22562674094707522,0.2200557103064067,5.072423398328691,7,9861.57660167131,1548.7231609205235,11887,325,202.983286908078,75,71.82730491300295,0.0807799442896936,0.4735376044568245,0.33147632311977715,0.11420612813370473,0.181058495821727,359,49.0,Alpine,Esteban OCON,United States,Austin,Austin
9112,23,11,2023-06-30 15:39:07.475,65.387,16.346,29.358,19.683,326.0,245.0,319.0,73.90336134453781,39.62624845620337,0.6134453781512605,0.15966386554621848,0.18487394957983194,6.218487394957983,7,10686.529411764706,1115.116582605687,12068,328,236.8235294117647,67,66.51450741902349,0.19747899159663865,0.5546218487394958,0.20588235294117646,0.04201680672268908,0.3445378151260504,238,33.0,Williams,Alexander ALBON,Austria,Spielberg,Spielberg
9193,1,8,2023-11-25 14:28:48.999,83.74,17.216,35.965,30.559,290.0,327.0,330.0,72.83552631578948,40.482966157348145,0.631578947368421,0.14144736842105263,0.1611842105263158,5.6480263157894735,7,10396.769736842105,1256.9920062990059,12064,332,224.05921052631578,68,69.99559001220614,0.13815789473684212,0.4934210526315789,0.34210526315789475,0.02631578947368421,0.20723684210526316,304,37.0,Red Bull Racing,Max VERSTAPPEN,United Arab Emirates,Yas Marina Circuit,Yas Island
9193,10,17,2023-11-25 14:59:35.607,84.533,17.247,36.455,30.831,293.0,320.0,326.0,74.9607250755287,39.24169433164333,0.6525679758308157,0.15709969788519637,0.12386706948640483,5.504531722054381,7,10454.39577039275,1199.3566850785726,12070,327,225.37764350453173,68,68.69695848240396,0.13293051359516617,0.5075528700906344,0.3293051359516616,0.030211480362537766,0.21450151057401812,331,36.0,Alpine,Pierre GASLY,United Arab Emirates,Yas Marina Circuit,Yas Island
9129,1,5,2023-07-22 14:08:11.874,78.658,28.353,28.142,22.163,281.0,251.0,304.0,65.25174825174825,42.88098069896282,0.534965034965035,0.20279720279720279,0.19230769230769232,5.076923076923077,6,10157.70979020979,1398.5732841979486,12242,315,199.74825174825176,89,60.10534244071279,0.045454545454545456,0.45454545454545453,0.47202797202797203,0.027972027972027972,0.16433566433566432,286,36.0,Red Bull Racing,Max VERSTAPPEN,Hungary,Hungaroring,Budapest
9129,4,19,2023-07-22 14:58:59.308,76.694,27.878,27.123,21.693,280.0,257.0,303.0,65.26714801444044,43.3776068859907,0.5270758122743683,0.23826714801444043,0.19855595667870035,5.133574007220217,6,10484.967509025271,1113.5744944715698,12105,312,205.1985559566787,95,57.46416903205739,0.05054151624548736,0.47653429602888087,0.4657039711191336,0.007220216606498195,0.17328519855595667,277,38.0,McLaren,Lando NORRIS,Hungary,Hungaroring,Budapest
9129,14,20,2023-07-22 14:58:47.887,77.035,27.921,27.279,21.835,282.0,254.0,303.0,64.831541218638,42.49828953127087,0.0931899641577061,0.2078853046594982,0.21505376344086022,5.290322580645161,6,10312.408602150537,1069.0914979574359,11941,314,201.8136200716846,92,57.21285223888399,0.03942652329749104,0.46236559139784944,0.4838709677419355,0.014336917562724014,0.16129032258064516,279,48.0,Aston Martin,Fernando ALONSO,Hungary,Hungaroring,Budapest
9314,10,9,2023-11-18 08:17:04.239,97.394,27.465,31.569,38.36,181.0,213.0,344.0,71.03116147308782,41.033476397873905,0.6147308781869688,0.18413597733711048,0.1558073654390935,5.5354107648725215,7,10209.917847025496,1480.125951160879,12157,351,223.89235127478753,80,84.75687001768316,0.2521246458923513,0.34277620396600567,0.34277620396600567,0.06232294617563739,0.14447592067988668,353,38.0,Alpine,Pierre GASLY,United States,Las Vegas,Las Vegas
9064,2,13,2023-04-28 13:54:01.750,102.729,36.194,41.64,24.895,225.0,224.0,320.0,67.5748031496063,43.45660624814005,0.5958005249343832,0.23622047244094488,0.2047244094488189,5.304461942257218,7,10234.769028871391,1594.2735861716412,12850,338,206.33595800524935,77,81.99895694739897,0.2125984251968504,0.2992125984251969,0.3989501312335958,0.08923884514435695,0.13910761154855644,381,55.0,Williams,Logan SARGEANT,Azerbaijan,Baku,Baku
9064,2,18,2023-04-28 14:05:07.664,102.452,35.932,41.588,24.932,217.0,228.0,320.0,69.43734015345268,42.35491721623662,0.6010230179028133,0.21739130434782608,0.18925831202046037,5.342710997442455,7,10323.542199488491,1593.3970331546125,12831,338,208.67519181585678,72,82.8856139409038,0.21994884910485935,0.30179028132992325,0.3989769820971867,0.0792838874680307,0.1534526854219949,391,56.0,Williams,Logan SARGEANT,Azerbaijan,Baku,Baku
9064,11,2,2023-04-28 13:03:09.691,103.373,36.795,41.692,24.886,218.0,238.0,318.0,67.05958549222798,43.54659035167174,0.5958549222797928,0.21761658031088082,0.21502590673575128,5.170984455958549,7,10098.60621761658,1622.9188920728438,12074,339,206.63471502590673,74,81.82533654576478,0.18911917098445596,0.32124352331606215,0.3860103626943005,0.10362694300518134,0.14507772020725387,386,54.0,Red Bull Racing,Sergio PEREZ,Azerbaijan,Baku,Baku
9314,20,12,2023-11-18 08:27:03.103,94.319,26.61,31.221,36.488,183.0,215.0,338.0,75.05540166204986,39.5747847599523,0.45429362880886426,0.1745152354570637,0.1523545706371191,5.966759002770083,6,10582.04432132964,1288.420552557427,12236,343,234.7229916897507,88,82.72263393025071,0.3296398891966759,0.32132963988919666,0.3074792243767313,0.04155124653739612,0.16620498614958448,361,40.0,Haas F1 Team,Kevin MAGNUSSEN,United States,Las Vegas,Las Vegas
9314,27,16,2023-11-18 08:37:48.904,94.087,26.55,31.41,36.127,189.0,215.0,339.0,75.76086956521739,38.68220822328094,0.6630434782608695,0.14945652173913043,0.15217391304347827,6.005434782608695,6,10503.888586956522,1419.3047137197495,12229,344,234.14402173913044,84,84.0171477055558,0.3233695652173913,0.33967391304347827,0.2608695652173913,0.07608695652173914,0.16576086956521738,368,38.0,Haas F1 Team,Nico HULKENBERG,United States,Las Vegas,Las Vegas
9090,31,2,2023-05-27 14:02:06.934,74.083,19.42,35.03,19.633,205.0,195.0,281.0,52.85304659498208,44.388125271803304,0.3727598566308244,0.32974910394265233,0.27956989247311825,3.78494623655914,7,9553.31899641577,1657.1043942415981,11756,287,159.32258064516128,44,67.29156381169032,0.0,0.3046594982078853,0.43727598566308246,0.25806451612903225,0.08243727598566308,279,38.0,Alpine,Esteban OCON,Monaco,Monte Carlo,Monaco
9090,44,20,2023-05-27 14:45:26.686,72.438,18.932,34.288,19.218,218.0,203.0,280.0,57.284132841328415,43.71630434768387,0.42066420664206644,0.24354243542435425,0.2693726937269373,4.007380073800738,7,9799.273062730626,1764.5328453156158,12659,288,163.05166051660515,48,66.90632690983568,0.0,0.3247232472324723,0.44280442804428044,0.23247232472324722,0.08487084870848709,271,41.0,Mercedes,Lewis HAMILTON,Monaco,Monte Carlo,Monaco
9090,63,25,2023-05-27 15:03:16.595,71.964,18.689,34.101,19.174,219.0,207.0,279.0,56.45421245421245,44.10247415593922,0.43956043956043955,0.2893772893772894,0.27472527472527475,4.007326007326007,7,9837.197802197803,1759.5322211318082,12461,287,164.45787545787545,43,67.99118037440603,0.0,0.3333333333333333,0.42857142857142855,0.23809523809523808,0.07692307692307693,273,44.0,Mercedes,George RUSSELL,Monaco,Monte Carlo,Monaco
9215,4,14,2023-10-06 17:38:57.488,84.703,31.17,28.73,24.803,244.0,289.0,322.0,71.34472049689441,39.93369645082872,0.0,0.16459627329192547,0.12111801242236025,5.645962732919255,6,10732.863354037267,927.2260643533109,12023,323,227.67701863354037,92,53.88092357263516,0.08074534161490683,0.6086956521739131,0.2981366459627329,0.012422360248447204,0.11801242236024845,322,35.0,McLaren,Lando NORRIS,Qatar,Lusail,Lusail
9215,11,7,2023-10-06 17:12:45.468,85.991,31.841,29.236,24.914,238.0,289.0,318.0,70.86186186186187,40.51816659516906,0.6066066066066066,0.1111111111111111,0.15615615615615616,5.546546546546547,6,10510.168168168168,1052.6565198310025,12101,320,223.7177177177177,92,55.520035064566365,0.06306306306306306,0.6066066066066066,0.30930930930930933,0.021021021021021023,0.10510510510510511,333,37.0,Red Bull Racing,Sergio PEREZ,Qatar,Lusail,Lusail
9074,44,5,2023-05-06 20:11:08.095,88.703,29.937,33.636,25.13,220.0,194.0,335.0,68.13513513513513,40.848637695313776,0.5465465465465466,0.16216216216216217,0.17717717717717718,5.741741741741742,7,10262.192192192193,1553.0181455930458,12332,336,216.6996996996997,69,82.5743179314081,0.21021021021021022,0.37537537537537535,0.3123123123123123,0.1021021021021021,0.2222222222222222,333,37.0,Mercedes,Lewis HAMILTON,United States,Miami,Miami
9074,44,11,2023-05-06 20:27:20.140,88.34,29.37,33.357,25.613,222.0,192.0,334.0,71.24404761904762,39.51451605914933,0.5863095238095238,0.14285714285714285,0.15178571428571427,5.684523809523809,8,10402.202380952382,1367.511408163384,12302,335,218.67559523809524,61,82.09702377722027,0.19642857142857142,0.41369047619047616,0.2857142857142857,0.10416666666666667,0.21726190476190477,336,41.0,Mercedes,Lewis HAMILTON,United States,Miami,Miami
9074,77,4,2023-05-06 20:05:46.304,88.998,30.005,33.894,25.099,223.0,193.0,336.0,71.39285714285714,39.687215237465395,0.5773809523809523,0.16071428571428573,0.18154761904761904,5.720238095238095,6,10085.97619047619,1819.008885301156,12163,338,219.3720238095238,66,85.16944475264629,0.22321428571428573,0.39285714285714285,0.2648809523809524,0.11904761904761904,0.22916666666666666,336,29.0,Alfa Romeo,Valtteri BOTTAS,United States,Miami,Miami
9153,1,5,2023-09-02 14:08:33.329,81.573,27.048,27.614,26.911,321.0,336.0,342.0,77.4391891891892,39.37205863774784,0.6993243243243243,0.13851351351351351,0.15202702702702703,6.25,7,10732.60472972973,1172.601955024256,12049,343,250.6283783783784,68,74.44472688800217,0.3581081081081081,0.4222972972972973,0.16216216216216217,0.057432432432432436,0.17905405405405406,296,31.0,Red Bull Racing,Max VERSTAPPEN,Italy,Monza,Monza
9153,2,14,2023-09-02 14:38:48.262,82.427,27.061,27.788,27.578,322.0,336.0,345.0,75.33444816053512,39.63197116219636,0.6755852842809364,0.15384615384615385,0.11705685618729098,6.394648829431438,7,10856.090301003345,1311.863849747656,12731,346,249.60535117056855,70,74.82555622169693,0.3612040133779264,0.4080267558528428,0.17391304347826086,0.056856187290969896,0.1806020066889632,299,34.0,Williams,Logan SARGEANT,Italy,Monza,Monza
9177,18,2,2023-10-28 21:03:02.997,80.03,28.325,30.977,20.728,305.0,289.0,344.0,58.338815789473685,43.053351735059145,0.2138157894736842,0.24342105263157895,0.21710526315789475,5.009868421052632,7,9787.35197368421,1985.632277732292,12653,344,191.27302631578948,64,84.7986226228468,0.14802631578947367,0.2993421052631579,0.40131578947368424,0.1513157894736842,0.26973684210526316,304,32.0,Aston Martin,Lance STROLL,Mexico,Mexico City,Mexico City
9129,55,14,2023-07-22 14:38:48.166,77.703,28.084,27.697,21.922,283.0,249.0,307.0,66.89930555555556,39.28481189351807,0.027777777777777776,0.13194444444444445,0.2465277777777778,5.270833333333333,6,10374.427083333334,1220.070321941916,12133,319,203.61805555555554,93,58.1442992346472,0.04861111111111111,0.4756944444444444,0.4652777777777778,0.010416666666666666,0.15625,288,38.0,Ferrari,Carlos SAINZ,Hungary,Hungaroring,Budapest
9129,77,7,2023-07-22 14:15:58.400,81.191,28.313,27.954,24.924,280.0,248.0,299.0,63.40390879478827,42.292241725422734,0.49185667752442996,0.21498371335504887,0.23778501628664495,5.009771986970684,7,10121.87296416938,1319.1755794053167,12172,308,195.03257328990227,87,62.89319908439191,0.04560260586319218,0.43973941368078173,0.46579804560260585,0.048859934853420196,0.1465798045602606,307,37.0,Alfa Romeo,Valtteri BOTTAS,Hungary,Hungaroring,Budapest
9074,10,5,2023-05-06 20:09:01.504,88.668,29.844,33.743,25.081,225.0,192.0,335.0,68.2874617737003,41.456051775509415,0.5596330275229358,0.2018348623853211,0.14984709480122324,5.241590214067278,7,10208.932721712537,1440.6933876358078,12293,336,215.90825688073394,68,83.47012337376749,0.19877675840978593,0.40061162079510704,0.290519877675841,0.11009174311926606,0.21100917431192662,327,36.0,Alpine,Pierre GASLY,United States,Miami,Miami
9074,16,7,2023-05-06 20:15:32.872,87.713,29.504,33.323,24.886,224.0,195.0,334.0,73.71865443425077,36.7406812277563,0.1162079510703364,0.05198776758409786,0.1559633027522936,5.63302752293578,7,10409.681957186544,1398.238794612475,12092,336,222.14678899082568,68,82.61487548075552,0.22629969418960244,0.38837920489296635,0.28440366972477066,0.10091743119266056,0.24770642201834864,327,34.0,Ferrari,Charles LECLERC,United States,Miami,Miami
7775,27,17,2023-03-18 17:38:56.456,89.451,32.657,28.239,28.555,291.0,330.0,334.0,78.23511904761905,37.31161339736119,0.5089285714285714,0.13095238095238096,0.13095238095238096,6.220238095238095,6,10848.639880952382,1000.0448876874663,12048,335,245.80357142857142,86,65.1024229944181,0.23511904761904762,0.5267857142857143,0.22023809523809523,0.017857142857142856,0.25,336,36.0,Haas F1 Team,Nico HULKENBERG,Saudi Arabia,Jeddah,Jeddah
7775,31,7,2023-03-18 17:16:18.050,89.707,32.613,28.393,28.701,290.0,320.0,325.0,80.65443425076452,36.40442361167066,0.7003058103975535,0.12232415902140673,0.14984709480122324,6.045871559633028,6,10596.085626911316,995.4478839085725,11815,328,245.42201834862385,85,61.12693625392224,0.21100917431192662,0.5565749235474006,0.21712538226299694,0.01529051987767584,0.24464831804281345,327,34.0,Alpine,Esteban OCON,Saudi Arabia,Jeddah,Jeddah
7775,44,4,2023-03-18 17:09:01.149,89.689,32.573,28.392,28.724,289.0,322.0,327.0,81.84131736526946,35.23795514702892,0.718562874251497,0.06287425149700598,0.12275449101796407,6.389221556886228,7,10944.93113772455,833.6214734575356,12660,328,245.31736526946108,86,60.94861615866244,0.2125748502994012,0.5598802395209581,0.20958083832335328,0.017964071856287425,0.25748502994011974,334,38.0,Mercedes,Lewis HAMILTON,Saudi Arabia,Jeddah,Jeddah
7775,44,12,2023-03-18 17:35:03.959,89.374,32.581,28.304,28.489,288.0,325.0,328.0,81.40233236151603,34.94249570709124,0.6909620991253644,0.10787172011661808,0.13119533527696792,6.460641399416909,6,10855.113702623907,980.8973105363984,12215,329,245.81049562682216,92,61.028003403857454,0.21282798833819241,0.565597667638484,0.20699708454810495,0.014577259475218658,0.2536443148688047,343,39.0,Mercedes,Lewis HAMILTON,Saudi Arabia,Jeddah,Jeddah
7775,55,2,2023-03-18 17:03:49.575,91.093,33.359,28.932,28.802,290.0,326.0,328.0,77.1246290801187,37.3299623363278,0.4332344213649852,0.12166172106824925,0.1543026706231454,6.275964391691395,6,10612.0,1124.059466631463,11998,330,242.85163204747775,85,63.82231150033004,0.22255192878338279,0.5252225519287834,0.2314540059347181,0.020771513353115726,0.2433234421364985,337,36.0,Ferrari,Carlos SAINZ,Saudi Arabia,Jeddah,Jeddah
9161,4,8,2023-09-16 13:17:36.447,93.291,27.251,38.97,27.07,313.0,281.0,296.0,58.21348314606742,43.79632035739535,0.13202247191011235,0.2612359550561798,0.24157303370786518,4.542134831460674,7,10311.66011235955,1317.617700730274,12508,317,187.50280898876406,66,66.1872928783632,0.042134831460674156,0.3848314606741573,0.48314606741573035,0.0898876404494382,0.17415730337078653,356,51.0,McLaren,Lando NORRIS,Singapore,Singapore,Marina Bay
9177,1,8,2023-10-28 21:26:53.402,77.625,27.445,29.921,20.259,313.0,296.0,346.0,60.636054421768705,43.63226949604923,0.4931972789115646,0.22108843537414966,0.22108843537414966,4.959183673469388,7,9855.921768707483,1795.3734713726853,12271,347,195.36054421768708,64,83.8732544171785,0.1564625850340136,0.30272108843537415,0.40816326530612246,0.1326530612244898,0.2687074829931973,294,29.0,Red Bull Racing,Max VERSTAPPEN,Mexico,Mexico City,Mexico City
9177,2,2,2023-10-28 21:08:51.790,80.439,27.567,31.092,21.78,315.0,282.0,346.0,54.64745762711864,42.92721793259753,0.3389830508474576,0.24067796610169492,0.23389830508474577,4.928813559322034,7,9805.891525423729,1922.8682025161438,12733,346,188.47118644067797,62,83.09627858029322,0.13559322033898305,0.28135593220338984,0.4271186440677966,0.15593220338983052,0.2576271186440678,295,33.0,Williams,Logan SARGEANT,Mexico,Mexico City,Mexico City
7768,18,17,2023-03-04 16:06:48.645,90.836,29.033,39.07,22.733,243.0,266.0,317.0,72.34319526627219,39.92456497291233,0.0029585798816568047,0.1863905325443787,0.16863905325443787,5.650887573964497,7,10295.68047337278,1455.2658230373818,12684,319,213.5147928994083,66,69.5003880192294,0.08579881656804733,0.5473372781065089,0.28402366863905326,0.08284023668639054,0.24260355029585798,338,42.0,Aston Martin,Lance STROLL,Bahrain,Sakhir,Sakhir
7768,21,8,2023-03-04 15:23:53.270,92.279,29.514,39.699,23.066,239.0,270.0,316.0,71.69187675070027,41.36030048608659,0.6022408963585434,0.2184873949579832,0.21288515406162464,5.190476190476191,7,10461.806722689076,1414.6821809908772,12739,319,209.5686274509804,64,70.0095412563962,0.09243697478991597,0.49859943977591037,0.31932773109243695,0.0896358543417367,0.2184873949579832,357,49.0,AlphaTauri,Nyck DE VRIES,Bahrain,Sakhir,Sakhir
7768,22,8,2023-03-04 15:23:36.286,91.4,29.242,39.229,22.929,239.0,270.0,316.0,72.02542372881356,41.73085118995387,0.6129943502824858,0.21468926553672316,0.17231638418079095,5.194915254237288,7,10561.838983050848,1314.3274110377513,12226,317,213.10734463276836,69,69.28795931240093,0.0847457627118644,0.5338983050847458,0.2909604519774011,0.0903954802259887,0.2401129943502825,354,47.0,AlphaTauri,Yuki TSUNODA,Bahrain,Sakhir,Sakhir
9153,40,8,2023-09-02 14:17:27.979,82.112,27.007,27.844,27.261,322.0,341.0,350.0,77.80696202531645,38.935649991559394,0.6930379746835443,0.17088607594936708,0.15822784810126583,6.231012658227848,7,10786.803797468354,1240.0143263835012,12392,351,251.48417721518987,66,74.42275042344723,0.3639240506329114,0.39556962025316456,0.1930379746835443,0.04746835443037975,0.189873417721519,316,30.0,AlphaTauri,Liam LAWSON,Italy,Monza,Monza
9153,63,17,2023-09-02 14:51:56.675,80.763,26.985,27.184,26.594,319.0,332.0,337.0,80.16666666666667,37.33861447814503,0.7483660130718954,0.12091503267973856,0.13725490196078433,6.673202614379085,6,10931.712418300654,1430.7785186689885,12465,339,256.7875816993464,70,71.50951313098845,0.3954248366013072,0.42810457516339867,0.12418300653594772,0.05228758169934641,0.20588235294117646,306,33.0,Mercedes,George RUSSELL,Italy,Monza,Monza
9193,81,5,2023-11-25 14:17:12.730,84.487,17.187,36.48,30.82,292.0,321.0,326.0,73.0,39.49186745314418,0.028391167192429023,0.1608832807570978,0.12933753943217666,5.791798107255521,7,10309.208201892745,1289.8540618297075,11788,328,223.1608832807571,66,70.61732303862415,0.13564668769716087,0.48264984227129337,0.33753943217665616,0.04416403785488959,0.22082018927444794,317,37.0,McLaren,Oscar PIASTRI,United Arab Emirates,Yas Marina Circuit,Yas Island
9090,2,4,2023-05-27 14:04:52.698,74.648,19.442,35.268,19.938,211.0,196.0,283.0,52.2057761732852,44.554854269526075,0.3935018050541516,0.33574007220216606,0.27075812274368233,3.8555956678700363,7,9616.81227436823,1895.3365100610843,12585,291,158.06137184115522,43,68.5360889985173,0.0,0.2996389891696751,0.4223826714801444,0.2779783393501805,0.07220216606498195,277,40.0,Williams,Logan SARGEANT,Monaco,Monte Carlo,Monaco
9090,10,16,2023-05-27 14:41:41.735,73.141,19.168,34.462,19.511,217.0,199.0,284.0,51.84285714285714,45.29588450508279,0.38571428571428573,0.35714285714285715,0.2642857142857143,3.7,7,9660.182142857142,1689.9756585707678,12175,291,160.33928571428572,45,67.7470196108628,0.0,0.32142857142857145,0.41785714285714287,0.26071428571428573,0.06428571428571428,280,40.0,Alpine,Pierre GASLY,Monaco,Monte Carlo,Monaco
9090,14,5,2023-05-27 14:19:46.953,72.886,19.025,34.361,19.5,219.0,200.0,280.0,53.65017667844523,43.56491721993766,0.1413427561837456,0.20141342756183744,0.2756183745583039,3.908127208480565,7,9700.328621908127,1759.5679962617705,11926,287,160.7809187279152,45,68.14571415737159,0.0,0.3250883392226148,0.4134275618374558,0.26148409893992935,0.06713780918727916,283,50.0,Aston Martin,Fernando ALONSO,Monaco,Monte Carlo,Monaco
9090,21,19,2023-05-27 14:49:51.620,72.428,18.9,34.307,19.221,220.0,203.0,280.0,55.21582733812949,45.042741449153375,0.4244604316546763,0.3237410071942446,0.27697841726618705,3.805755395683453,7,9876.20143884892,1898.3022252363487,13121,288,162.46043165467626,42,68.92205257550694,0.0,0.33093525179856115,0.4136690647482014,0.25539568345323743,0.08273381294964029,278,39.0,AlphaTauri,Nyck DE VRIES,Monaco,Monte Carlo,Monaco
9193,27,8,2023-11-25 14:29:51.982,85.003,17.478,36.52,31.005,286.0,320.0,324.0,75.15408805031447,38.41831227749206,0.4968553459119497,0.13522012578616352,0.1289308176100629,5.69496855345912,8,10534.5786163522,1131.4298309016917,12361,326,221.5,70,69.44896907797619,0.13836477987421383,0.48427672955974843,0.33962264150943394,0.03773584905660377,0.22012578616352202,318,38.0,Haas F1 Team,Nico HULKENBERG,United Arab Emirates,Yas Marina Circuit,Yas Island
7768,14,2,2023-03-04 15:14:40.233,91.158,29.259,39.038,22.861,240.0,268.0,318.0,71.04624277456648,40.691246792799106,0.017341040462427744,0.18786127167630057,0.18208092485549132,5.606936416184971,7,10231.297687861272,1446.958379396168,12006,319,212.29768786127167,62,68.34864455151857,0.06647398843930635,0.5520231213872833,0.28901734104046245,0.09248554913294797,0.2254335260115607,346,54.0,Aston Martin,Fernando ALONSO,Bahrain,Sakhir,Sakhir
7775,21,9,2023-03-18 17:17:35.284,90.244,32.774,28.451,29.019,288.0,322.0,316.0,0.0,0.0,0.0,1.0,0.0,0.0,1,0.0,0.0,0,0,0.0,0,0.0,0.0,0.0,0.0,1.0,0.0,327,0.0,AlphaTauri,Nyck DE VRIES,Saudi Arabia,Jeddah,Jeddah
9161,23,8,2023-09-16 13:56:47.046,93.719,27.454,39.856,26.409,309.0,279.0,302.0,59.06145251396648,43.4505626555419,0.4273743016759777,0.25977653631284914,0.23743016759776536,4.927374301675978,7,9976.32122905028,1415.6742789320788,11992,313,187.231843575419,66,67.2364812978788,0.04748603351955307,0.3854748603351955,0.4748603351955307,0.09217877094972067,0.17597765363128492,358,58.0,Williams,Alexander ALBON,Singapore,Singapore,Marina Bay
9215,31,12,2023-10-06 17:28:04.077,86.854,32.261,29.374,25.219,214.0,286.0,312.0,71.92073170731707,39.973536315657334,0.5487804878048781,0.18597560975609756,0.2225609756097561,5.5182926829268295,6,10338.740853658537,1044.557028235984,12028,314,224.015243902439,89,53.52946325751434,0.06402439024390244,0.6097560975609756,0.3048780487804878,0.021341463414634148,0.11585365853658537,328,32.0,Alpine,Esteban OCON,Qatar,Lusail,Lusail
9112,1,20,2023-06-30 15:56:10.457,64.503,16.348,28.757,19.398,324.0,247.0,316.0,76.06302521008404,39.49256484111053,0.6764705882352942,0.14285714285714285,0.13865546218487396,6.079831932773109,7,10581.35294117647,1046.7984511212244,12061,325,240.42857142857142,70,63.154498311856635,0.19327731092436976,0.592436974789916,0.1722689075630252,0.04201680672268908,0.36134453781512604,238,30.0,Red Bull Racing,Max VERSTAPPEN,Austria,Spielberg,Spielberg
9112,4,9,2023-06-30 15:19:56.386,65.179,16.427,29.056,19.696,322.0,247.0,316.0,72.32231404958678,40.795658152351656,0.0,0.18181818181818182,0.1446280991735537,6.024793388429752,7,10574.702479338843,1096.1267466511883,12298,324,234.96280991735537,71,64.98639070069956,0.17768595041322313,0.5661157024793388,0.21074380165289255,0.045454545454545456,0.33884297520661155,242,34.0,McLaren,Lando NORRIS,Austria,Spielberg,Spielberg
9207,1,2,2023-10-20 21:05:38.069,96.47,25.826,38.797,31.847,231.0,183.0,321.0,66.68579234972678,42.21824789263388,0.546448087431694,0.19672131147540983,0.1885245901639344,5.251366120218579,6,9851.909836065573,1616.347497583389,11842,322,202.79508196721312,74,71.99085998202943,0.07923497267759563,0.4726775956284153,0.3360655737704918,0.11202185792349727,0.17486338797814208,366,40.0,Red Bull Racing,Max VERSTAPPEN,United States,Austin,Austin
9207,1,5,2023-10-20 21:15:04.640,95.346,25.478,38.463,31.405,234.0,186.0,324.0,67.75280898876404,42.67915832660756,0.5674157303370787,0.21348314606741572,0.1853932584269663,5.182584269662922,7,10100.297752808989,1460.5299910496526,12041,325,204.16011235955057,76,71.24893621336837,0.0898876404494382,0.4803370786516854,0.3258426966292135,0.10393258426966293,0.16853932584269662,356,43.0,Red Bull Racing,Max VERSTAPPEN,United States,Austin,Austin
9207,4,2,2023-10-20 21:02:56.352,96.64,25.845,39.052,31.743,233.0,183.0,318.0,64.20923913043478,42.21964393531054,0.0,0.23641304347826086,0.18206521739130435,5.195652173913044,7,10156.785326086956,1464.5956078006636,11930,320,203.89402173913044,79,70.74193933241997,0.08967391304347826,0.47282608695652173,0.3451086956521739,0.09239130434782608,0.1793478260869565,368,46.0,McLaren,Lando NORRIS,United States,Austin,Austin
9064,22,8,2023-04-28 13:43:29.491,102.234,36.113,41.023,25.098,220.0,236.0,316.0,70.25587467362924,42.86533534874266,0.618798955613577,0.2297650130548303,0.19321148825065274,5.0861618798955615,7,10497.926892950392,1406.7382215468308,12604,337,209.98694516971278,74,79.58019654743514,0.1906005221932115,0.34986945169712796,0.39425587467362927,0.06527415143603134,0.13577023498694518,383,52.0,AlphaTauri,Yuki TSUNODA,Azerbaijan,Baku,Baku
9207,16,5,2023-10-20 21:11:03.706,96.119,25.976,38.602,31.541,232.0,180.0,325.0,68.99157303370787,39.84430878896894,0.16292134831460675,0.10955056179775281,0.20786516853932585,5.345505617977528,6,10097.019662921348,1601.5021090357893,12258,326,204.98595505617976,75,71.17597572561793,0.0898876404494382,0.4747191011235955,0.34269662921348315,0.09269662921348315,0.17415730337078653,356,47.0,Ferrari,Charles LECLERC,United States,Austin,Austin
9207,22,5,2023-10-20 21:17:30.311,95.913,25.7,38.587,31.626,236.0,185.0,318.0,69.66761363636364,41.78946386370062,0.5795454545454546,0.21022727272727273,0.1590909090909091,5.207386363636363,6,10168.267045454546,1565.5814125278778,12430,320,207.5056818181818,75,69.4560056421453,0.07954545454545454,0.5113636363636364,0.3125,0.09659090909090909,0.1846590909090909,352,38.0,AlphaTauri,Yuki TSUNODA,United States,Austin,Austin
9207,27,5,2023-10-20 21:16:51.905,96.379,26.358,38.357,31.664,235.0,190.0,327.0,67.53314917127072,42.144524531070296,0.5718232044198895,0.12430939226519337,0.20718232044198895,5.3259668508287294,7,10181.519337016574,1507.8590850608916,12212,328,205.2596685082873,70,73.5911365394986,0.10220994475138122,0.4585635359116022,0.3314917127071823,0.10773480662983426,0.17955801104972377,362,46.0,Haas F1 Team,Nico HULKENBERG,United States,Austin,Austin
7768,55,2,2023-03-04 15:02:31.496,92.408,29.425,39.878,23.105,239.0,269.0,324.0,70.04237288135593,39.45917546103228,0.02824858757062147,0.16666666666666666,0.1807909604519774,5.598870056497175,7,10055.66384180791,1602.0915251475178,12172,327,210.20621468926555,65,71.0019340263995,0.10451977401129943,0.4830508474576271,0.3220338983050847,0.0903954802259887,0.2231638418079096,354,42.0,Ferrari,Carlos SAINZ,Bahrain,Sakhir,Sakhir
7768,55,5,2023-03-04 15:15:25.545,90.993,28.887,39.206,22.9,242.0,271.0,326.0,70.34482758620689,40.593671540456285,0.02586206896551724,0.19827586206896552,0.20114942528735633,5.531609195402299,7,10175.086206896553,1550.6897279328346,12415,329,212.2528735632184,62,71.50231747169171,0.10057471264367816,0.5086206896551724,0.29310344827586204,0.09770114942528736,0.23275862068965517,348,45.0,Ferrari,Carlos SAINZ,Bahrain,Sakhir,Sakhir
7768,55,17,2023-03-04 16:07:40.707,90.154,28.739,38.7,22.715,243.0,270.0,323.0,72.93272171253822,39.262156488661056,0.0061162079510703364,0.1743119266055046,0.17737003058103976,5.681957186544342,7,10197.987767584098,1468.677684502016,12157,326,215.22018348623854,64,70.57607275390865,0.11009174311926606,0.5137614678899083,0.2874617737003058,0.08868501529051988,0.2415902140672783,327,42.0,Ferrari,Carlos SAINZ,Bahrain,Sakhir,Sakhir
7768,63,14,2023-03-04 16:03:50.571,90.34,28.911,38.87,22.559,244.0,270.0,317.0,75.46827794561933,38.70582200817563,0.6344410876132931,0.16012084592145015,0.18731117824773413,5.670694864048339,7,10346.821752265862,1533.2670925909722,12242,319,215.22658610271904,65,69.65864835781169,0.09969788519637462,0.5287009063444109,0.28700906344410876,0.08459214501510574,0.24169184290030213,331,46.0,Mercedes,George RUSSELL,Bahrain,Sakhir,Sakhir
9153,18,3,2023-09-02 14:07:11.174,83.576,27.424,28.342,27.81,321.0,334.0,,77.43389830508474,37.5234376197857,0.0576271186440678,0.0847457627118644,0.11864406779661017,6.338983050847458,7,10887.901694915254,1306.5331783332367,12652,343,247.5864406779661,62,74.07836321863546,0.3389830508474576,0.4,0.20677966101694914,0.05423728813559322,0.1864406779661017,295,38.0,Aston Martin,Lance STROLL,Italy,Monza,Monza
9153,22,2,2023-09-02 14:02:39.598,83.234,27.496,28.191,27.547,318.0,332.0,334.0,77.840625,38.16064344415722,0.684375,0.1375,0.115625,6.196875,7,10728.8375,1175.4051866574844,12122,335,248.69375,66,73.17098940989224,0.34375,0.415625,0.190625,0.05,0.203125,320,31.0,AlphaTauri,Yuki TSUNODA,Italy,Monza,Monza
9153,24,4,2023-09-02 14:07:06.299,83.571,27.256,28.581,27.734,322.0,336.0,346.0,76.83276450511946,38.372311179762725,0.6723549488054608,0.16040955631399317,0.13993174061433447,6.416382252559727,7,10594.870307167235,1299.2388222989425,12299,347,248.1569965870307,67,75.40540609041864,0.35494880546075086,0.36177474402730375,0.23890784982935154,0.04436860068259386,0.19112627986348124,293,31.0,Alfa Romeo,ZHOU Guanyu,Italy,Monza,Monza
9169,55,7,2023-09-23 06:42:19.108,91.156,31.798,41.222,18.136,281.0,305.0,301.0,75.28783382789318,35.1106702730085,0.2314540059347181,0.0830860534124629,0.17804154302670624,6.008902077151335,6,10257.382789317508,1413.3815513101424,12059,329,226.35014836795253,72,65.15902439263,0.1394658753709199,0.5637982195845698,0.228486646884273,0.06824925816023739,0.0771513353115727,337,25.0,Ferrari,Carlos SAINZ,Japan,Suzuka,Suzuka
9215,63,4,2023-10-06 17:09:50.518,85.908,31.816,28.997,25.095,241.0,286.0,313.0,75.34146341463415,37.27637732007695,0.6097560975609756,0.14634146341463414,0.13719512195121952,5.710365853658536,6,10858.234756097561,943.808118365648,12100,314,225.60365853658536,90,54.07556372409597,0.0701219512195122,0.6067073170731707,0.3079268292682927,0.01524390243902439,0.10670731707317073,328,40.0,Mercedes,George RUSSELL,Qatar,Lusail,Lusail
9177,31,2,2023-10-28 21:09:26.539,79.08,28.039,30.517,20.524,311.0,292.0,340.0,59.89419795221843,43.02498955833604,0.4197952218430034,0.26621160409556316,0.2354948805460751,4.7542662116040955,7,9821.03071672355,1506.84948562918,11774,341,192.90443686006827,66,83.50505120133316,0.15017064846416384,0.3003412969283277,0.40273037542662116,0.14675767918088736,0.2696245733788396,293,39.0,Alpine,Esteban OCON,Mexico,Mexico City,Mexico City
9177,44,17,2023-10-28 21:59:13.662,77.454,27.46,29.881,20.113,312.0,293.0,345.0,61.0,42.377205974520045,0.45017182130584193,0.18556701030927836,0.22336769759450173,5.010309278350515,7,10048.84879725086,1950.9632575298049,12655,346,194.38831615120276,62,83.72621886294583,0.16151202749140894,0.2920962199312715,0.4020618556701031,0.14432989690721648,0.2611683848797251,291,31.0,Mercedes,Lewis HAMILTON,Mexico,Mexico City,Mexico City
9177,55,16,2023-10-28 21:58:03.069,77.384,27.365,29.99,20.029,315.0,295.0,348.0,62.80546075085324,41.50391594260989,0.020477815699658702,0.19112627986348124,0.20136518771331058,5.081911262798635,7,10025.03071672355,1790.5912361788896,12382,350,199.0034129692833,65,86.74827771743882,0.18771331058020477,0.2832764505119454,0.39590443686006827,0.13310580204778158,0.28668941979522183,293,29.0,Ferrari,Carlos SAINZ,Mexico,Mexico City,Mexico City
9064,14,7,2023-04-28 13:40:17.197,102.485,36.152,41.276,25.057,227.0,246.0,314.0,68.64646464646465,41.32374512940794,0.09343434343434344,0.1994949494949495,0.1893939393939394,5.275252525252525,7,10251.025252525253,1527.3973741633845,12222,334,206.29040404040404,69,80.70313788599834,0.1919191919191919,0.32575757575757575,0.39646464646464646,0.08585858585858586,0.14646464646464646,396,61.0,Aston Martin,Fernando ALONSO,Azerbaijan,Baku,Baku
9064,14,9,2023-04-28 13:44:12.866,101.72,35.776,41.125,24.819,225.0,242.0,321.0,67.38601036269431,42.46439255365065,0.06476683937823834,0.21761658031088082,0.21243523316062177,5.370466321243524,7,10280.173575129535,1499.504208427612,12334,336,209.05958549222797,72,81.27093743470697,0.20984455958549222,0.3082901554404145,0.4067357512953368,0.07512953367875648,0.14766839378238342,386,61.0,Aston Martin,Fernando ALONSO,Azerbaijan,Baku,Baku
9064,16,9,2023-04-28 13:44:21.787,101.269,35.502,40.891,24.876,232.0,243.0,317.0,70.42159383033419,40.8763176783048,0.5449871465295629,0.06426735218508997,0.20565552699228792,5.365038560411311,7,10295.95115681234,1390.8297105291738,12224,333,210.6349614395887,73,80.42820587530643,0.2133676092544987,0.32390745501285345,0.40102827763496146,0.061696658097686374,0.16709511568123395,389,51.0,Ferrari,Charles LECLERC,Azerbaijan,Baku,Baku
9064,20,2,2023-04-28 13:02:02.644,104.177,37.035,41.964,25.178,206.0,241.0,315.0,67.21573604060913,43.46232501566497,0.5939086294416244,0.2512690355329949,0.2131979695431472,5.197969543147208,7,10226.621827411167,1515.5416759806753,12510,334,203.6497461928934,70,79.8974798727203,0.1751269035532995,0.3223350253807107,0.4137055837563452,0.08883248730964467,0.13959390862944163,394,55.0,Haas F1 Team,Kevin MAGNUSSEN,Azerbaijan,Baku,Baku
9129,16,11,2023-07-22 14:29:33.609,77.877,28.168,27.774,21.935,282.0,248.0,303.0,66.67006802721089,39.62490497393412,0.006802721088435374,0.1054421768707483,0.21768707482993196,4.979591836734694,6,10538.384353741496,1060.3597296223911,12097,317,199.1326530612245,91,58.256049694800375,0.04421768707482993,0.42857142857142855,0.5102040816326531,0.017006802721088437,0.16326530612244897,294,41.0,Ferrari,Charles LECLERC,Hungary,Hungaroring,Budapest
9129,18,12,2023-07-22 14:27:33.048,77.861,28.327,27.635,21.899,281.0,252.0,301.0,64.16724738675958,42.873042866519164,0.041811846689895474,0.22996515679442509,0.21602787456445993,5.2264808362369335,6,10312.355400696864,1091.417327304094,11828,313,199.81533101045295,93,57.795915738280414,0.03832752613240418,0.45993031358885017,0.4808362369337979,0.020905923344947737,0.156794425087108,287,46.0,Aston Martin,Lance STROLL,Hungary,Hungaroring,Budapest
9169,1,5,2023-09-23 06:41:06.546,89.964,31.264,40.689,18.011,282.0,304.0,305.0,74.22941176470589,39.065866242253975,0.6235294117647059,0.11764705882352941,0.1323529411764706,5.83235294117647,6,10335.141176470588,1396.711583845064,12047,332,229.35882352941175,74,65.86596346486255,0.15294117647058825,0.5558823529411765,0.22058823529411764,0.07058823529411765,0.09411764705882353,340,30.0,Red Bull Racing,Max VERSTAPPEN,Japan,Suzuka,Suzuka
9169,1,8,2023-09-23 07:04:07.624,89.012,30.825,40.316,17.871,282.0,306.0,305.0,74.7939393939394,38.92811502563672,0.6333333333333333,0.12424242424242424,0.1303030303030303,5.9363636363636365,6,10420.709090909091,1357.4833075630222,12045,334,233.37575757575758,77,65.50480634029579,0.16666666666666666,0.5666666666666667,0.2,0.06666666666666667,0.09393939393939393,330,28.0,Red Bull Racing,Max VERSTAPPEN,Japan,Suzuka,Suzuka
9169,1,11,2023-09-23 07:11:56.088,88.877,30.725,40.311,17.841,283.0,305.0,304.0,76.05421686746988,38.651789064340555,0.6596385542168675,0.12650602409638553,0.14457831325301204,5.948795180722891,6,10491.334337349397,1274.9842388559064,11978,335,234.57831325301206,75,64.43420879007583,0.15963855421686746,0.572289156626506,0.21686746987951808,0.05120481927710843,0.10542168674698796,332,32.0,Red Bull Racing,Max VERSTAPPEN,Japan,Suzuka,Suzuka
9169,11,11,2023-09-23 06:52:56.319,89.965,31.377,40.634,17.954,282.0,305.0,306.0,73.75528700906344,39.97988805931749,0.6435045317220544,0.13293051359516617,0.13293051359516617,5.906344410876133,7,10438.58912386707,1201.241448896939,12006,335,233.04833836858006,71,65.66723334441163,0.1691842900302115,0.5709969788519638,0.1933534743202417,0.06646525679758308,0.10876132930513595,331,32.0,Red Bull Racing,Sergio PEREZ,Japan,Suzuka,Suzuka
9314,81,9,2023-11-18 08:16:16.834,95.068,27.045,31.804,36.219,184.0,214.0,339.0,71.1025641025641,41.0060729889857,0.011396011396011397,0.19943019943019943,0.18233618233618235,5.8575498575498575,6,10388.5754985755,1433.3997924507896,12089,342,231.20227920227921,88,84.08653091015634,0.3162393162393162,0.33048433048433046,0.301994301994302,0.05128205128205128,0.1623931623931624,351,40.0,McLaren,Oscar PIASTRI,United States,Las Vegas,Las Vegas
9112,31,5,2023-06-30 15:16:20.952,66.341,16.673,29.666,20.002,319.0,246.0,314.0,75.22267206477733,39.53370246042506,0.6558704453441295,0.16194331983805668,0.1902834008097166,5.805668016194332,7,10433.878542510121,1163.474492955139,11887,320,232.76113360323887,61,65.21786212513514,0.16194331983805668,0.5668016194331984,0.23076923076923078,0.04048582995951417,0.3319838056680162,247,32.0,Alpine,Esteban OCON,Austria,Spielberg,Spielberg
9112,44,16,2023-06-30 15:40:04.255,65.188,16.343,29.089,19.756,321.0,246.0,315.0,76.82127659574468,38.643366853603,0.6723404255319149,0.1276595744680851,0.15319148936170213,6.178723404255319,7,10665.451063829787,1205.8760269004183,12269,324,234.06382978723406,68,65.80384092890435,0.1702127659574468,0.5702127659574469,0.2127659574468085,0.04680851063829787,0.33617021276595743,235,31.0,Mercedes,Lewis HAMILTON,Austria,Spielberg,Spielberg
9112,63,8,2023-06-30 15:16:44.186,65.831,16.518,29.307,20.006,318.0,244.0,315.0,76.45378151260505,37.88150476632817,0.680672268907563,0.12605042016806722,0.16806722689075632,6.130252100840337,7,10668.302521008403,1197.4325562052686,12113,320,234.3655462184874,67,66.28430001275868,0.18067226890756302,0.5462184873949579,0.226890756302521,0.046218487394957986,0.35714285714285715,238,36.0,Mercedes,George RUSSELL,Austria,Spielberg,Spielberg
9207,31,2,2023-10-20 21:02:40.024,97.542,26.164,39.317,32.061,225.0,189.0,321.0,64.61333333333333,42.5033164271728,0.5013333333333333,0.23733333333333334,0.22933333333333333,4.976,7,9805.029333333334,1526.2551341212165,11625,322,198.84266666666667,72,70.70655101549104,0.06666666666666667,0.4533333333333333,0.3626666666666667,0.11733333333333333,0.17066666666666666,375,45.0,Alpine,Esteban OCON,United States,Austin,Austin
9207,31,8,2023-10-20 21:17:50.279,96.131,25.797,38.541,31.793,229.0,189.0,323.0,68.88603988603988,40.946356600363366,0.5527065527065527,0.19658119658119658,0.20797720797720798,5.1424501424501425,7,9956.17094017094,1532.3246035667414,11821,323,204.93732193732194,73,71.13979439069492,0.09401709401709402,0.48148148148148145,0.3162393162393162,0.10826210826210826,0.17663817663817663,351,44.0,Alpine,Esteban OCON,United States,Austin,Austin
9207,77,11,2023-10-20 21:28:55.819,95.946,25.765,38.515,31.666,227.0,191.0,320.0,67.34159779614325,41.38004836832428,0.5454545454545454,0.12396694214876033,0.20385674931129477,5.31404958677686,6,10085.424242424242,1582.7347867398812,12156,322,203.79063360881543,78,70.794194133969,0.07713498622589532,0.48760330578512395,0.3305785123966942,0.1046831955922865,0.162534435261708,363,46.0,Alfa Romeo,Valtteri BOTTAS,United States,Austin,Austin
9112,18,21,2023-06-30 15:56:41.144,65.857,16.584,29.418,19.855,318.0,242.0,312.0,75.216,39.593432581862075,0.316,0.168,0.172,6.284,7,10698.728,1094.713220050169,11919,321,237.724,64,64.84463842547137,0.176,0.58,0.204,0.04,0.36,250,35.0,Aston Martin,Lance STROLL,Austria,Spielberg,Spielberg
9112,24,2,2023-06-30 15:02:57.779,66.498,16.866,29.661,19.971,321.0,244.0,314.0,74.2191235059761,41.17605849068953,0.6613545816733067,0.1952191235059761,0.18326693227091634,6.091633466135458,7,10516.752988047809,1138.7776125043185,12045,323,235.01195219123505,69,66.10019558650112,0.17928286852589642,0.5537848605577689,0.22310756972111553,0.043824701195219126,0.3545816733067729,251,30.0,Alfa Romeo,ZHOU Guanyu,Austria,Spielberg,Spielberg
9193,3,11,2023-11-25 14:37:34.724,84.442,17.305,36.399,30.738,289.0,321.0,324.0,74.4420731707317,39.841002782591445,0.6402439024390244,0.16463414634146342,0.1402439024390244,5.512195121951219,7,10602.77743902439,1165.7632256712202,11988,326,223.39634146341464,67,67.798687339231,0.12195121951219512,0.5152439024390244,0.32926829268292684,0.03353658536585366,0.2073170731707317,328,40.0,AlphaTauri,Daniel RICCIARDO,United Arab Emirates,Yas Marina Circuit,Yas Island
9193,10,5,2023-11-25 14:15:52.388,84.6,17.298,36.43,30.872,291.0,324.0,327.0,73.97169811320755,39.61696515809354,0.6415094339622641,0.15723270440251572,0.11949685534591195,5.430817610062893,7,10397.82075471698,1237.4852881679994,11926,329,221.97169811320754,70,69.69819447586603,0.13522012578616352,0.48427672955974843,0.33962264150943394,0.040880503144654086,0.20440251572327045,318,40.0,Alpine,Pierre GASLY,United Arab Emirates,Yas Marina Circuit,Yas Island
9193,11,16,2023-11-25 14:59:09.170,83.868,17.144,36.206,30.518,290.0,324.0,329.0,74.10344827586206,39.889690121748345,0.6520376175548589,0.12852664576802508,0.13166144200626959,5.608150470219436,7,10398.467084639498,1267.505140481046,11928,331,223.86520376175548,72,70.41872079386644,0.13793103448275862,0.49843260188087773,0.3166144200626959,0.047021943573667714,0.20376175548589343,319,41.0,Red Bull Racing,Sergio PEREZ,United Arab Emirates,Yas Marina Circuit,Yas Island
9129,1,2,2023-07-22 14:02:52.643,78.892,28.433,28.216,22.243,281.0,248.0,301.0,64.59333333333333,42.803759511479946,0.5166666666666667,0.2,0.19333333333333333,4.956666666666667,6,10103.953333333333,1304.9952797191208,12241,313,196.94666666666666,91,59.09012295631308,0.03666666666666667,0.43,0.51,0.023333333333333334,0.16333333333333333,300,38.0,Red Bull Racing,Max VERSTAPPEN,Hungary,Hungaroring,Budapest
9129,2,4,2023-07-22 14:08:26.092,79.568,28.542,28.533,22.493,283.0,246.0,305.0,56.88501742160279,44.362429986621315,0.47038327526132406,0.2578397212543554,0.24041811846689895,5.003484320557491,6,10346.536585365853,1217.3635667814126,12101,316,195.49825783972125,92,59.42732969296856,0.041811846689895474,0.4181184668989547,0.519163763066202,0.020905923344947737,0.14982578397212543,287,40.0,Williams,Logan SARGEANT,Hungary,Hungaroring,Budapest
9129,10,7,2023-07-22 14:11:28.965,78.743,28.335,28.116,22.292,284.0,249.0,302.0,65.50877192982456,42.79377456000075,0.5157894736842106,0.23157894736842105,0.21403508771929824,4.831578947368421,6,10243.982456140351,1178.5737873490746,12273,312,200.90526315789472,92,58.97213599925226,0.042105263157894736,0.45614035087719296,0.4842105263157895,0.017543859649122806,0.15789473684210525,285,37.0,Alpine,Pierre GASLY,Hungary,Hungaroring,Budapest
9314,2,7,2023-11-18 08:12:19.213,94.525,26.936,31.499,36.09,184.0,214.0,344.0,72.11731843575419,41.21390102388997,0.6452513966480447,0.18994413407821228,0.164804469273743,5.9748603351955305,6,10605.910614525139,1699.1815340172695,12769,347,233.22625698324023,86,86.16183511072674,0.33519553072625696,0.31564245810055863,0.276536312849162,0.07262569832402235,0.164804469273743,358,40.0,Williams,Logan SARGEANT,United States,Las Vegas,Las Vegas
9314,4,2,2023-11-18 08:03:12.754,95.449,27.515,31.582,36.352,184.0,213.0,338.0,70.74246575342465,40.83677613514744,0.00821917808219178,0.17534246575342466,0.14520547945205478,5.843835616438356,6,10393.194520547946,1425.8994820592827,12084,341,229.55616438356165,90,83.18667110170891,0.29863013698630136,0.336986301369863,0.3095890410958904,0.0547945205479452,0.1643835616438356,365,37.0,McLaren,Lando NORRIS,United States,Las Vegas,Las Vegas
9314,10,24,2023-11-18 08:59:29.334,93.239,26.415,31.019,35.805,189.0,215.0,343.0,75.0112676056338,39.62079986934822,0.6591549295774648,0.17183098591549295,0.1323943661971831,5.8,6,10367.791549295775,1434.2257882888562,12117,350,235.1549295774648,94,83.67549774797115,0.3211267605633803,0.3267605633802817,0.3211267605633803,0.030985915492957747,0.16338028169014085,355,35.0,Alpine,Pierre GASLY,United States,Las Vegas,Las Vegas
9314,14,16,2023-11-18 08:38:35.950,93.617,26.515,31.241,35.861,186.0,215.0,340.0,72.41620111731844,40.816628471221854,0.2346368715083799,0.18435754189944134,0.1564245810055866,5.902234636871508,6,10608.209497206704,1509.5108574691023,12670,344,230.93016759776538,92,84.05652450260128,0.31843575418994413,0.32122905027932963,0.31564245810055863,0.0446927374301676,0.15921787709497207,358,41.0,Aston Martin,Fernando ALONSO,United States,Las Vegas,Las Vegas
9314,16,2,2023-11-18 08:03:05.285,94.898,27.111,31.481,36.306,184.0,214.0,342.0,75.38461538461539,38.206707394570245,0.6236263736263736,0.057692307692307696,0.18406593406593408,5.8791208791208796,6,10609.873626373626,1376.8068240743378,12367,347,233.3901098901099,88,84.27719912942548,0.3241758241758242,0.32142857142857145,0.28846153846153844,0.06593406593406594,0.17032967032967034,364,38.0,Ferrari,Charles LECLERC,United States,Las Vegas,Las Vegas
9314,16,13,2023-11-18 08:33:36.284,92.834,26.295,30.684,35.855,189.0,216.0,343.0,77.87761194029851,36.986402343995984,0.6716417910447762,0.07761194029850746,0.15223880597014924,6.0,6,10676.501492537314,1231.5806013787221,12358,347,238.34328358208955,94,82.95633225403644,0.3402985074626866,0.33432835820895523,0.29253731343283584,0.03283582089552239,0.16716417910447762,335,39.0,Ferrari,Charles LECLERC,United States,Las Vegas,Las Vegas
9314,16,16,2023-11-18 08:39:15.606,92.775,26.255,30.647,35.873,188.0,217.0,342.0,78.69914040114614,36.47591748990325,0.6819484240687679,0.022922636103151862,0.1518624641833811,6.051575931232092,6,10715.263610315185,1259.1717649940356,12393,348,239.35243553008596,94,82.23710551948898,0.335243553008596,0.3495702005730659,0.27507163323782235,0.04011461318051576,0.18051575931232092,349,38.0,Ferrari,Charles LECLERC,United States,Las Vegas,Las Vegas
9314,27,14,2023-11-18 08:34:09.049,93.979,26.646,31.199,36.134,187.0,216.0,341.0,76.22157434402332,38.283306805582164,0.6705539358600583,0.12536443148688048,0.15451895043731778,6.029154518950437,6,10555.918367346938,1341.3805685091513,12282,346,236.56559766763849,90,82.30417613651309,0.3206997084548105,0.358600583090379,0.27696793002915454,0.043731778425655975,0.1749271137026239,343,40.0,Haas F1 Team,Nico HULKENBERG,United States,Las Vegas,Las Vegas
9090,31,7,2023-05-27 14:20:06.641,73.019,19.264,34.465,19.29,213.0,202.0,279.0,53.21863799283154,44.81712092085641,0.3906810035842294,0.32616487455197135,0.3010752688172043,3.845878136200717,7,9620.405017921146,1577.6064116396951,11962,286,163.11827956989248,45,66.5144301099905,0.0,0.3154121863799283,0.45161290322580644,0.23297491039426524,0.07885304659498207,279,38.0,Alpine,Esteban OCON,Monaco,Monte Carlo,Monaco
9090,44,23,2023-05-27 14:50:37.526,72.156,18.954,34.138,19.064,218.0,202.0,282.0,57.333333333333336,43.54659302874368,0.4307116104868914,0.250936329588015,0.27340823970037453,3.955056179775281,7,9880.752808988764,1824.5128711144741,13114,290,163.43445692883896,45,67.98550273913318,0.0,0.3295880149812734,0.4344569288389513,0.23595505617977527,0.07865168539325842,267,42.0,Mercedes,Lewis HAMILTON,Monaco,Monte Carlo,Monaco
9090,55,24,2023-05-27 15:01:30.456,71.735,18.774,33.935,19.026,219.0,204.0,281.0,57.974169741697416,43.2686191644789,0.3247232472324723,0.21033210332103322,0.2693726937269373,4.11070110701107,7,9931.90036900369,1776.8905636594748,12309,289,166.75276752767527,47,69.0108535592706,0.0,0.36162361623616235,0.3948339483394834,0.24354243542435425,0.08118081180811808,271,38.0,Ferrari,Carlos SAINZ,Monaco,Monte Carlo,Monaco
9090,77,9,2023-05-27 14:22:24.092,73.468,19.371,34.797,19.3,217.0,200.0,279.0,55.21582733812949,44.31080946263133,0.420863309352518,0.2841726618705036,0.2697841726618705,3.935251798561151,7,9686.809352517985,1839.5416307264572,12366,286,161.13309352517985,47,68.85096329284164,0.0,0.3273381294964029,0.41007194244604317,0.26258992805755393,0.07194244604316546,278,41.0,Alfa Romeo,Valtteri BOTTAS,Monaco,Monte Carlo,Monaco
9215,1,16,2023-10-06 17:51:19.303,83.778,30.791,28.536,24.451,242.0,288.0,320.0,74.70031545741325,38.849699425732915,0.61198738170347,0.12933753943217666,0.15457413249211358,5.747634069400631,6,10656.485804416403,991.6184845712679,12201,322,231.45425867507888,93,53.3024148273467,0.07570977917981073,0.6529968454258676,0.2618296529968454,0.00946372239747634,0.10725552050473186,317,29.0,Red Bull Racing,Max VERSTAPPEN,Qatar,Lusail,Lusail
9215,10,22,2023-10-06 17:59:39.747,84.553,31.241,28.47,24.842,245.0,286.0,316.0,74.33542319749216,38.488628955332,0.5924764890282131,0.16927899686520376,0.14106583072100312,5.567398119122257,6,10604.667711598746,887.9505354399765,11977,318,230.20062695924764,97,51.878764086355204,0.07210031347962383,0.6426332288401254,0.27899686520376177,0.006269592476489028,0.11598746081504702,319,32.0,Alpine,Pierre GASLY,Qatar,Lusail,Lusail
9215,11,9,2023-10-06 17:16:05.777,86.284,31.645,29.499,25.14,243.0,287.0,321.0,71.9375,40.57141812473454,0.61875,0.121875,0.140625,5.559375,6,10555.203125,1117.0070817500925,12023,322,224.325,87,57.37158756354165,0.08125,0.571875,0.325,0.021875,0.11875,320,35.0,Red Bull Racing,Sergio PEREZ,Qatar,Lusail,Lusail
9215,16,4,2023-10-06 17:07:04.802,86.098,31.948,29.126,25.024,242.0,288.0,317.0,74.06811145510837,36.64952786880308,0.42724458204334365,0.05572755417956656,0.15479876160990713,5.662538699690402,6,10707.631578947368,862.6303073009931,12064,319,224.9938080495356,93,54.533025711193574,0.07120743034055728,0.5820433436532507,0.33126934984520123,0.015479876160990712,0.11145510835913312,323,39.0,Ferrari,Charles LECLERC,Qatar,Lusail,Lusail
9074,31,2,2023-05-06 20:03:25.369,89.034,29.802,33.811,25.421,220.0,191.0,332.0,68.67867867867868,40.34760927431098,0.5495495495495496,0.17417417417417416,0.2072072072072072,5.351351351351352,7,10044.714714714715,1427.5593755696475,11762,334,215.68168168168168,64,82.28612763997776,0.18618618618618618,0.42042042042042044,0.2912912912912913,0.1021021021021021,0.2132132132132132,333,36.0,Alpine,Esteban OCON,United States,Miami,Miami
9074,81,2,2023-05-06 20:02:59.088,89.498,30.165,33.886,25.447,220.0,191.0,334.0,66.9451219512195,41.379684928183366,0.0,0.20426829268292682,0.1798780487804878,5.439024390243903,7,10279.112804878048,1399.544498667302,12206,335,216.1981707317073,64,83.45443406704574,0.21036585365853658,0.38109756097560976,0.31402439024390244,0.09451219512195122,0.22560975609756098,328,36.0,McLaren,Oscar PIASTRI,United States,Miami,Miami
9153,1,20,2023-09-02 14:59:05.358,80.307,26.758,27.049,26.5,319.0,334.0,341.0,82.08474576271186,36.028375124834916,0.7661016949152543,0.10508474576271186,0.1288135593220339,6.501694915254237,7,10853.166101694915,1020.0023923891787,12147,343,260.7389830508475,74,70.31762007377554,0.4135593220338983,0.4135593220338983,0.1288135593220339,0.04406779661016949,0.22033898305084745,295,28.0,Red Bull Racing,Max VERSTAPPEN,Italy,Monza,Monza
9153,2,5,2023-09-02 14:08:39.173,83.967,27.178,27.974,28.815,323.0,338.0,347.0,74.70261437908496,39.815638162949746,0.6699346405228758,0.16339869281045752,0.1437908496732026,6.411764705882353,7,10850.849673202614,1346.622476925344,12794,348,249.2156862745098,68,74.70610756311962,0.35294117647058826,0.369281045751634,0.23202614379084968,0.0457516339869281,0.18627450980392157,306,39.0,Williams,Logan SARGEANT,Italy,Monza,Monza
9153,11,17,2023-09-02 14:51:14.582,80.921,27.007,27.34,26.574,320.0,336.0,343.0,81.25986842105263,36.48402473287044,0.7598684210526315,0.10855263157894737,0.13157894736842105,6.427631578947368,7,10867.970394736842,1049.8104036487193,12439,344,258.25657894736844,70,70.82162753616748,0.3815789473684211,0.4243421052631579,0.15460526315789475,0.039473684210526314,0.20394736842105263,304,32.0,Red Bull Racing,Sergio PEREZ,Italy,Monza,Monza
9177,27,2,2023-10-28 21:09:10.492,78.969,27.68,30.95,20.339,316.0,295.0,352.0,60.0242214532872,43.02756022669543,0.46366782006920415,0.23183391003460208,0.21453287197231835,4.913494809688581,7,10023.868512110726,1803.3461558034023,12548,353,193.41868512110727,63,86.7704974803494,0.16608996539792387,0.28027681660899656,0.3737024221453287,0.17993079584775087,0.2629757785467128,289,33.0,Haas F1 Team,Nico HULKENBERG,Mexico,Mexico City,Mexico City
9177,27,11,2023-10-28 21:37:37.177,78.524,27.683,30.563,20.278,317.0,296.0,347.0,61.21107266435986,42.72335608011354,0.4740484429065744,0.1972318339100346,0.19377162629757785,4.923875432525952,7,10142.681660899654,1743.07915880602,12384,348,196.87543252595157,66,86.27691841557605,0.17993079584775087,0.28027681660899656,0.39100346020761245,0.14878892733564014,0.28027681660899656,289,31.0,Haas F1 Team,Nico HULKENBERG,Mexico,Mexico City,Mexico City
7775,10,7,2023-03-18 17:16:28.753,89.89,32.726,28.573,28.591,287.0,316.0,328.0,80.98475609756098,35.75703449879871,0.7103658536585366,0.13414634146341464,0.10670731707317073,5.996951219512195,6,10683.923780487805,930.7205473675158,11967,329,244.640243902439,90,59.522810593755445,0.19817073170731708,0.573170731707317,0.21646341463414634,0.012195121951219513,0.24390243902439024,328,32.0,Alpine,Pierre GASLY,Saudi Arabia,Jeddah,Jeddah
9129,44,13,2023-07-22 14:38:39.978,77.427,28.271,27.494,21.662,280.0,251.0,304.0,68.85865724381625,39.19791327714793,0.5335689045936396,0.13074204946996468,0.21201413427561838,5.159010600706714,6,10376.491166077738,1187.0617111706358,12072,314,198.92579505300353,92,57.97075080829119,0.04240282685512368,0.45229681978798586,0.4911660777385159,0.014134275618374558,0.14487632508833923,283,41.0,Mercedes,Lewis HAMILTON,Hungary,Hungaroring,Budapest
9129,44,19,2023-07-22 14:59:29.261,76.609,27.817,27.124,21.668,279.0,252.0,302.0,71.68531468531468,39.00030041817168,0.5699300699300699,0.10839160839160839,0.1853146853146853,5.328671328671328,6,10500.454545454546,1070.7202181923776,12122,311,205.9055944055944,97,57.550479780613266,0.05244755244755245,0.4825174825174825,0.458041958041958,0.006993006993006993,0.17482517482517482,286,41.0,Mercedes,Lewis HAMILTON,Hungary,Hungaroring,Budapest
9074,4,7,2023-05-06 20:16:29.918,88.394,29.471,33.652,25.271,224.0,193.0,334.0,68.23839009287926,41.747713291891976,0.07430340557275542,0.21362229102167182,0.16718266253869968,5.414860681114551,7,10393.003095975233,1444.749683875622,12547,335,217.76470588235293,68,82.11184081867012,0.18885448916408668,0.42105263157894735,0.29102167182662536,0.09907120743034056,0.21671826625386997,323,35.0,McLaren,Lando NORRIS,United States,Miami,Miami
9074,11,10,2023-05-06 20:26:54.000,87.328,29.224,33.297,24.807,223.0,193.0,342.0,69.35384615384615,42.16883714558449,0.5907692307692308,0.19076923076923077,0.18769230769230769,5.52,7,10224.31076923077,1639.6446558839662,12108,343,220.06153846153848,71,85.10539524668788,0.22153846153846155,0.37538461538461537,0.2953846153846154,0.1076923076923077,0.2153846153846154,325,34.0,Red Bull Racing,Sergio PEREZ,United States,Miami,Miami
7775,63,12,2023-03-18 17:35:27.131,89.132,32.307,28.253,28.572,290.0,323.0,327.0,80.19526627218934,36.27496019528133,0.7011834319526628,0.13313609467455623,0.1390532544378698,6.381656804733728,6,10928.337278106508,1056.500397848338,12487,328,245.55917159763314,87,60.78598240936762,0.20710059171597633,0.5828402366863905,0.19230769230769232,0.01775147928994083,0.2514792899408284,338,35.0,Mercedes,George RUSSELL,Saudi Arabia,Jeddah,Jeddah
7775,77,15,2023-03-18 17:34:57.584,89.988,32.768,28.494,28.726,288.0,316.0,325.0,80.2927536231884,36.60019029862438,0.7043478260869566,0.1391304347826087,0.14492753623188406,6.27536231884058,6,10749.55652173913,1015.6993769156986,12225,328,244.48695652173913,97,60.55379578543584,0.19710144927536233,0.5768115942028985,0.22028985507246376,0.005797101449275362,0.23768115942028986,345,35.0,Alfa Romeo,Valtteri BOTTAS,Saudi Arabia,Jeddah,Jeddah
7775,81,17,2023-03-18 17:38:28.535,89.378,32.493,28.307,28.578,287.0,317.0,319.0,79.0680473372781,36.55301563836943,0.0,0.10946745562130178,0.12721893491124261,6.1982248520710055,6,10780.849112426036,1022.1221992608132,12189,322,244.15384615384616,87,60.190646670288736,0.19822485207100593,0.5739644970414202,0.21597633136094674,0.011834319526627219,0.2485207100591716,338,32.0,McLaren,Oscar PIASTRI,Saudi Arabia,Jeddah,Jeddah
9161,11,10,2023-09-16 13:55:23.704,92.31,27.245,38.87,26.195,309.0,278.0,300.0,68.58238636363636,41.912662237413485,0.5767045454545454,0.16193181818181818,0.1903409090909091,4.823863636363637,7,10191.21590909091,1467.0930184417152,12665,314,193.82102272727272,66,65.73341924613885,0.03409090909090909,0.4346590909090909,0.45454545454545453,0.07670454545454546,0.19886363636363635,352,51.0,Red Bull Racing,Sergio PEREZ,Singapore,Singapore,Marina Bay
9177,10,14,2023-10-28 21:38:44.645,78.521,27.774,30.39,20.357,311.0,291.0,341.0,60.227586206896554,43.598632534281684,0.4689655172413793,0.2793103448275862,0.18620689655172415,4.655172413793103,7,10021.027586206896,1522.0210018367743,11974,342,195.19310344827585,64,83.44990387929344,0.16206896551724137,0.29310344827586204,0.4241379310344828,0.1206896551724138,0.2896551724137931,290,36.0,Alpine,Pierre GASLY,Mexico,Mexico City,Mexico City
7768,23,5,2023-03-04 15:23:26.177,91.461,29.25,39.224,22.987,241.0,274.0,322.0,69.05413105413105,41.86085698085203,0.5698005698005698,0.21367521367521367,0.19373219373219372,5.655270655270655,6,10212.438746438747,1653.1985728391132,12438,324,213.13960113960113,67,70.46697624813159,0.11396011396011396,0.4985754985754986,0.29914529914529914,0.08831908831908832,0.2336182336182336,351,45.0,Williams,Alexander ALBON,Bahrain,Sakhir,Sakhir
9064,55,20,2023-04-28 14:17:10.406,101.016,35.512,40.689,24.815,224.0,243.0,317.0,71.69897959183673,41.0176956258494,0.5969387755102041,0.17857142857142858,0.2066326530612245,5.535714285714286,7,10284.392857142857,1519.7251009156034,12338,334,214.2423469387755,73,80.31408894121466,0.2193877551020408,0.336734693877551,0.375,0.06887755102040816,0.15816326530612246,392,49.0,Ferrari,Carlos SAINZ,Azerbaijan,Baku,Baku
9064,63,10,2023-04-28 13:43:17.554,102.073,35.887,41.096,25.09,223.0,244.0,312.0,68.97164948453609,43.099269109684045,0.6134020618556701,0.2345360824742268,0.2036082474226804,5.489690721649485,7,10236.927835051547,1537.3008343339582,12160,331,210.5,75,79.49490094644928,0.19072164948453607,0.35051546391752575,0.38144329896907214,0.07731958762886598,0.16237113402061856,388,56.0,Mercedes,George RUSSELL,Azerbaijan,Baku,Baku
9064,81,21,2023-04-28 14:21:32.981,102.097,35.828,41.081,25.188,215.0,236.0,311.0,68.46115288220551,42.68003981567406,0.0,0.21052631578947367,0.18546365914786966,5.2330827067669174,7,10376.962406015038,1114.242026021721,12007,326,209.05263157894737,76,77.10933135328605,0.17543859649122806,0.3533834586466165,0.41604010025062654,0.05513784461152882,0.15538847117794485,399,62.0,McLaren,Oscar PIASTRI,Azerbaijan,Baku,Baku
9064,81,23,2023-04-28 14:25:10.478,101.611,35.737,40.903,24.971,221.0,238.0,316.0,68.97179487179487,42.18671588035922,0.0,0.20256410256410257,0.19230769230769232,5.294871794871795,7,10427.95641025641,1137.234527635216,11977,331,210.75128205128206,78,80.18860919497615,0.2076923076923077,0.3333333333333333,0.3923076923076923,0.06666666666666667,0.1564102564102564,390,56.0,McLaren,Oscar PIASTRI,Azerbaijan,Baku,Baku
9193,31,2,2023-11-25 14:07:11.803,85.099,17.374,36.555,31.17,290.0,322.0,326.0,72.29449838187702,40.4857759472325,0.598705501618123,0.17475728155339806,0.1779935275080906,5.411003236245954,7,10318.679611650485,1262.9392398850416,11849,328,219.71521035598707,70,69.17287158993629,0.11974110032362459,0.49838187702265374,0.34627831715210355,0.03559870550161812,0.20064724919093851,309,39.0,Alpine,Esteban OCON,United Arab Emirates,Yas Marina Circuit,Yas Island
9193,63,5,2023-11-25 14:15:43.888,84.337,17.305,36.268,30.764,290.0,322.0,324.0,74.26332288401254,38.939877899275864,0.6300940438871473,0.16614420062695925,0.15047021943573669,5.868338557993731,7,10484.80250783699,1293.5144931128764,12205,326,224.09404388714734,66,69.9736962862498,0.14733542319749215,0.4827586206896552,0.3322884012539185,0.03761755485893417,0.21630094043887146,319,40.0,Mercedes,George RUSSELL,United Arab Emirates,Yas Marina Circuit,Yas Island
9090,16,2,2023-05-27 14:03:08.840,74.074,19.533,34.977,19.564,214.0,192.0,280.0,56.35374149659864,43.01151567701342,0.2925170068027211,0.1836734693877551,0.25510204081632654,3.891156462585034,7,9692.78231292517,1760.244568863003,12205,287,159.03061224489795,45,67.05325489066695,0.0,0.3129251700680272,0.42517006802721086,0.2619047619047619,0.06462585034013606,294,44.0,Ferrari,Charles LECLERC,Monaco,Monte Carlo,Monaco
9193,16,8,2023-11-25 14:29:58.107,84.555,17.407,36.315,30.833,290.0,324.0,329.0,73.38006230529595,38.477169870536294,0.003115264797507788,0.09657320872274143,0.18691588785046728,5.707165109034268,6,10494.417445482866,1291.392189729635,11934,332,223.86604361370718,69,70.38623888666443,0.14330218068535824,0.48598130841121495,0.3364485981308411,0.03426791277258567,0.22118380062305296,321,39.0,Ferrari,Charles LECLERC,United Arab Emirates,Yas Marina Circuit,Yas Island
9193,24,5,2023-11-25 14:16:41.059,85.159,17.332,37.008,30.819,289.0,321.0,326.0,73.65615141955836,39.51219650289424,0.6340694006309149,0.17034700315457413,0.15457413249211358,5.684542586750789,7,10439.410094637224,1218.6626420333278,11960,327,221.0,65,70.31740875973418,0.11987381703470032,0.49842271293375395,0.3312302839116719,0.050473186119873815,0.19873817034700317,317,37.0,Alfa Romeo,ZHOU Guanyu,United Arab Emirates,Yas Marina Circuit,Yas Island
9193,27,17,2023-11-25 14:59:00.092,84.108,17.243,36.351,30.514,287.0,320.0,325.0,75.03883495145631,38.8808341753456,0.5145631067961165,0.15210355987055016,0.1488673139158576,5.711974110032362,7,10556.414239482201,1204.996501284659,12523,327,224.88673139158576,70,68.909903431255,0.13592233009708737,0.511326860841424,0.3106796116504854,0.042071197411003236,0.23300970873786409,309,37.0,Haas F1 Team,Nico HULKENBERG,United Arab Emirates,Yas Marina Circuit,Yas Island
7768,11,11,2023-03-04 15:59:28.075,90.131,28.846,38.747,22.538,241.0,270.0,323.0,71.70760233918129,42.250154357208814,0.6403508771929824,0.20760233918128654,0.17543859649122806,5.207602339181286,7,10623.230994152047,1189.0057118655327,12473,325,215.2719298245614,73,69.81903106114865,0.09649122807017543,0.5321637426900585,0.28654970760233917,0.0847953216374269,0.24561403508771928,342,54.0,Red Bull Racing,Sergio PEREZ,Bahrain,Sakhir,Sakhir
7775,18,4,2023-03-18 17:13:05.021,89.913,32.462,28.484,28.967,291.0,305.0,319.0,82.94378698224853,33.65455211702888,0.04437869822485207,0.08875739644970414,0.11242603550295859,6.455621301775148,6,10845.112426035503,930.9272549928152,12026,323,247.31065088757396,90,59.2654938275683,0.20710059171597633,0.5769230769230769,0.20414201183431951,0.011834319526627219,0.20414201183431951,338,39.0,Aston Martin,Lance STROLL,Saudi Arabia,Jeddah,Jeddah
7775,20,12,2023-03-18 17:29:28.713,89.634,32.673,28.304,28.657,288.0,325.0,330.0,80.023598820059,36.49097364314053,0.6519174041297935,0.13864306784660768,0.12979351032448377,6.1415929203539825,6,10897.569321533923,1033.2102942732138,12604,332,245.10914454277287,87,62.05606745392358,0.20648967551622419,0.5575221238938053,0.2182890855457227,0.017699115044247787,0.24188790560471976,339,39.0,Haas F1 Team,Kevin MAGNUSSEN,Saudi Arabia,Jeddah,Jeddah
7775,27,13,2023-03-18 17:28:48.995,89.468,32.635,28.337,28.496,291.0,330.0,334.0,76.31176470588235,38.949515503258475,0.4588235294117647,0.1264705882352941,0.16176470588235295,6.252941176470588,6,10852.8,1039.738897334936,12142,336,246.46764705882353,88,64.79995639218933,0.24705882352941178,0.5088235294117647,0.22647058823529412,0.01764705882352941,0.2647058823529412,340,35.0,Haas F1 Team,Nico HULKENBERG,Saudi Arabia,Jeddah,Jeddah
9161,27,5,2023-09-16 13:08:30.519,93.16,27.272,39.455,26.433,312.0,280.0,301.0,64.52124645892351,41.93379829387051,0.5042492917847026,0.10198300283286119,0.20396600566572237,4.830028328611898,7,10196.070821529745,1453.7982904797627,12110,316,190.28611898016996,65,67.05145797816157,0.042492917847025496,0.40793201133144474,0.46742209631728043,0.0821529745042493,0.19830028328611898,353,54.0,Haas F1 Team,Nico HULKENBERG,Singapore,Singapore,Marina Bay
9161,27,20,2023-09-16 14:26:18.171,91.808,26.926,38.738,26.144,312.0,279.0,302.0,65.39473684210526,41.40536007796185,0.5146198830409356,0.038011695906432746,0.19005847953216373,4.87719298245614,7,10155.0,1555.5974552612408,12303,316,190.95029239766083,65,67.69779654320924,0.04678362573099415,0.41228070175438597,0.4444444444444444,0.09649122807017543,0.19883040935672514,342,51.0,Haas F1 Team,Nico HULKENBERG,Singapore,Singapore,Marina Bay
9161,31,8,2023-09-16 13:56:35.781,92.278,27.221,38.989,26.068,308.0,277.0,299.0,65.95428571428572,42.32989787120124,0.49714285714285716,0.2342857142857143,0.23714285714285716,4.5685714285714285,7,10111.171428571428,1419.9074647139473,12007,311,190.84,66,66.52338796342084,0.037142857142857144,0.4142857142857143,0.4685714285714286,0.08,0.2,350,50.0,Alpine,Esteban OCON,Singapore,Singapore,Marina Bay
9215,20,5,2023-10-06 17:09:29.065,87.504,32.586,29.299,25.619,240.0,288.0,315.0,71.86363636363636,39.8715591224904,0.5909090909090909,0.1606060606060606,0.1787878787878788,5.7272727272727275,6,10467.933333333332,1108.6041834954558,11985,318,221.55757575757576,87,54.43122332937726,0.06666666666666667,0.5818181818181818,0.3393939393939394,0.012121212121212121,0.10606060606060606,330,31.0,Haas F1 Team,Kevin MAGNUSSEN,Qatar,Lusail,Lusail
9215,22,2,2023-10-06 17:02:46.854,88.116,32.697,29.707,25.712,238.0,286.0,311.0,71.21176470588236,40.16128079074089,0.5647058823529412,0.19117647058823528,0.15,5.508823529411765,6,10509.75294117647,1063.069912045736,12055,313,221.35,90,53.796166974245885,0.058823529411764705,0.5941176470588235,0.3352941176470588,0.011764705882352941,0.12058823529411765,340,31.0,AlphaTauri,Yuki TSUNODA,Qatar,Lusail,Lusail
9215,22,7,2023-10-06 17:13:56.342,86.058,31.849,29.084,25.125,241.0,285.0,313.0,73.68975903614458,39.1502275570211,0.6054216867469879,0.1716867469879518,0.2319277108433735,5.4879518072289155,6,10698.650602409638,982.977758305293,12335,316,224.9156626506024,95,52.473720614691416,0.06626506024096386,0.6234939759036144,0.3042168674698795,0.006024096385542169,0.1144578313253012,332,30.0,AlphaTauri,Yuki TSUNODA,Qatar,Lusail,Lusail
9215,22,12,2023-10-06 17:29:23.045,85.565,31.583,28.979,25.003,240.0,286.0,313.0,74.54430379746836,38.563012945700585,0.5981012658227848,0.16139240506329114,0.1360759493670886,5.531645569620253,6,10724.303797468354,993.8745646565512,12216,314,226.1360759493671,93,53.041677196248614,0.06962025316455696,0.620253164556962,0.2974683544303797,0.012658227848101266,0.10759493670886076,316,30.0,AlphaTauri,Yuki TSUNODA,Qatar,Lusail,Lusail
9215,23,7,2023-10-06 17:14:30.982,86.303,31.941,29.252,25.11,240.0,288.0,319.0,69.35474006116208,40.06531669282084,0.5351681957186545,0.1651376146788991,0.1834862385321101,5.813455657492355,6,10776.394495412844,960.5661069059615,12134,321,225.73394495412845,92,54.63975308520056,0.07339449541284404,0.6024464831804281,0.3119266055045872,0.012232415902140673,0.10703363914373089,327,32.0,Williams,Alexander ALBON,Qatar,Lusail,Lusail
9112,2,5,2023-06-30 15:16:09.624,66.295,16.538,29.525,20.232,324.0,245.0,317.0,71.34567901234568,41.839073978963754,0.6378600823045267,0.1934156378600823,0.1728395061728395,6.0699588477366255,7,10572.798353909466,1234.8634868161182,12030,326,231.2716049382716,68,68.51108597250915,0.17695473251028807,0.551440329218107,0.2139917695473251,0.05761316872427984,0.345679012345679,243,36.0,Williams,Logan SARGEANT,Austria,Spielberg,Spielberg
9161,22,5,2023-09-16 13:16:40.370,91.991,27.177,38.747,26.067,306.0,275.0,295.0,67.59171597633136,42.49208887112113,0.5414201183431953,0.23076923076923078,0.1893491124260355,4.718934911242603,7,10175.115384615385,1554.0028398975005,12344,309,191.54437869822485,65,65.3855907120081,0.026627218934911243,0.4319526627218935,0.4526627218934911,0.08875739644970414,0.19230769230769232,338,46.0,AlphaTauri,Yuki TSUNODA,Singapore,Singapore,Marina Bay
9207,4,10,2023-10-20 21:28:14.928,95.981,25.578,38.342,32.061,233.0,192.0,321.0,65.42936288088643,41.77673624138011,0.0,0.19667590027700832,0.15512465373961218,5.204986149584488,7,10297.12188365651,1367.2572145206123,12304,323,206.50692520775624,74,71.63317497824478,0.09418282548476455,0.4930747922437673,0.3157894736842105,0.09695290858725762,0.1745152354570637,361,47.0,McLaren,Lando NORRIS,United States,Austin,Austin
9207,16,11,2023-10-20 21:27:35.929,95.888,25.724,38.425,31.739,229.0,190.0,324.0,67.60330578512396,39.59131259810025,0.12396694214876033,0.11570247933884298,0.20110192837465565,5.2727272727272725,6,10088.793388429753,1530.797433745101,11914,326,203.0275482093664,74,72.47105965568964,0.09641873278236915,0.4490358126721763,0.3415977961432507,0.11294765840220386,0.18457300275482094,363,48.0,Ferrari,Charles LECLERC,United States,Austin,Austin
9207,18,8,2023-10-20 21:17:55.467,96.589,26.048,38.711,31.83,213.0,189.0,321.0,67.75783475783476,40.690905124729774,0.014245014245014245,0.07977207977207977,0.20797720797720798,5.361823361823362,7,10075.891737891738,1626.1008331817557,11928,321,202.67806267806267,72,71.0142967714977,0.08262108262108261,0.48148148148148145,0.3162393162393162,0.11965811965811966,0.17663817663817663,351,41.0,Aston Martin,Lance STROLL,United States,Austin,Austin
9207,20,11,2023-10-20 21:38:06.312,95.88,25.759,38.55,31.571,237.0,188.0,329.0,66.12841530054645,42.69910539247239,0.4808743169398907,0.22404371584699453,0.20765027322404372,5.1775956284153,7,10346.303278688525,1338.490719579401,12458,331,204.15027322404373,78,71.87341869560427,0.09562841530054644,0.4426229508196721,0.3551912568306011,0.10655737704918032,0.1885245901639344,366,46.0,Haas F1 Team,Kevin MAGNUSSEN,United States,Austin,Austin
9207,22,11,2023-10-20 21:38:30.796,95.697,25.674,38.554,31.469,236.0,184.0,319.0,69.37808219178082,41.63762512418592,0.5698630136986301,0.2191780821917808,0.1726027397260274,5.147945205479452,6,10203.4301369863,1547.7909972174175,12569,320,206.03287671232877,75,69.17984218328331,0.07397260273972603,0.4958904109589041,0.3452054794520548,0.08493150684931507,0.1780821917808219,365,39.0,AlphaTauri,Yuki TSUNODA,United States,Austin,Austin
9207,24,11,2023-10-20 21:28:48.944,96.115,25.864,38.505,31.746,230.0,190.0,320.0,68.25409836065573,41.95377001860335,0.5710382513661202,0.22404371584699453,0.1830601092896175,5.314207650273224,6,10075.65300546448,1511.0151762396558,11856,322,204.0792349726776,76,70.45567346776758,0.08469945355191257,0.46994535519125685,0.34972677595628415,0.09562841530054644,0.17486338797814208,366,47.0,Alfa Romeo,ZHOU Guanyu,United States,Austin,Austin
7768,55,8,2023-03-04 15:38:37.145,91.463,29.184,39.406,22.873,241.0,270.0,323.0,69.55428571428571,39.832114319355746,0.025714285714285714,0.17714285714285713,0.18571428571428572,5.574285714285714,7,10101.44,1594.988749940114,12272,327,211.14285714285714,66,73.17512175962129,0.11142857142857143,0.4828571428571429,0.3028571428571429,0.10285714285714286,0.24571428571428572,350,43.0,Ferrari,Carlos SAINZ,Bahrain,Sakhir,Sakhir
7768,55,11,2023-03-04 15:47:15.245,90.515,28.78,39.032,22.703,242.0,270.0,326.0,72.32080924855491,39.42210775964147,0.023121387283236993,0.17052023121387283,0.1791907514450867,5.641618497109826,7,10268.225433526011,1398.0859321479843,12341,330,215.242774566474,65,69.27160588888056,0.1069364161849711,0.5260115606936416,0.2832369942196532,0.0838150289017341,0.23121387283236994,346,42.0,Ferrari,Carlos SAINZ,Bahrain,Sakhir,Sakhir
9153,22,8,2023-09-02 14:17:38.229,81.852,27.064,27.612,27.176,320.0,339.0,346.0,79.8952380952381,37.57122928845524,0.7365079365079366,0.13015873015873017,0.11428571428571428,6.196825396825397,7,10909.698412698413,1141.8721613907815,12261,347,252.87301587301587,70,73.51738216047302,0.35555555555555557,0.43174603174603177,0.16507936507936508,0.047619047619047616,0.19682539682539682,315,35.0,AlphaTauri,Yuki TSUNODA,Italy,Monza,Monza
9169,40,2,2023-09-23 06:02:15.963,91.729,32.279,41.148,18.302,279.0,302.0,300.0,74.90379008746356,37.89944471321239,0.6005830903790087,0.15160349854227406,0.12244897959183673,5.746355685131196,7,10398.250728862973,1326.5316937834702,12272,326,227.58309037900875,70,65.3070431781079,0.15160349854227406,0.5539358600583091,0.22740524781341107,0.06705539358600583,0.09620991253644315,343,29.0,AlphaTauri,Liam LAWSON,Japan,Suzuka,Suzuka
9169,44,2,2023-09-23 06:05:40.117,91.017,31.766,41.05,18.201,281.0,304.0,302.0,74.56716417910448,37.10013310844828,0.5761194029850746,0.10149253731343283,0.14626865671641792,6.164179104477612,6,10383.629850746269,1381.4682440381694,12155,326,229.0597014925373,74,64.3135751301264,0.14626865671641792,0.5701492537313433,0.21791044776119403,0.06567164179104477,0.09253731343283582,335,34.0,Mercedes,Lewis HAMILTON,Japan,Suzuka,Suzuka
9215,55,17,2023-10-06 17:37:59.582,85.328,31.476,28.828,25.024,246.0,289.0,318.0,74.01234567901234,38.20175990861457,0.49074074074074076,0.10802469135802469,0.2222222222222222,5.898148148148148,6,10524.725308641975,1049.5633686768615,11977,320,227.48765432098764,93,54.05492421262338,0.07407407407407407,0.6172839506172839,0.29012345679012347,0.018518518518518517,0.10802469135802469,324,28.0,Ferrari,Carlos SAINZ,Qatar,Lusail,Lusail
9215,63,11,2023-10-06 17:30:17.231,84.964,31.53,28.58,24.854,243.0,286.0,313.0,74.3948220064725,38.10783706573497,0.6116504854368932,0.1553398058252427,0.14563106796116504,5.831715210355987,6,10933.294498381878,861.6088360536579,12132,315,229.44983818770226,94,52.04688422414225,0.07119741100323625,0.6504854368932039,0.2686084142394822,0.009708737864077669,0.11326860841423948,309,41.0,Mercedes,George RUSSELL,Qatar,Lusail,Lusail
9215,63,14,2023-10-06 17:39:08.597,84.827,31.264,28.635,24.928,246.0,285.0,316.0,75.05607476635514,38.038179449000864,0.632398753894081,0.1588785046728972,0.1526479750778816,5.8193146417445485,6,10899.264797507789,900.3247998851092,12136,318,228.85046728971963,94,52.449285696694275,0.08099688473520249,0.632398753894081,0.2772585669781931,0.009345794392523364,0.11526479750778816,321,37.0,Mercedes,George RUSSELL,Qatar,Lusail,Lusail
9215,81,6,2023-10-06 17:13:38.170,85.769,31.661,29.074,25.034,243.0,288.0,316.0,70.35562310030394,40.305139178508924,0.0,0.17325227963525835,0.1458966565349544,5.738601823708207,6,10674.26443768997,957.7973778699949,12173,318,226.79635258358664,93,54.42485745141658,0.08206686930091185,0.5987841945288754,0.3069908814589666,0.0121580547112462,0.11246200607902736,329,34.0,McLaren,Oscar PIASTRI,Qatar,Lusail,Lusail
9064,14,3,2023-04-28 13:04:35.049,102.648,36.31,41.482,24.856,221.0,232.0,319.0,66.55038759689923,42.79048146788634,0.09302325581395349,0.2248062015503876,0.22739018087855298,5.255813953488372,7,10281.870801033592,1488.388922392481,12300,334,206.19121447028425,70,81.05486292285934,0.20930232558139536,0.28940568475452194,0.4160206718346253,0.08527131782945736,0.14987080103359174,387,59.0,Aston Martin,Fernando ALONSO,Azerbaijan,Baku,Baku
9129,16,4,2023-07-22 14:06:21.813,79.635,28.566,28.391,22.678,283.0,245.0,305.0,65.53246753246754,39.820635121926436,0.00974025974025974,0.10064935064935066,0.21753246753246752,4.951298701298701,6,10433.762987012988,1181.3087311260747,12036,319,198.21103896103895,89,60.21647383725337,0.048701298701298704,0.4383116883116883,0.4935064935064935,0.01948051948051948,0.15584415584415584,308,43.0,Ferrari,Charles LECLERC,Hungary,Hungaroring,Budapest
9129,27,16,2023-07-22 14:50:16.564,77.298,28.038,27.507,21.753,281.0,251.0,303.0,66.83561643835617,42.43159482199082,0.5513698630136986,0.2089041095890411,0.19863013698630136,5.11986301369863,6,10493.736301369863,1173.4991711946466,12382,314,203.34246575342465,95,58.016876127111935,0.04452054794520548,0.4794520547945205,0.4657534246575342,0.010273972602739725,0.1643835616438356,292,40.0,Haas F1 Team,Nico HULKENBERG,Hungary,Hungaroring,Budapest
9169,14,14,2023-09-23 07:08:53.746,90.56,31.35,41.004,18.206,277.0,301.0,299.0,75.5679012345679,38.52053073960433,0.4228395061728395,0.13580246913580246,0.13271604938271606,6.157407407407407,6,10384.87037037037,1395.7521231709038,12019,327,229.99382716049382,69,65.11927583762805,0.15123456790123457,0.5679012345679012,0.20987654320987653,0.07098765432098765,0.09567901234567901,324,30.0,Aston Martin,Fernando ALONSO,Japan,Suzuka,Suzuka
9314,44,7,2023-11-18 08:16:35.474,94.307,26.973,31.422,35.912,185.0,215.0,344.0,73.46802325581395,39.682693654450006,0.6191860465116279,0.10755813953488372,0.16569767441860464,6.023255813953488,6,10545.688953488372,1677.8214266431032,12703,346,232.13372093023256,84,84.42948390054262,0.311046511627907,0.32848837209302323,0.2877906976744186,0.07267441860465117,0.15988372093023256,344,38.0,Mercedes,Lewis HAMILTON,United States,Las Vegas,Las Vegas
9090,81,14,2023-05-27 14:38:25.237,72.395,18.983,34.302,19.11,219.0,203.0,282.0,54.059649122807016,44.4922839474708,0.4,0.3017543859649123,0.2631578947368421,3.9368421052631577,7,9841.712280701755,1707.903242970354,12917,289,163.70526315789473,43,67.84669032233326,0.0,0.3333333333333333,0.4280701754385965,0.23859649122807017,0.06315789473684211,285,40.0,McLaren,Oscar PIASTRI,Monaco,Monte Carlo,Monaco
9112,55,12,2023-06-30 15:33:10.387,65.486,16.45,29.304,19.732,323.0,246.0,316.0,76.26104417670683,36.485195413882174,0.10441767068273092,0.10040160642570281,0.18072289156626506,6.232931726907631,7,10533.738955823294,1198.6504878675155,12060,324,236.9437751004016,65,65.38179474500718,0.18875502008032127,0.5622489959839357,0.21285140562248997,0.03614457831325301,0.3453815261044177,249,31.0,Ferrari,Carlos SAINZ,Austria,Spielberg,Spielberg
9112,63,6,2023-06-30 15:13:54.939,65.997,16.631,29.383,19.983,319.0,245.0,313.0,75.75102040816327,38.39878179873199,0.6571428571428571,0.1346938775510204,0.17142857142857143,6.216326530612245,7,10594.310204081632,1271.3217860584807,12121,321,233.41224489795917,68,65.43465528099813,0.1836734693877551,0.5428571428571428,0.22857142857142856,0.044897959183673466,0.33877551020408164,245,36.0,Mercedes,George RUSSELL,Austria,Spielberg,Spielberg
9207,31,20,2023-10-20 21:59:14.626,95.154,25.402,38.365,31.387,239.0,190.0,323.0,68.1046511627907,42.39926262348183,0.561046511627907,0.22965116279069767,0.22674418604651161,5.087209302325581,7,10022.241279069767,1491.2756597015136,11825,324,205.66860465116278,73,71.78637365785572,0.0872093023255814,0.48546511627906974,0.3168604651162791,0.11046511627906977,0.18604651162790697,344,47.0,Alpine,Esteban OCON,United States,Austin,Austin
9112,16,22,2023-06-30 15:56:31.222,64.709,16.359,28.722,19.628,322.0,248.0,317.0,78.53941908713693,34.458663371172726,0.0,0.05394190871369295,0.16597510373443983,6.058091286307054,7,10684.871369294606,1001.2435580576115,11900,325,237.78423236514521,70,65.00996013698553,0.1908713692946058,0.5684647302904564,0.1991701244813278,0.04149377593360996,0.3278008298755187,241,32.0,Ferrari,Charles LECLERC,Austria,Spielberg,Spielberg
9112,20,9,2023-06-30 15:22:55.429,65.971,16.578,29.35,20.043,321.0,242.0,316.0,73.80566801619433,40.42420751367738,0.2388663967611336,0.16194331983805668,0.17408906882591094,6.145748987854251,6,10456.060728744938,1415.919759234156,12499,322,235.21457489878543,71,66.61812137588305,0.19838056680161945,0.5344129554655871,0.22267206477732793,0.044534412955465584,0.3603238866396761,247,23.0,Haas F1 Team,Kevin MAGNUSSEN,Austria,Spielberg,Spielberg
9193,3,8,2023-11-25 14:29:06.280,84.929,17.497,36.43,31.002,287.0,320.0,324.0,73.5141065830721,39.852467175837226,0.6363636363636364,0.1724137931034483,0.14733542319749215,5.460815047021944,7,10540.17868338558,1146.9781144450274,12390,325,221.96238244514106,69,67.05619413346236,0.12539184952978055,0.5015673981191222,0.3448275862068966,0.02821316614420063,0.20689655172413793,319,43.0,AlphaTauri,Daniel RICCIARDO,United Arab Emirates,Yas Marina Circuit,Yas Island
9193,10,2,2023-11-25 14:07:27.194,85.395,17.462,36.66,31.273,290.0,322.0,325.0,74.86538461538461,38.889998472641764,0.6282051282051282,0.16346153846153846,0.1282051282051282,5.451923076923077,7,10287.073717948719,1271.6742480926541,11855,326,219.79807692307693,68,69.88295862553136,0.12179487179487179,0.4935897435897436,0.34615384615384615,0.038461538461538464,0.20512820512820512,312,37.0,Alpine,Pierre GASLY,United Arab Emirates,Yas Marina Circuit,Yas Island
9193,10,11,2023-11-25 14:37:54.880,84.078,17.202,36.091,30.785,291.0,322.0,326.0,75.75776397515529,38.62525063040855,0.6614906832298136,0.15217391304347827,0.12732919254658384,5.472049689440993,7,10447.673913043478,1196.6125016085296,11905,328,224.40993788819875,68,68.5968830340701,0.13354037267080746,0.5124223602484472,0.32608695652173914,0.027950310559006212,0.2080745341614907,322,35.0,Alpine,Pierre GASLY,United Arab Emirates,Yas Marina Circuit,Yas Island
9129,1,11,2023-07-22 14:28:37.063,77.296,28.07,27.462,21.764,281.0,253.0,302.0,65.49169435215947,43.26111530523613,0.5548172757475083,0.15946843853820597,0.21262458471760798,5.06312292358804,6,10267.159468438538,1225.5542261163791,12055,312,202.3953488372093,96,59.00497022817576,0.04983388704318937,0.44518272425249167,0.4883720930232558,0.016611295681063124,0.16611295681063123,301,40.0,Red Bull Racing,Max VERSTAPPEN,Hungary,Hungaroring,Budapest
9129,3,8,2023-07-22 14:16:41.462,78.906,28.418,28.308,22.18,280.0,245.0,297.0,66.03424657534246,43.006499050710765,0.5342465753424658,0.2328767123287671,0.21232876712328766,4.88013698630137,6,10363.88698630137,1194.685070107297,12411,308,199.50342465753425,94,57.47286814161842,0.0273972602739726,0.4794520547945205,0.476027397260274,0.017123287671232876,0.17123287671232876,292,37.0,AlphaTauri,Daniel RICCIARDO,Hungary,Hungaroring,Budapest
9129,11,16,2023-07-22 14:39:35.446,80.346,28.161,27.489,24.696,281.0,253.0,305.0,60.66,42.72793764644386,0.4633333333333333,0.17333333333333334,0.19666666666666666,4.873333333333333,6,10077.59,1358.8680423136768,11929,316,193.29666666666665,93,60.69261873395178,0.05,0.38666666666666666,0.53,0.03333333333333333,0.12,300,32.0,Red Bull Racing,Sergio PEREZ,Hungary,Hungaroring,Budapest
9129,14,17,2023-07-22 14:50:31.299,77.043,27.948,27.362,21.733,281.0,251.0,305.0,65.35714285714286,42.04797763517516,0.09863945578231292,0.21768707482993196,0.20748299319727892,5.309523809523809,6,10335.418367346938,1059.2891259508592,11865,315,202.39455782312925,94,58.51152073753362,0.047619047619047616,0.45918367346938777,0.48299319727891155,0.01020408163265306,0.16666666666666666,294,44.0,Aston Martin,Fernando ALONSO,Hungary,Hungaroring,Budapest
9314,3,5,2023-11-18 08:07:22.312,95.586,27.329,31.871,36.386,184.0,210.0,338.0,72.5,41.09664079091527,0.6318681318681318,0.19230769230769232,0.1565934065934066,5.642857142857143,7,10594.516483516483,1353.188699101101,12289,346,230.47802197802199,82,85.61289043566292,0.3076923076923077,0.3131868131868132,0.3021978021978022,0.07692307692307693,0.18406593406593408,364,44.0,AlphaTauri,Daniel RICCIARDO,United States,Las Vegas,Las Vegas
9314,10,7,2023-11-18 08:13:18.024,94.272,27.027,31.32,35.925,186.0,214.0,343.0,74.06214689265536,40.266767407099515,0.6468926553672316,0.18926553672316385,0.15254237288135594,5.822033898305085,6,10393.78813559322,1387.6843665480826,12132,351,235.0536723163842,92,83.68844793590479,0.3163841807909605,0.3333333333333333,0.3107344632768362,0.03954802259887006,0.15254237288135594,354,37.0,Alpine,Pierre GASLY,United States,Las Vegas,Las Vegas
9064,1,10,2023-04-28 13:55:16.796,101.193,35.663,40.766,24.764,229.0,246.0,317.0,68.89405684754522,43.398164293772815,0.6201550387596899,0.22997416020671835,0.2144702842377261,5.24031007751938,7,10304.741602067183,1382.2927752387398,12636,338,211.0361757105943,76,79.34393378087559,0.1937984496124031,0.3385012919896641,0.4134366925064599,0.05426356589147287,0.13953488372093023,387,50.0,Red Bull Racing,Max VERSTAPPEN,Azerbaijan,Baku,Baku
9064,1,16,2023-04-28 14:17:03.749,100.445,35.33,40.335,24.78,227.0,240.0,318.0,72.95844155844156,41.43579794973911,0.6493506493506493,0.1974025974025974,0.18961038961038962,5.3194805194805195,7,10457.251948051948,1287.8312969398235,12379,339,215.08051948051948,76,77.9175997698601,0.2077922077922078,0.35844155844155845,0.3922077922077922,0.04155844155844156,0.15584415584415584,385,48.0,Red Bull Racing,Max VERSTAPPEN,Azerbaijan,Baku,Baku
9064,4,19,2023-04-28 14:25:41.509,101.281,35.461,40.735,25.085,223.0,239.0,312.0,68.42970822281167,42.54054346712638,0.1856763925729443,0.22546419098143236,0.1856763925729443,5.230769230769231,7,10320.384615384615,1186.8165168899052,12316,327,208.49336870026525,76,78.06963329028211,0.18037135278514588,0.35013262599469497,0.40583554376657827,0.0636604774535809,0.15119363395225463,377,54.0,McLaren,Lando NORRIS,Azerbaijan,Baku,Baku
9314,16,19,2023-11-18 08:50:25.547,93.021,26.079,31.075,35.867,187.0,212.0,345.0,76.76453488372093,38.0338934057039,0.6715116279069767,0.061046511627906974,0.15988372093023256,6.023255813953488,6,10725.139534883721,1273.9765495074191,12442,350,239.28197674418604,87,82.46652555722535,0.34011627906976744,0.34011627906976744,0.26744186046511625,0.05232558139534884,0.14534883720930233,344,38.0,Ferrari,Charles LECLERC,United States,Las Vegas,Las Vegas
9314,23,3,2023-11-18 08:08:24.717,95.025,27.141,31.677,36.207,187.0,215.0,332.0,71.64917127071823,41.412740580813995,0.6215469613259669,0.19613259668508287,0.19060773480662985,6.0,6,10670.950276243095,1526.0895232514251,12772,347,235.30662983425415,84,83.7095453885907,0.3287292817679558,0.3314917127071823,0.287292817679558,0.052486187845303865,0.15469613259668508,362,38.0,Williams,Alexander ALBON,United States,Las Vegas,Las Vegas
9314,24,2,2023-11-18 08:02:12.411,96.988,27.899,32.343,36.746,183.0,214.0,307.0,69.25925925925925,42.56742483101695,0.6058201058201058,0.21957671957671956,0.2037037037037037,5.992063492063492,6,10190.796296296296,1758.3665144797164,12429,351,229.5026455026455,86,87.01505247012135,0.32275132275132273,0.2962962962962963,0.3148148148148148,0.06613756613756613,0.14814814814814814,378,44.0,Alfa Romeo,ZHOU Guanyu,United States,Las Vegas,Las Vegas
9090,31,25,2023-05-27 15:06:18.562,71.553,18.728,33.903,18.922,216.0,206.0,278.0,56.59574468085106,43.95905223776744,0.41843971631205673,0.2978723404255319,0.29432624113475175,3.7907801418439715,7,9739.560283687943,1609.0191940482173,12296,285,164.17375886524823,46,67.94116372922349,0.0,0.34397163120567376,0.41843971631205673,0.2375886524822695,0.07446808510638298,282,40.0,Alpine,Esteban OCON,Monaco,Monte Carlo,Monaco
9090,55,19,2023-05-27 14:47:05.732,72.291,18.939,34.235,19.117,,205.0,280.0,57.879120879120876,42.42731721760321,0.2967032967032967,0.17582417582417584,0.29304029304029305,4.102564102564102,7,9791.754578754579,1751.0762494702335,12152,288,165.05494505494505,46,68.3082916287323,0.0,0.34065934065934067,0.4249084249084249,0.23443223443223443,0.07692307692307693,273,38.0,Ferrari,Carlos SAINZ,Monaco,Monte Carlo,Monaco
9169,20,8,2023-09-23 06:52:09.679,90.665,31.626,40.896,18.143,280.0,304.0,303.0,74.55389221556887,38.76984253915497,0.46706586826347307,0.15568862275449102,0.1347305389221557,6.0119760479041915,7,10460.41017964072,1215.9888038906256,12007,334,231.18263473053892,72,65.98871182204003,0.17964071856287425,0.5329341317365269,0.2245508982035928,0.06287425149700598,0.10479041916167664,334,33.0,Haas F1 Team,Kevin MAGNUSSEN,Japan,Suzuka,Suzuka
9215,1,4,2023-10-06 17:05:24.023,86.488,31.667,29.498,25.323,241.0,289.0,322.0,70.66964285714286,41.43292836989565,0.5952380952380952,0.16071428571428573,0.16666666666666666,5.5625,6,10527.014880952382,1075.0980197250396,12063,322,223.63988095238096,87,56.527035549774645,0.0744047619047619,0.5833333333333334,0.32142857142857145,0.020833333333333332,0.11011904761904762,336,35.0,Red Bull Racing,Max VERSTAPPEN,Qatar,Lusail,Lusail
9215,10,4,2023-10-06 17:06:41.381,89.275,31.745,30.273,27.257,228.0,285.0,313.0,67.43251533742331,41.25522867887071,0.5306748466257669,0.19325153374233128,0.17484662576687116,5.233128834355829,7,10441.552147239263,1032.524819762772,12023,314,216.51226993865032,85,53.88207782300001,0.06441717791411043,0.5920245398773006,0.31901840490797545,0.024539877300613498,0.10429447852760736,326,39.0,Alpine,Pierre GASLY,Qatar,Lusail,Lusail
9215,10,9,2023-10-06 17:17:43.838,85.566,31.653,28.833,25.08,243.0,286.0,317.0,74.03246753246754,38.48785397158052,0.577922077922078,0.16233766233766234,0.12987012987012986,5.496753246753247,6,10537.594155844155,979.2681044646354,11897,318,226.45454545454547,94,53.335895950673994,0.07142857142857142,0.6103896103896104,0.3051948051948052,0.012987012987012988,0.1038961038961039,308,33.0,Alpine,Pierre GASLY,Qatar,Lusail,Lusail
9215,16,18,2023-10-06 17:39:31.362,85.159,31.365,28.867,24.927,246.0,289.0,321.0,75.65605095541402,35.61916298252488,0.4681528662420382,0.03184713375796178,0.15605095541401273,5.818471337579618,6,10578.671974522293,1022.6872126251582,12042,324,226.95541401273886,91,54.745690766450096,0.0732484076433121,0.6114649681528662,0.29936305732484075,0.01592356687898089,0.10828025477707007,314,30.0,Ferrari,Charles LECLERC,Qatar,Lusail,Lusail
9074,44,14,2023-05-06 20:38:59.722,87.975,29.62,33.376,24.979,221.0,193.0,337.0,70.13333333333334,40.463880600258996,0.5787878787878787,0.15454545454545454,0.1696969696969697,5.821212121212121,7,10410.624242424243,1523.2686593405174,12406,339,222.0090909090909,68,83.71359795429719,0.23939393939393938,0.36666666666666664,0.30606060606060603,0.08787878787878788,0.23636363636363636,330,37.0,Mercedes,Lewis HAMILTON,United States,Miami,Miami
9074,63,11,2023-05-06 20:27:03.156,88.187,29.478,33.5,25.209,219.0,194.0,336.0,69.35135135135135,41.4706999155018,0.5705705705705706,0.21921921921921922,0.17717717717717718,5.675675675675675,7,10255.58858858859,1681.025075102213,12389,338,216.4834834834835,65,82.47820375015988,0.2012012012012012,0.38738738738738737,0.3123123123123123,0.0990990990990991,0.21921921921921922,333,34.0,Mercedes,George RUSSELL,United States,Miami,Miami
9153,14,10,2023-09-02 14:28:52.972,81.543,26.984,27.527,27.032,320.0,338.0,344.0,79.96440129449839,37.08776045235014,0.7087378640776699,0.13268608414239483,0.13268608414239483,6.533980582524272,7,11018.00647249191,1155.3162944482824,12706,345,255.7378640776699,71,71.82960914531336,0.3948220064724919,0.3883495145631068,0.1779935275080906,0.038834951456310676,0.20388349514563106,309,36.0,Aston Martin,Fernando ALONSO,Italy,Monza,Monza
9177,23,2,2023-10-28 21:07:55.478,79.382,27.729,30.554,21.099,314.0,295.0,346.0,55.56333333333333,44.22622735635658,0.42333333333333334,0.28,0.25,5.09,7,9869.983333333334,1891.1913066238765,12790,348,193.35666666666665,61,84.4128815453633,0.16,0.29,0.42,0.13,0.26666666666666666,300,32.0,Williams,Alexander ALBON,Mexico,Mexico City,Mexico City
7775,1,2,2023-03-18 17:05:18.855,88.761,32.268,28.188,28.305,293.0,331.0,337.0,78.67391304347827,37.78125105204743,0.7018633540372671,0.13043478260869565,0.13664596273291926,6.130434782608695,6,10792.201863354037,1083.8375541839505,12088,338,246.6583850931677,85,64.72280752722631,0.2329192546583851,0.5403726708074534,0.20186335403726707,0.024844720496894408,0.2422360248447205,322,35.0,Red Bull Racing,Max VERSTAPPEN,Saudi Arabia,Jeddah,Jeddah
9129,81,11,2023-07-22 14:29:52.859,77.571,28.197,27.458,21.916,280.0,252.0,302.0,66.16319444444444,41.91792752033061,0.09722222222222222,0.21875,0.1875,5.107638888888889,6,10465.086805555555,1105.2841481662838,11880,314,204.62847222222223,95,58.11304754116646,0.04513888888888889,0.4861111111111111,0.4548611111111111,0.013888888888888888,0.16666666666666666,288,39.0,McLaren,Oscar PIASTRI,Hungary,Hungaroring,Budapest
9074,2,9,2023-05-06 20:16:05.699,88.577,29.832,33.759,24.986,219.0,191.0,338.0,66.27018633540372,42.313011549434975,0.5403726708074534,0.2236024844720497,0.19875776397515527,5.717391304347826,6,10099.76397515528,1793.5958261917408,12453,339,215.69565217391303,69,85.37051688010962,0.2236024844720497,0.35093167701863354,0.3167701863354037,0.10869565217391304,0.2080745341614907,322,37.0,Williams,Logan SARGEANT,United States,Miami,Miami
9074,10,2,2023-05-06 20:03:14.463,88.754,29.85,33.662,25.242,220.0,190.0,334.0,69.18098159509202,40.7942047952851,0.5613496932515337,0.18404907975460122,0.13803680981595093,5.193251533742331,7,10395.825153374233,1405.9459066448878,12398,335,216.05828220858896,68,81.62069670857979,0.17484662576687116,0.4325153374233129,0.29141104294478526,0.10122699386503067,0.2085889570552147,326,34.0,Alpine,Pierre GASLY,United States,Miami,Miami
9074,14,7,2023-05-06 20:16:24.058,88.179,29.676,33.59,24.913,221.0,193.0,336.0,70.0,39.97238794602163,0.2610062893081761,0.16352201257861634,0.16037735849056603,5.751572327044025,7,10219.0786163522,1614.3304059005752,12390,337,219.68867924528303,62,84.18509311619228,0.22012578616352202,0.3867924528301887,0.279874213836478,0.11320754716981132,0.22955974842767296,318,40.0,Aston Martin,Fernando ALONSO,United States,Miami,Miami
7775,55,8,2023-03-18 17:16:40.738,89.411,32.645,28.294,28.472,290.0,327.0,332.0,80.87461773700306,34.89844422003929,0.20489296636085627,0.07951070336391437,0.13761467889908258,6.3119266055045875,6,10777.021406727828,981.6884554005543,12109,333,246.70030581039757,89,62.244487029377694,0.22324159021406728,0.5443425076452599,0.21406727828746178,0.01834862385321101,0.26605504587155965,327,38.0,Ferrari,Carlos SAINZ,Saudi Arabia,Jeddah,Jeddah
7775,63,17,2023-03-18 17:51:04.183,88.872,32.183,28.255,28.434,290.0,323.0,328.0,81.671875,35.4892604566314,0.709375,0.134375,0.13125,6.371875,6,10995.078125,1039.7683957311676,12599,329,248.025,88,60.24916394014018,0.209375,0.58125,0.19375,0.015625,0.259375,320,36.0,Mercedes,George RUSSELL,Saudi Arabia,Jeddah,Jeddah
7775,63,20,2023-03-18 17:59:21.224,88.857,32.231,28.161,28.465,291.0,323.0,328.0,81.0,36.87021621901202,0.75,0.14329268292682926,0.13414634146341464,6.384146341463414,6,10970.987804878048,1031.3009152679326,12746,329,247.66158536585365,91,61.08047120993882,0.2347560975609756,0.5426829268292683,0.2073170731707317,0.01524390243902439,0.2621951219512195,328,35.0,Mercedes,George RUSSELL,Saudi Arabia,Jeddah,Jeddah
7775,81,7,2023-03-18 17:14:27.052,90.871,33.083,28.71,29.078,283.0,317.0,316.0,77.99712643678161,36.5427781030437,0.0,0.11206896551724138,0.11781609195402298,6.123563218390805,6,10725.951149425287,995.3444774200862,12076,320,241.42241379310346,93,58.833788865858665,0.1839080459770115,0.5804597701149425,0.22413793103448276,0.011494252873563218,0.23850574712643677,348,32.0,McLaren,Oscar PIASTRI,Saudi Arabia,Jeddah,Jeddah
9177,11,12,2023-10-28 21:49:35.653,77.788,27.617,29.998,20.173,314.0,297.0,347.0,59.10508474576271,44.95741531432266,0.488135593220339,0.2677966101694915,0.21694915254237288,4.864406779661017,7,9841.708474576271,1850.9643992364795,12248,347,194.46101694915254,66,85.05634990302751,0.15932203389830507,0.29152542372881357,0.4101694915254237,0.13898305084745763,0.26440677966101694,295,34.0,Red Bull Racing,Sergio PEREZ,Mexico,Mexico City,Mexico City
7768,21,2,2023-03-04 15:02:08.028,92.849,29.558,40.17,23.121,239.0,269.0,313.0,71.97759103641457,40.774793268522,0.5966386554621849,0.20168067226890757,0.19887955182072828,5.19327731092437,7,10447.848739495797,1452.8490392978117,12699,315,209.66106442577032,63,70.22855922147693,0.07563025210084033,0.5098039215686274,0.32212885154061627,0.09243697478991597,0.24369747899159663,357,50.0,AlphaTauri,Nyck DE VRIES,Bahrain,Sakhir,Sakhir
9153,40,2,2023-09-02 14:02:43.317,83.901,27.632,28.608,27.661,318.0,333.0,337.0,77.3498452012384,38.73574542432928,0.6842105263157895,0.17337461300309598,0.14551083591331268,6.2786377708978325,7,10631.219814241485,1214.2093117637814,12253,338,247.32817337461302,69,73.8634213345777,0.34055727554179566,0.3993808049535604,0.21052631578947367,0.04953560371517028,0.19195046439628483,323,31.0,AlphaTauri,Liam LAWSON,Italy,Monza,Monza
9153,63,5,2023-09-02 14:11:24.093,82.247,27.356,27.823,27.068,319.0,332.0,338.0,78.57912457912458,38.61847297131847,0.7272727272727273,0.13804713804713806,0.13468013468013468,6.474747474747475,6,10828.239057239058,1494.171453070928,12521,341,250.67676767676767,67,72.75544397056919,0.35353535353535354,0.4276094276094276,0.1717171717171717,0.04713804713804714,0.19865319865319866,297,32.0,Mercedes,George RUSSELL,Italy,Monza,Monza
9064,55,14,2023-04-28 13:59:17.215,101.517,35.651,40.916,24.95,224.0,243.0,314.0,70.91,41.2861752972674,0.59,0.19,0.2075,5.485,7,10245.4525,1510.3598577801697,12152,332,211.4475,78,78.90279698578787,0.195,0.3475,0.4075,0.05,0.1425,400,50.0,Ferrari,Carlos SAINZ,Azerbaijan,Baku,Baku
9064,55,23,2023-04-28 14:24:42.963,101.23,35.591,40.768,24.871,230.0,244.0,318.0,69.90656565656566,41.75114772709673,0.5656565656565656,0.18434343434343434,0.20959595959595959,5.452020202020202,7,10168.169191919193,1548.1446925346288,12126,335,209.47727272727272,73,81.15409308183759,0.21212121212121213,0.32323232323232326,0.3838383838383838,0.08080808080808081,0.15151515151515152,396,53.0,Ferrari,Carlos SAINZ,Azerbaijan,Baku,Baku
9193,44,2,2023-11-25 14:07:46.131,85.158,17.596,36.58,30.982,289.0,323.0,326.0,75.3035143769968,38.218508325616384,0.6293929712460063,0.12779552715654952,0.15654952076677317,5.856230031948882,7,10438.070287539937,1350.0609607006377,12111,328,220.75718849840257,68,70.23060792493553,0.134185303514377,0.48242811501597443,0.3354632587859425,0.04792332268370607,0.20766773162939298,313,38.0,Mercedes,Lewis HAMILTON,United Arab Emirates,Yas Marina Circuit,Yas Island
9193,63,11,2023-11-25 14:38:46.129,84.013,17.144,36.206,30.663,291.0,321.0,325.0,74.4423676012461,39.01919334605661,0.6355140186915887,0.16822429906542055,0.1526479750778816,5.866043613707165,7,10548.11214953271,1220.7999810096564,12050,327,223.3956386292835,67,67.97901224583217,0.1277258566978193,0.5109034267912772,0.32710280373831774,0.03426791277258567,0.2087227414330218,321,43.0,Mercedes,George RUSSELL,United Arab Emirates,Yas Marina Circuit,Yas Island
9090,1,20,2023-05-27 14:50:27.182,72.031,18.838,34.023,19.17,215.0,201.0,282.0,53.204460966542754,45.16659686718532,0.41263940520446096,0.30855018587360594,0.2788104089219331,3.869888475836431,7,9755.973977695166,1749.668692325035,12178,288,164.0,45,68.21563702208137,0.0,0.3308550185873606,0.4275092936802974,0.241635687732342,0.07063197026022305,269,39.0,Red Bull Racing,Max VERSTAPPEN,Monaco,Monte Carlo,Monaco
9090,16,15,2023-05-27 14:41:06.876,72.395,18.998,34.265,19.132,219.0,199.0,281.0,57.805054151624546,43.23182674752729,0.11552346570397112,0.19855595667870035,0.27075812274368233,3.935018050541516,7,9914.061371841155,1691.6300409649898,12350,287,164.31046931407943,44,68.27558446087883,0.0,0.33935018050541516,0.4187725631768953,0.24187725631768953,0.08303249097472924,277,42.0,Ferrari,Charles LECLERC,Monaco,Monte Carlo,Monaco
9090,20,8,2023-05-27 14:27:44.292,73.836,19.189,34.576,20.071,215.0,207.0,281.0,52.32746478873239,44.388763809781786,0.39436619718309857,0.31690140845070425,0.2711267605633803,3.852112676056338,7,9749.820422535211,1722.012428844174,12851,290,158.41901408450704,43,67.8794175448863,0.0,0.2992957746478873,0.44366197183098594,0.25704225352112675,0.01056338028169014,284,42.0,Haas F1 Team,Kevin MAGNUSSEN,Monaco,Monte Carlo,Monaco
9090,22,18,2023-05-27 14:47:16.778,72.249,18.782,34.183,19.284,223.0,207.0,279.0,56.0514705882353,45.801242325589804,0.44485294117647056,0.33455882352941174,0.2536764705882353,3.7720588235294117,7,9850.051470588236,1850.119702200415,12834,285,161.47058823529412,47,69.20027527796178,0.0,0.33455882352941174,0.40808823529411764,0.25735294117647056,0.0661764705882353,272,35.0,AlphaTauri,Yuki TSUNODA,Monaco,Monte Carlo,Monaco
9193,16,5,2023-11-25 14:16:22.950,84.459,17.324,36.208,30.927,289.0,324.0,327.0,75.16190476190476,36.91083863987896,0.050793650793650794,0.044444444444444446,0.1492063492063492,5.647619047619048,6,10508.095238095239,1292.3827709195166,11921,329,222.17460317460316,70,70.0342363234277,0.13015873015873017,0.4984126984126984,0.326984126984127,0.044444444444444446,0.20317460317460317,315,38.0,Ferrari,Charles LECLERC,United Arab Emirates,Yas Marina Circuit,Yas Island
9193,27,14,2023-11-25 14:50:05.321,84.435,17.379,36.38,30.676,287.0,321.0,324.0,76.52715654952077,37.66093752532338,0.4440894568690096,0.12140575079872204,0.11182108626198083,5.738019169329074,8,10588.223642172525,1086.8791011851795,12141,325,225.42811501597444,70,69.01761742268913,0.14057507987220447,0.5111821086261981,0.30990415335463256,0.038338658146964855,0.2268370607028754,313,36.0,Haas F1 Team,Nico HULKENBERG,United Arab Emirates,Yas Marina Circuit,Yas Island
7768,2,5,2023-03-04 15:25:01.769,91.652,29.352,39.343,22.957,241.0,271.0,322.0,68.41666666666667,42.48894018947272,0.5804597701149425,0.22126436781609196,0.20402298850574713,5.600574712643678,6,10204.25,1617.9276648460998,12325,323,210.81034482758622,70,69.3091367314792,0.08908045977011494,0.5114942528735632,0.31896551724137934,0.08045977011494253,0.22413793103448276,348,48.0,Williams,Logan SARGEANT,Bahrain,Sakhir,Sakhir
9161,55,5,2023-09-16 13:09:49.815,92.339,27.074,39.093,26.172,315.0,280.0,302.0,64.92836676217765,40.8476004574255,0.36962750716332377,0.14040114613180515,0.23209169054441262,4.954154727793696,7,10005.541547277937,1609.7871536391806,12116,316,190.2922636103152,67,66.53203767868104,0.04297994269340974,0.40974212034383956,0.45272206303724927,0.09455587392550144,0.18624641833810887,349,51.0,Ferrari,Carlos SAINZ,Singapore,Singapore,Marina Bay
9161,77,2,2023-09-16 13:02:25.322,93.79,27.936,39.407,26.447,307.0,277.0,297.0,65.10028653295129,42.56521331997682,0.5272206303724928,0.21203438395415472,0.1977077363896848,4.922636103151863,7,9790.100286532952,1744.486284006305,12052,311,186.1002865329513,63,66.89689033654159,0.03151862464183381,0.3982808022922636,0.47564469914040114,0.09455587392550144,0.18624641833810887,349,44.0,Alfa Romeo,Valtteri BOTTAS,Singapore,Singapore,Marina Bay
7775,20,7,2023-03-18 17:13:10.677,89.744,32.69,28.387,28.667,289.0,328.0,335.0,79.87278106508876,36.76396481016706,0.6568047337278107,0.1390532544378698,0.14792899408284024,6.183431952662722,6,10822.721893491123,966.1924933969947,12351,335,244.801775147929,94,62.76312491002617,0.21301775147928995,0.5473372781065089,0.23372781065088757,0.005917159763313609,0.22781065088757396,338,40.0,Haas F1 Team,Kevin MAGNUSSEN,Saudi Arabia,Jeddah,Jeddah
9161,44,2,2023-09-16 13:05:47.381,92.651,27.175,39.144,26.332,308.0,278.0,300.0,66.44166666666666,41.44294245234808,0.5027777777777778,0.1638888888888889,0.21666666666666667,5.069444444444445,6,9962.533333333333,1613.4275938377593,11962,312,189.88611111111112,65,65.24247319004847,0.03888888888888889,0.4166666666666667,0.45,0.09444444444444444,0.17777777777777778,360,50.0,Mercedes,Lewis HAMILTON,Singapore,Singapore,Marina Bay
9207,3,11,2023-10-20 21:38:14.562,96.437,25.841,38.777,31.819,235.0,184.0,319.0,67.48219178082192,41.90331408667619,0.5452054794520548,0.21643835616438356,0.1780821917808219,5.093150684931507,7,10200.547945205479,1498.2562047177262,12474,320,204.72876712328767,74,71.0316472562574,0.08493150684931507,0.473972602739726,0.33424657534246577,0.10684931506849316,0.16712328767123288,365,43.0,AlphaTauri,Daniel RICCIARDO,United States,Austin,Austin
9207,11,2,2023-10-20 21:04:29.585,96.68,26.149,38.56,31.971,225.0,185.0,322.0,66.73983739837398,41.51044343420008,0.5501355013550135,0.15718157181571815,0.17344173441734417,5.075880758807588,7,10053.566395663956,1476.774380989169,12067,322,201.9539295392954,69,71.74574326113604,0.08130081300813008,0.4715447154471545,0.33062330623306235,0.11653116531165311,0.17073170731707318,369,49.0,Red Bull Racing,Sergio PEREZ,United States,Austin,Austin
9207,14,7,2023-10-20 21:17:59.107,96.268,25.814,38.631,31.823,230.0,191.0,323.0,70.23495702005731,39.903789953539416,0.4154727793696275,0.16045845272206305,0.1489971346704871,5.088825214899713,7,10102.315186246418,1540.1696459491725,11919,324,192.8567335243553,69,68.39163835839472,0.0659025787965616,0.39255014326647564,0.41260744985673353,0.12893982808022922,0.17191977077363896,349,44.0,Aston Martin,Fernando ALONSO,United States,Austin,Austin
9064,24,3,2023-04-28 13:04:43.674,103.784,36.764,42.018,25.002,219.0,238.0,317.0,68.28756476683938,42.440212501483984,0.5906735751295337,0.21502590673575128,0.18652849740932642,5.347150259067358,6,10030.639896373057,1563.8313000204414,12179,338,205.63989637305698,74,79.91753778554188,0.17098445595854922,0.34196891191709844,0.40414507772020725,0.08290155440414508,0.13730569948186527,386,55.0,Alfa Romeo,ZHOU Guanyu,Azerbaijan,Baku,Baku
9064,27,9,2023-04-28 13:43:46.866,102.755,36.636,41.152,24.967,221.0,223.0,319.0,67.76302083333333,42.777749605920405,0.5963541666666666,0.1953125,0.19270833333333334,5.260416666666667,7,10188.984375,1601.42326050462,12480,336,205.953125,73,82.13462737303664,0.20833333333333334,0.2994791666666667,0.3932291666666667,0.09895833333333333,0.140625,384,50.0,Haas F1 Team,Nico HULKENBERG,Azerbaijan,Baku,Baku
9207,20,5,2023-10-20 21:17:16.905,96.009,25.822,38.513,31.674,226.0,187.0,330.0,65.43137254901961,42.44836812904216,0.4565826330532213,0.22408963585434175,0.1792717086834734,5.170868347338936,7,10335.64705882353,1423.5626355485058,12248,333,204.187675070028,71,71.26604738997915,0.08403361344537816,0.4565826330532213,0.3585434173669468,0.10084033613445378,0.16246498599439776,357,47.0,Haas F1 Team,Kevin MAGNUSSEN,United States,Austin,Austin
9153,27,4,2023-09-02 14:05:51.643,82.988,27.572,28.087,27.329,318.0,332.0,337.0,77.72077922077922,38.17642855363382,0.6883116883116883,0.1525974025974026,0.15584415584415584,6.275974025974026,7,10734.65909090909,1340.335559137981,12705,340,246.0064935064935,67,74.69704255300927,0.3409090909090909,0.41233766233766234,0.19155844155844157,0.05519480519480519,0.18831168831168832,308,32.0,Haas F1 Team,Nico HULKENBERG,Italy,Monza,Monza
9215,40,2,2023-10-06 17:02:16.214,88.902,33.059,30.04,25.803,230.0,286.0,309.0,69.57941176470588,40.77446623805261,0.5617647058823529,0.2,0.11764705882352941,5.5323529411764705,6,10283.144117647058,1223.1180064224836,12170,312,218.04705882352943,88,55.11857015548147,0.061764705882352944,0.5647058823529412,0.35294117647058826,0.020588235294117647,0.11176470588235295,340,29.0,AlphaTauri,Liam LAWSON,Qatar,Lusail,Lusail
9215,40,4,2023-10-06 17:05:44.538,87.846,32.495,29.846,25.505,238.0,286.0,314.0,72.67173252279635,39.83451083409526,0.5835866261398176,0.18541033434650456,0.14285714285714285,5.52887537993921,6,10387.890577507598,1254.4459641668923,12347,317,220.35258358662614,86,56.11570962556158,0.06382978723404255,0.5775075987841946,0.331306990881459,0.02735562310030395,0.1094224924012158,329,29.0,AlphaTauri,Liam LAWSON,Qatar,Lusail,Lusail
9215,81,8,2023-10-06 17:17:05.042,85.266,31.399,28.992,24.875,246.0,288.0,320.0,71.14191419141915,39.68580649783171,0.0,0.1551155115511551,0.1254125412541254,5.676567656765677,6,10696.712871287129,986.5772225019231,12251,321,226.78547854785478,91,54.274902915089754,0.066006600660066,0.6270627062706271,0.29042904290429045,0.0165016501650165,0.10231023102310231,303,33.0,McLaren,Oscar PIASTRI,Qatar,Lusail,Lusail
9074,21,12,2023-05-06 20:29:50.028,89.354,29.83,34.125,25.399,217.0,192.0,329.0,67.54896142433235,42.10521974967177,0.5489614243323442,0.2314540059347181,0.18694362017804153,5.3026706231454,7,10428.53412462908,1370.916446884345,12819,330,215.49851632047478,65,81.78019773661448,0.18991097922848665,0.4035608308605341,0.3026706231454006,0.10385756676557864,0.2166172106824926,337,37.0,AlphaTauri,Nyck DE VRIES,United States,Miami,Miami
9074,23,11,2023-05-06 20:31:42.417,87.795,29.414,33.399,24.982,224.0,194.0,338.0,67.08554572271386,41.896975614042525,0.5486725663716814,0.20943952802359883,0.1887905604719764,5.808259587020649,6,10167.542772861358,1685.5056974111092,12479,339,219.36873156342182,71,83.98811039683703,0.21238938053097345,0.39233038348082594,0.3008849557522124,0.0943952802359882,0.22123893805309736,339,33.0,Williams,Alexander ALBON,United States,Miami,Miami
9074,24,7,2023-05-06 20:13:07.921,88.581,29.872,33.648,25.061,222.0,192.0,334.0,68.62917933130699,40.64183084290709,0.5501519756838906,0.19148936170212766,0.1641337386018237,5.689969604863222,6,10026.489361702128,1734.2525329979064,11979,337,216.73252279635258,70,84.46944284419531,0.2066869300911854,0.3890577507598784,0.2948328267477204,0.1094224924012158,0.2188449848024316,329,30.0,Alfa Romeo,ZHOU Guanyu,United States,Miami,Miami
9177,63,15,2023-10-28 21:50:47.590,77.676,27.549,30.08,20.047,312.0,293.0,342.0,60.563139931740615,43.291227950987064,0.46757679180887374,0.24914675767918087,0.22525597269624573,5.09556313993174,7,9989.170648464164,1909.0116942705106,12618,343,196.09556313993173,60,83.94807030327806,0.16382252559726962,0.3037542662116041,0.40273037542662116,0.1296928327645051,0.27303754266211605,293,30.0,Mercedes,George RUSSELL,Mexico,Mexico City,Mexico City
9064,16,14,2023-04-28 14:01:24.682,101.037,35.494,40.703,24.84,234.0,240.0,317.0,70.50785340314137,40.99719843317993,0.5706806282722513,0.06282722513089005,0.2094240837696335,5.303664921465969,7,10239.277486910994,1421.8641349780837,11994,333,208.48429319371726,75,81.25358713275406,0.21465968586387435,0.306282722513089,0.418848167539267,0.060209424083769635,0.15968586387434555,382,54.0,Ferrari,Charles LECLERC,Azerbaijan,Baku,Baku
9064,18,15,2023-04-28 13:58:17.325,101.576,35.838,40.829,24.909,223.0,237.0,318.0,69.07792207792208,42.71866731696651,0.2753246753246753,0.22337662337662337,0.2051948051948052,5.423376623376623,7,10306.262337662338,1393.658386846969,12017,323,209.54285714285714,74,79.39031254624504,0.2,0.32987012987012987,0.4025974025974026,0.06753246753246753,0.14025974025974025,385,60.0,Aston Martin,Lance STROLL,Azerbaijan,Baku,Baku
9129,18,9,2023-07-22 14:17:27.649,79.221,28.747,28.157,22.317,282.0,246.0,299.0,61.46938775510204,43.32397299976014,0.034013605442176874,0.24489795918367346,0.22448979591836735,5.037414965986395,7,10309.37074829932,1049.9722970316454,11987,314,195.10544217687075,87,58.8121244056663,0.034013605442176874,0.42857142857142855,0.5102040816326531,0.027210884353741496,0.14965986394557823,294,45.0,Aston Martin,Lance STROLL,Hungary,Hungaroring,Budapest
9129,22,2,2023-07-22 14:01:58.159,80.451,28.752,28.917,22.782,278.0,246.0,295.0,64.59136212624584,42.66633089222806,0.5049833887043189,0.24916943521594684,0.17275747508305647,4.857142857142857,6,10204.960132890365,1322.5553290525563,12554,304,195.41196013289036,88,59.69117514182256,0.026578073089700997,0.4584717607973422,0.4883720930232558,0.026578073089700997,0.1760797342192691,301,30.0,AlphaTauri,Yuki TSUNODA,Hungary,Hungaroring,Budapest
9129,24,4,2023-07-22 14:05:39.360,79.412,28.646,28.158,22.608,278.0,244.0,301.0,66.89556962025317,41.89546908098503,0.5284810126582279,0.21835443037974683,0.19936708860759494,5.189873417721519,6,10072.655063291139,1285.104760601373,11834,310,197.99367088607596,92,58.843294377086686,0.04113924050632911,0.4525316455696203,0.4810126582278481,0.02531645569620253,0.16772151898734178,316,36.0,Alfa Romeo,ZHOU Guanyu,Hungary,Hungaroring,Budapest
9129,27,13,2023-07-22 14:38:22.760,77.652,28.132,27.6,21.92,282.0,253.0,304.0,65.95373665480427,42.74586022464267,0.5409252669039146,0.21708185053380782,0.18861209964412812,5.074733096085409,6,10431.2384341637,1210.1683103497144,12537,317,200.22775800711744,93,59.13342732111195,0.03914590747330961,0.45907473309608543,0.48398576512455516,0.017793594306049824,0.16370106761565836,281,36.0,Haas F1 Team,Nico HULKENBERG,Hungary,Hungaroring,Budapest
9169,14,11,2023-09-23 06:52:20.445,90.465,31.238,41.06,18.167,277.0,304.0,301.0,75.28787878787878,37.661088717528045,0.42727272727272725,0.13636363636363635,0.11515151515151516,6.051515151515152,7,10483.19696969697,1239.200409172839,12123,330,228.92424242424244,69,63.997271647310974,0.14545454545454545,0.5818181818181818,0.20606060606060606,0.06666666666666667,0.09393939393939393,330,36.0,Aston Martin,Fernando ALONSO,Japan,Suzuka,Suzuka
9314,44,3,2023-11-18 08:08:50.295,94.658,27.159,31.477,36.022,186.0,213.0,343.0,71.40821917808219,41.017155863329464,0.6027397260273972,0.1643835616438356,0.1726027397260274,6.065753424657534,6,10528.967123287672,1714.683200167928,12733,348,233.26849315068492,86,85.94666260119475,0.33424657534246577,0.29863013698630136,0.3013698630136986,0.06575342465753424,0.15616438356164383,365,38.0,Mercedes,Lewis HAMILTON,United States,Las Vegas,Las Vegas
9314,55,4,2023-11-18 08:06:36.094,94.787,26.985,31.465,36.337,184.0,213.0,338.0,74.5426997245179,38.894462961261524,0.418732782369146,0.15977961432506887,0.14600550964187328,5.961432506887053,6,10468.151515151516,1435.4335001431918,12299,346,232.01652892561984,89,84.59866090959932,0.31955922865013775,0.32231404958677684,0.3085399449035813,0.049586776859504134,0.15977961432506887,363,37.0,Ferrari,Carlos SAINZ,United States,Las Vegas,Las Vegas
9090,81,7,2023-05-27 14:21:57.967,73.526,19.248,34.631,19.647,219.0,201.0,283.0,50.3705035971223,44.656847992997236,0.3669064748201439,0.33093525179856115,0.2733812949640288,3.773381294964029,7,9781.341726618704,1715.0995787743077,12441,289,159.24820143884892,45,67.71931543270412,0.0,0.30935251798561153,0.42805755395683454,0.26258992805755393,0.0683453237410072,278,37.0,McLaren,Oscar PIASTRI,Monaco,Monte Carlo,Monaco
9112,31,3,2023-06-30 15:13:38.564,66.244,16.63,29.653,19.961,318.0,245.0,313.0,75.95703125,39.39923993214073,0.65625,0.16796875,0.15625,5.8125,7,10509.3828125,1098.727967696076,11941,319,236.05078125,65,64.00387058895458,0.1796875,0.5625,0.22265625,0.03515625,0.33203125,256,31.0,Alpine,Esteban OCON,Austria,Spielberg,Spielberg
9112,31,14,2023-06-30 15:44:49.203,65.295,16.475,29.124,19.696,322.0,248.0,314.0,76.64980544747081,38.97357290174493,0.6614785992217899,0.17120622568093385,0.19066147859922178,5.875486381322958,7,10538.84046692607,1041.986002745972,11786,323,238.16342412451363,68,63.63786510977228,0.17898832684824903,0.5797665369649806,0.21011673151750973,0.0311284046692607,0.3463035019455253,257,33.0,Alpine,Esteban OCON,Austria,Spielberg,Spielberg
9112,44,13,2023-06-30 15:33:33.606,65.552,16.464,29.275,19.813,322.0,246.0,314.0,76.27710843373494,38.24696274669486,0.6626506024096386,0.12048192771084337,0.15261044176706828,6.325301204819277,6,10582.37751004016,1355.767941703235,12004,323,237.15261044176708,65,66.12946127408001,0.20481927710843373,0.5341365461847389,0.22088353413654618,0.040160642570281124,0.3453815261044177,249,31.0,Mercedes,Lewis HAMILTON,Austria,Spielberg,Spielberg
9112,16,13,2023-06-30 15:34:20.464,65.66,16.462,29.266,19.932,323.0,245.0,317.0,77.11507936507937,35.30017339654786,0.0,0.05952380952380952,0.15873015873015872,6.031746031746032,7,10623.642857142857,1090.4379321598276,11902,326,235.35714285714286,69,67.1383140666236,0.19047619047619047,0.5436507936507936,0.21825396825396826,0.047619047619047616,0.3373015873015873,252,34.0,Ferrari,Charles LECLERC,Austria,Spielberg,Spielberg
9112,16,16,2023-06-30 15:39:49.380,65.087,16.409,28.922,19.756,323.0,247.0,318.0,79.31932773109244,33.43913994944853,0.0,0.0,0.15546218487394958,6.046218487394958,7,10710.231092436974,1039.9280084826305,11889,324,238.63025210084032,69,65.85348339337608,0.19327731092436976,0.5798319327731093,0.18907563025210083,0.037815126050420166,0.33613445378151263,238,37.0,Ferrari,Charles LECLERC,Austria,Spielberg,Spielberg
9112,18,6,2023-06-30 15:18:05.278,65.798,16.606,29.595,19.597,319.0,246.0,313.0,73.84883720930233,40.32663835839247,0.3023255813953488,0.17054263565891473,0.17054263565891473,6.096899224806202,7,10614.271317829458,1153.2008154058572,12131,321,232.43410852713177,62,66.36742965673066,0.15891472868217055,0.562015503875969,0.23255813953488372,0.046511627906976744,0.3333333333333333,258,37.0,Aston Martin,Lance STROLL,Austria,Spielberg,Spielberg
9112,18,12,2023-06-30 15:33:18.497,65.177,16.449,29.076,19.652,322.0,247.0,314.0,74.07851239669421,40.82507509220379,0.32231404958677684,0.16942148760330578,0.1859504132231405,6.194214876033058,7,10725.55785123967,1125.624141646583,12172,323,236.6611570247934,68,65.89606473859673,0.18181818181818182,0.5785123966942148,0.19834710743801653,0.04132231404958678,0.34297520661157027,242,34.0,Aston Martin,Lance STROLL,Austria,Spielberg,Spielberg
9112,22,2,2023-06-30 15:01:49.186,66.426,16.61,29.675,20.141,318.0,241.0,314.0,74.06147540983606,41.12582708932777,0.6680327868852459,0.18032786885245902,0.14754098360655737,5.782786885245901,7,10687.495901639344,1183.0446161363243,12426,320,233.52868852459017,62,64.88269881625116,0.1598360655737705,0.569672131147541,0.22950819672131148,0.040983606557377046,0.3401639344262295,244,32.0,AlphaTauri,Yuki TSUNODA,Austria,Spielberg,Spielberg
9112,23,2,2023-06-30 15:04:34.980,66.496,16.639,29.747,20.11,325.0,242.0,318.0,71.75396825396825,41.22075184414517,0.623015873015873,0.17063492063492064,0.17857142857142858,6.138888888888889,7,10561.563492063493,1153.8094810937641,12171,328,233.0515873015873,66,66.31766872200372,0.17063492063492064,0.5595238095238095,0.2261904761904762,0.04365079365079365,0.3055555555555556,252,32.0,Williams,Alexander ALBON,Austria,Spielberg,Spielberg
9193,10,8,2023-11-25 14:29:33.514,84.958,17.371,36.594,30.993,290.0,319.0,326.0,74.94670846394985,38.57786759351193,0.6363636363636364,0.14420062695924765,0.13479623824451412,5.460815047021944,7,10374.902821316615,1148.907465699673,11747,327,223.17868338557994,68,68.99213370179594,0.13479623824451412,0.5047021943573667,0.32601880877742945,0.034482758620689655,0.21630094043887146,319,41.0,Alpine,Pierre GASLY,United Arab Emirates,Yas Marina Circuit,Yas Island
9193,14,17,2023-11-25 14:58:13.406,84.084,17.157,36.381,30.546,291.0,319.0,323.0,74.71895424836602,38.96420509779224,0.27124183006535946,0.16339869281045752,0.14705882352941177,5.748366013071895,8,10613.803921568628,1100.3187529750212,11919,325,221.9640522875817,63,69.02065750586206,0.12091503267973856,0.5098039215686274,0.3202614379084967,0.049019607843137254,0.20261437908496732,306,46.0,Aston Martin,Fernando ALONSO,United Arab Emirates,Yas Marina Circuit,Yas Island
9129,3,14,2023-07-22 14:38:28.635,78.002,28.163,27.861,21.978,280.0,250.0,299.0,67.86851211072664,42.873724610938666,0.5501730103806228,0.2422145328719723,0.18685121107266436,4.937716262975779,6,10470.283737024221,1187.6934385336924,12589,311,203.14878892733563,92,57.54372136315026,0.03806228373702422,0.4740484429065744,0.47750865051903113,0.010380622837370242,0.18339100346020762,289,37.0,AlphaTauri,Daniel RICCIARDO,Hungary,Hungaroring,Budapest
9129,11,10,2023-07-22 14:26:44.033,77.675,28.318,27.583,21.774,280.0,251.0,300.0,67.1779359430605,42.55329025397141,0.5551601423487544,0.1494661921708185,0.18149466192170818,4.92170818505338,6,10395.97508896797,1132.9676184151185,12278,311,200.7864768683274,90,57.613527324383654,0.03914590747330961,0.4555160142348754,0.4875444839857651,0.017793594306049824,0.15658362989323843,281,37.0,Red Bull Racing,Sergio PEREZ,Hungary,Hungaroring,Budapest
9314,1,13,2023-11-18 08:38:47.482,93.572,26.603,31.011,35.958,187.0,215.0,347.0,75.51685393258427,39.938787630551865,0.6853932584269663,0.16292134831460675,0.1601123595505618,5.867977528089888,6,10645.662921348314,1336.1076910617107,12366,349,237.6488764044944,91,81.68170980729914,0.32303370786516855,0.3455056179775281,0.300561797752809,0.03089887640449438,0.16292134831460675,356,36.0,Red Bull Racing,Max VERSTAPPEN,United States,Las Vegas,Las Vegas
9314,14,12,2023-11-18 08:28:32.899,93.88,26.483,31.249,36.148,189.0,215.0,336.0,74.22102425876011,39.91734284103338,0.24528301886792453,0.1778975741239892,0.15363881401617252,6.110512129380054,7,10716.789757412398,1351.3552032712637,12521,341,238.05390835579516,89,81.01866521402239,0.33153638814016173,0.3450134770889488,0.2749326145552561,0.04851752021563342,0.1752021563342318,371,45.0,Aston Martin,Fernando ALONSO,United States,Las Vegas,Las Vegas
9314,14,19,2023-11-18 08:50:15.844,93.555,26.49,31.113,35.952,189.0,216.0,339.0,75.4,39.29483071512376,0.263768115942029,0.17101449275362318,0.15072463768115943,6.066666666666666,6,10679.031884057971,1426.9395721561234,12663,343,236.76521739130436,89,81.7643021876575,0.33043478260869563,0.34202898550724636,0.28695652173913044,0.04057971014492753,0.17971014492753623,345,42.0,Aston Martin,Fernando ALONSO,United States,Las Vegas,Las Vegas
9314,18,3,2023-11-18 08:06:23.578,95.817,27.226,31.863,36.728,186.0,211.0,333.0,72.22677595628416,40.1007695616939,0.11748633879781421,0.17759562841530055,0.17759562841530055,5.975409836065574,6,10447.77049180328,1602.7316619005153,12559,341,229.71857923497268,85,84.9742590139049,0.3251366120218579,0.29508196721311475,0.3114754098360656,0.06830601092896176,0.16666666666666666,366,41.0,Aston Martin,Lance STROLL,United States,Las Vegas,Las Vegas
9314,27,4,2023-11-18 08:05:41.407,95.665,27.259,31.882,36.524,183.0,207.0,340.0,72.87464387464388,40.27088577302766,0.6296296296296297,0.16524216524216523,0.17094017094017094,5.84045584045584,6,10506.133903133903,1416.8150546777724,12270,345,229.991452991453,85,84.40543270191245,0.3190883190883191,0.301994301994302,0.31339031339031337,0.06552706552706553,0.15384615384615385,351,38.0,Haas F1 Team,Nico HULKENBERG,United States,Las Vegas,Las Vegas
9090,27,6,2023-05-27 14:24:51.981,73.279,19.108,34.707,19.464,215.0,199.0,282.0,54.9927797833935,44.13385377608514,0.4151624548736462,0.2888086642599278,0.259927797833935,3.8303249097472922,7,9905.050541516246,1867.1600376325403,12455,288,161.5667870036101,45,68.3966483213598,0.0,0.3212996389891697,0.4259927797833935,0.2527075812274368,0.07220216606498195,277,40.0,Haas F1 Team,Nico HULKENBERG,Monaco,Monte Carlo,Monaco
9090,31,9,2023-05-27 14:23:06.545,73.017,19.133,34.474,19.41,213.0,202.0,280.0,54.68888888888889,44.031497118969206,0.37777777777777777,0.3037037037037037,0.3111111111111111,3.7444444444444445,7,9572.237037037037,1653.005194815746,11893,286,158.72962962962964,44,67.11481764166697,0.0,0.3074074074074074,0.4444444444444444,0.24814814814814815,0.07037037037037037,270,38.0,Alpine,Esteban OCON,Monaco,Monte Carlo,Monaco
9090,55,11,2023-05-27 14:27:53.151,72.717,19.027,34.402,19.288,217.0,201.0,286.0,57.392857142857146,42.79888727133109,0.31785714285714284,0.20714285714285716,0.3,3.992857142857143,7,9760.525,1798.025771007714,12407,292,162.4,44,68.30159766599606,0.0,0.325,0.4392857142857143,0.2357142857142857,0.07857142857142857,280,40.0,Ferrari,Carlos SAINZ,Monaco,Monte Carlo,Monaco
9090,55,27,2023-05-27 15:08:37.092,71.63,18.839,33.856,18.935,219.0,206.0,281.0,58.14705882352941,42.753309258724904,0.3088235294117647,0.1875,0.2867647058823529,4.0588235294117645,7,9834.988970588236,1789.1666255271027,12387,289,164.59191176470588,47,69.31461250194484,0.0,0.34558823529411764,0.4117647058823529,0.2426470588235294,0.08455882352941177,272,39.0,Ferrari,Carlos SAINZ,Monaco,Monte Carlo,Monaco
9090,63,11,2023-05-27 14:26:49.620,72.769,18.92,34.373,19.476,216.0,204.0,280.0,55.01094890510949,44.54314150095317,0.4124087591240876,0.3029197080291971,0.2773722627737226,4.105839416058394,7,9640.864963503649,1828.6504701932272,12094,288,163.9087591240876,43,69.08880304998411,0.0,0.35036496350364965,0.39416058394160586,0.25547445255474455,0.08394160583941605,274,43.0,Mercedes,George RUSSELL,Monaco,Monte Carlo,Monaco
9169,16,10,2023-09-23 06:51:55.445,89.94,31.43,40.461,18.049,282.0,306.0,303.0,77.16012084592145,34.173732318718315,0.256797583081571,0.04833836858006042,0.1510574018126888,5.945619335347432,6,10400.534743202417,1322.6500583372597,12056,332,228.4592145015106,73,65.18073240580287,0.14803625377643503,0.5709969788519638,0.21450151057401812,0.06646525679758308,0.08761329305135952,331,28.0,Ferrari,Charles LECLERC,Japan,Suzuka,Suzuka
9215,10,19,2023-10-06 17:51:43.380,85.321,31.735,28.529,25.057,242.0,286.0,313.0,72.38364779874213,38.97759588498697,0.5691823899371069,0.16666666666666666,0.14779874213836477,5.515723270440252,6,10560.591194968554,916.9870751944359,11994,315,227.69496855345912,96,52.163520253786054,0.07232704402515723,0.610062893081761,0.3081761006289308,0.009433962264150943,0.11635220125786164,318,34.0,Alpine,Pierre GASLY,Qatar,Lusail,Lusail
9215,11,15,2023-10-06 17:38:19.332,85.275,31.409,29.001,24.865,241.0,288.0,321.0,72.59752321981424,39.99501824639839,0.628482972136223,0.09597523219814241,0.14241486068111456,5.69969040247678,6,10437.50773993808,1150.248802049768,11968,323,226.1795665634675,91,55.84165682605262,0.07120743034055728,0.6191950464396285,0.29411764705882354,0.015479876160990712,0.1021671826625387,323,30.0,Red Bull Racing,Sergio PEREZ,Qatar,Lusail,Lusail
9215,14,4,2023-10-06 17:06:23.709,85.685,31.471,29.342,24.872,244.0,290.0,321.0,73.31832797427653,38.66404037138996,0.13504823151125403,0.1382636655948553,0.13504823151125403,5.884244372990354,6,10710.906752411576,937.034216843174,11903,322,227.10289389067523,88,56.016838119343205,0.08681672025723473,0.5916398713826366,0.3054662379421222,0.01607717041800643,0.1157556270096463,311,37.0,Aston Martin,Fernando ALONSO,Qatar,Lusail,Lusail
9074,55,7,2023-05-06 20:15:53.871,87.686,29.458,33.284,24.944,225.0,194.0,332.0,72.725,37.38379277684976,0.0125,0.13125,0.184375,5.69375,7,10292.95,1479.31280241811,12014,336,220.628125,67,81.04178160911391,0.203125,0.41875,0.290625,0.0875,0.221875,320,32.0,Ferrari,Carlos SAINZ,United States,Miami,Miami
9153,2,2,2023-09-02 14:03:44.941,82.367,27.122,27.939,27.306,323.0,336.0,344.0,76.04304635761589,39.23201453883362,0.6854304635761589,0.15894039735099338,0.13245033112582782,6.394039735099338,7,10859.258278145695,1322.3800247086747,12673,346,249.14900662251657,68,75.74941848623841,0.36423841059602646,0.39072847682119205,0.19205298013245034,0.052980132450331126,0.17880794701986755,302,34.0,Williams,Logan SARGEANT,Italy,Monza,Monza
9153,2,11,2023-09-02 14:28:59.893,81.944,26.974,27.771,27.199,323.0,338.0,347.0,76.5909090909091,39.00548923807785,0.685064935064935,0.1525974025974026,0.12987012987012986,6.444805194805195,7,10860.64935064935,1285.8503442916226,12737,348,251.02597402597402,73,74.71631020365524,0.36363636363636365,0.4025974025974026,0.18181818181818182,0.05194805194805195,0.19155844155844157,308,35.0,Williams,Logan SARGEANT,Italy,Monza,Monza
9153,16,17,2023-09-02 14:51:31.769,80.564,26.77,27.124,26.67,321.0,336.0,345.0,80.95765472312704,34.889950681163036,0.34527687296416937,0.08794788273615635,0.1237785016286645,6.534201954397394,7,10778.078175895766,1248.8548036765299,12263,346,257.1335504885993,73,72.04686030519653,0.38436482084690554,0.4364820846905538,0.1270358306188925,0.05211726384364821,0.20195439739413681,307,29.0,Ferrari,Charles LECLERC,Italy,Monza,Monza
9177,16,2,2023-10-28 21:08:57.883,78.401,27.649,30.362,20.39,318.0,296.0,350.0,60.602787456445995,42.513129102067666,0.37630662020905925,0.1986062717770035,0.23693379790940766,4.940766550522648,7,9856.644599303136,1818.2341657884206,12468,352,193.17421602787456,61,86.42607272200314,0.16376306620209058,0.27526132404181186,0.41114982578397213,0.14982578397212543,0.2682926829268293,287,36.0,Ferrari,Charles LECLERC,Mexico,Mexico City,Mexico City
9177,23,5,2023-10-28 21:14:03.130,78.828,27.757,30.318,20.753,313.0,295.0,344.0,56.73400673400673,44.3167341697572,0.4444444444444444,0.2760942760942761,0.25252525252525254,5.158249158249158,6,9852.148148148148,2016.3652905003935,12717,345,195.02020202020202,61,84.79772989829974,0.16161616161616163,0.2962962962962963,0.39730639730639733,0.1447811447811448,0.27946127946127947,297,29.0,Williams,Alexander ALBON,Mexico,Mexico City,Mexico City
9177,27,5,2023-10-28 21:16:39.269,79.535,27.968,30.862,20.705,316.0,296.0,348.0,58.854304635761586,43.55649286971514,0.4602649006622517,0.25165562913907286,0.2152317880794702,4.80794701986755,7,10050.665562913908,1715.7134246587716,12515,349,192.0662251655629,64,86.36188011616179,0.16556291390728478,0.2814569536423841,0.3675496688741722,0.18543046357615894,0.2682119205298013,302,37.0,Haas F1 Team,Nico HULKENBERG,Mexico,Mexico City,Mexico City
7775,11,6,2023-03-18 17:17:49.159,89.244,32.699,28.193,28.352,292.0,329.0,334.0,76.25925925925925,39.45535636892449,0.7037037037037037,0.1419753086419753,0.1574074074074074,6.033950617283951,6,10756.685185185184,1125.9531303159943,11968,336,244.14506172839506,81,64.95762329269124,0.2222222222222222,0.5339506172839507,0.2222222222222222,0.021604938271604937,0.2345679012345679,324,34.0,Red Bull Racing,Sergio PEREZ,Saudi Arabia,Jeddah,Jeddah
7775,16,2,2023-03-18 17:04:00.434,90.073,32.959,28.431,28.683,288.0,326.0,326.0,80.5727002967359,33.428248891270044,0.16023738872403562,0.03560830860534125,0.13353115727002968,6.216617210682492,6,10788.80415430267,923.0515241806468,12184,329,245.27299703264094,83,61.182272668704684,0.20178041543026706,0.5519287833827893,0.228486646884273,0.017804154302670624,0.258160237388724,337,40.0,Ferrari,Charles LECLERC,Saudi Arabia,Jeddah,Jeddah
9129,55,8,2023-07-22 14:14:14.182,78.393,28.196,28.04,22.157,283.0,247.0,306.0,66.1986301369863,39.4784938388011,0.030821917808219176,0.1267123287671233,0.2363013698630137,5.1438356164383565,6,10226.592465753425,1270.8034102771,12400,316,197.72260273972603,92,58.63658624792813,0.03424657534246575,0.4520547945205479,0.4897260273972603,0.023972602739726026,0.15753424657534246,292,36.0,Ferrari,Carlos SAINZ,Hungary,Hungaroring,Budapest
9129,55,11,2023-07-22 14:29:18.610,77.905,28.173,27.809,21.923,282.0,245.0,303.0,66.23024054982818,39.68720691483035,0.03436426116838488,0.140893470790378,0.23367697594501718,5.216494845360825,6,10295.48797250859,1179.598249416832,12121,315,201.5085910652921,93,58.34560316508615,0.05154639175257732,0.44673539518900346,0.4879725085910653,0.013745704467353952,0.15807560137457044,291,40.0,Ferrari,Carlos SAINZ,Hungary,Hungaroring,Budapest
9129,77,16,2023-07-22 14:50:39.564,77.164,27.929,27.36,21.875,283.0,249.0,305.0,66.7322033898305,41.6197495337371,0.511864406779661,0.20677966101694914,0.20677966101694914,5.196610169491525,6,10400.806779661018,1199.4066503396803,12259,314,202.69152542372882,96,57.89202149197308,0.04745762711864407,0.46440677966101696,0.48135593220338985,0.006779661016949152,0.16271186440677965,295,37.0,Alfa Romeo,Valtteri BOTTAS,Hungary,Hungaroring,Budapest
7775,63,2,2023-03-18 17:05:08.652,89.994,32.787,28.467,28.74,288.0,323.0,329.0,81.53353658536585,35.440074377150864,0.7439024390243902,0.11585365853658537,0.13109756097560976,6.359756097560975,6,10964.338414634147,1058.3695374423144,12241,330,247.9512195121951,82,59.331165635217594,0.21341463414634146,0.5792682926829268,0.18902439024390244,0.018292682926829267,0.24695121951219512,328,38.0,Mercedes,George RUSSELL,Saudi Arabia,Jeddah,Jeddah
7775,81,15,2023-03-18 17:34:48.194,90.66,32.771,28.576,29.313,285.0,314.0,316.0,79.51156069364161,35.63317350964926,0.0,0.11849710982658959,0.11560693641618497,6.121387283236994,6,10775.104046242775,991.9129202288448,12146,320,243.14739884393063,87,58.27862816213804,0.18208092485549132,0.5982658959537572,0.2023121387283237,0.017341040462427744,0.2514450867052023,346,32.0,McLaren,Oscar PIASTRI,Saudi Arabia,Jeddah,Jeddah
9161,4,19,2023-09-16 14:26:48.483,91.27,26.756,38.666,25.848,310.0,278.0,301.0,64.38775510204081,42.972159781546104,0.3032069970845481,0.2478134110787172,0.21574344023323616,4.78134110787172,7,10423.373177842566,1231.1351466106344,12167,313,193.32361516034985,64,67.06427655042276,0.052478134110787174,0.40816326530612246,0.4518950437317784,0.08746355685131195,0.19825072886297376,343,57.0,McLaren,Lando NORRIS,Singapore,Singapore,Marina Bay
9177,3,5,2023-10-28 21:28:49.151,78.016,27.561,30.081,20.374,311.0,294.0,352.0,61.486577181208055,43.29323888352554,0.48322147651006714,0.2550335570469799,0.20134228187919462,4.865771812080537,7,9871.442953020134,1811.55684066782,12530,355,194.98993288590603,64,84.48977324998494,0.15771812080536912,0.30201342281879195,0.40604026845637586,0.1342281879194631,0.2550335570469799,298,29.0,AlphaTauri,Daniel RICCIARDO,Mexico,Mexico City,Mexico City
7768,18,5,2023-03-04 15:23:43.161,91.184,28.966,39.39,22.828,242.0,268.0,318.0,70.954802259887,40.641432020820815,0.0,0.1977401129943503,0.1694915254237288,5.5508474576271185,7,10315.604519774011,1428.7745622273305,12382,320,211.59604519774012,66,69.17296206755265,0.0847457627118644,0.5084745762711864,0.3220338983050847,0.0847457627118644,0.23728813559322035,354,49.0,Aston Martin,Lance STROLL,Bahrain,Sakhir,Sakhir
7768,24,2,2023-03-04 15:13:57.344,91.947,29.442,39.459,23.046,239.0,269.0,316.0,72.18624641833811,41.38586624969876,0.6275071633237822,0.20630372492836677,0.166189111747851,5.595988538681948,7,10150.352435530085,1530.0390308018611,11866,319,214.11747851002866,68,69.51325399504863,0.08882521489971347,0.5329512893982808,0.28939828080229224,0.08882521489971347,0.2349570200573066,349,42.0,Alfa Romeo,ZHOU Guanyu,Bahrain,Sakhir,Sakhir
9153,40,14,2023-09-02 14:39:28.636,81.758,27.029,27.657,27.072,321.0,336.0,347.0,79.56026058631922,37.73616853388996,0.7231270358306189,0.15309446254071662,0.1237785016286645,6.293159609120521,7,10840.964169381108,1146.0222405503978,12300,349,254.75895765472313,70,72.40626491478459,0.3583061889250814,0.42996742671009774,0.16286644951140064,0.048859934853420196,0.20195439739413681,307,31.0,AlphaTauri,Liam LAWSON,Italy,Monza,Monza
9153,81,14,2023-09-02 14:31:57.985,81.8,27.254,27.563,26.983,318.0,330.0,336.0,78.0944625407166,37.55589562284093,0.16612377850162866,0.13355048859934854,0.11726384364820847,6.384364820846906,7,10718.57980456026,1108.9667109503525,12268,338,252.6058631921824,66,71.36350171674133,0.3583061889250814,0.4495114006514658,0.14332247557003258,0.048859934853420196,0.20521172638436483,307,35.0,McLaren,Oscar PIASTRI,Italy,Monza,Monza
9064,55,10,2023-04-28 13:43:42.257,102.197,36.055,41.156,24.986,222.0,234.0,316.0,70.42105263157895,40.217175329716795,0.034210526315789476,0.17894736842105263,0.19210526315789472,5.38421052631579,7,10200.381578947368,1577.049393864628,12265,333,209.05,75,80.47248419429498,0.19473684210526315,0.34210526315789475,0.37894736842105264,0.08421052631578947,0.14736842105263157,380,51.0,Ferrari,Carlos SAINZ,Azerbaijan,Baku,Baku
9193,44,8,2023-11-25 14:28:24.640,84.826,17.395,36.506,30.925,288.0,320.0,323.0,74.88461538461539,38.51019183401651,0.6217948717948718,0.13782051282051283,0.14102564102564102,5.894230769230769,7,10435.253205128205,1288.225034510483,12046,324,221.13141025641025,66,68.61762291285359,0.125,0.5064102564102564,0.32371794871794873,0.04487179487179487,0.1987179487179487,312,39.0,Mercedes,Lewis HAMILTON,United Arab Emirates,Yas Marina Circuit,Yas Island
9193,81,13,2023-11-25 14:50:57.179,83.949,17.133,36.319,30.497,291.0,319.0,323.0,72.94568690095846,40.040047127416784,0.03514376996805112,0.15654952076677317,0.12460063897763578,5.827476038338658,7,10379.846645367412,1147.516999816786,12190,324,223.77635782747603,68,67.78714671505938,0.13738019169329074,0.49201277955271566,0.3354632587859425,0.03514376996805112,0.20766773162939298,313,38.0,McLaren,Oscar PIASTRI,United Arab Emirates,Yas Marina Circuit,Yas Island
9090,1,23,2023-05-27 15:00:27.879,72.102,18.886,34.236,18.98,210.0,203.0,280.0,54.219858156028366,45.59134465502327,0.4432624113475177,0.2730496453900709,0.24113475177304963,3.9184397163120566,7,9853.04964539007,1674.6887332870103,12176,287,165.93262411347519,44,67.05746512796661,0.0,0.34397163120567376,0.4397163120567376,0.21631205673758866,0.0851063829787234,282,37.0,Red Bull Racing,Max VERSTAPPEN,Monaco,Monte Carlo,Monaco
9090,2,12,2023-05-27 14:27:26.432,73.113,19.073,34.617,19.423,218.0,200.0,283.0,53.982078853046595,44.920509744022525,0.41935483870967744,0.3154121863799283,0.24731182795698925,3.8853046594982077,7,9814.853046594983,1839.6730462709775,12454,292,161.46594982078852,45,69.03063199016437,0.0,0.31899641577060933,0.4265232974910394,0.25448028673835127,0.08960573476702509,279,42.0,Williams,Logan SARGEANT,Monaco,Monte Carlo,Monaco
9090,10,4,2023-05-27 14:05:03.932,73.945,19.412,34.743,19.79,217.0,199.0,283.0,54.06428571428572,44.744068822900644,0.40714285714285714,0.32142857142857145,0.25,3.692857142857143,7,9670.689285714287,1731.892496651128,12046,289,159.69285714285715,43,68.3342928260538,0.0,0.3142857142857143,0.42857142857142855,0.2571428571428571,0.07857142857142857,280,42.0,Alpine,Pierre GASLY,Monaco,Monte Carlo,Monaco
9090,14,14,2023-05-27 14:41:21.767,72.107,18.815,34.055,19.237,221.0,203.0,281.0,55.06909090909091,43.79563052200724,0.2,0.19636363636363635,0.2545454545454545,3.938181818181818,7,9773.952727272726,1800.165483457041,12226,288,163.60363636363635,45,68.04806685562048,0.0,0.3418181818181818,0.4218181818181818,0.23636363636363636,0.08,275,46.0,Aston Martin,Fernando ALONSO,Monaco,Monte Carlo,Monaco
9090,16,25,2023-05-27 15:08:26.576,71.471,18.651,33.87,18.95,222.0,199.0,281.0,58.87132352941177,42.400414967140556,0.06985294117647059,0.14705882352941177,0.27205882352941174,3.8823529411764706,7,9951.371323529413,1700.484291226967,12521,289,163.54779411764707,46,68.05764266960351,0.0,0.3382352941176471,0.41911764705882354,0.2426470588235294,0.07720588235294118,272,45.0,Ferrari,Charles LECLERC,Monaco,Monte Carlo,Monaco
9193,22,2,2023-11-25 14:06:07.664,84.672,17.386,36.425,30.861,287.0,320.0,323.0,74.19254658385093,39.78157113812187,0.639751552795031,0.18322981366459629,0.13354037267080746,5.475155279503106,7,10533.670807453416,1231.3309354528074,12256,324,221.7639751552795,65,69.88976772566238,0.13354037267080746,0.5,0.32919254658385094,0.037267080745341616,0.21428571428571427,322,43.0,AlphaTauri,Yuki TSUNODA,United Arab Emirates,Yas Marina Circuit,Yas Island
9193,23,8,2023-11-25 14:27:59.719,84.965,17.32,36.467,31.178,293.0,323.0,328.0,71.69871794871794,40.712768464401265,0.6185897435897436,0.16666666666666666,0.14743589743589744,5.881410256410256,7,10391.445512820514,1250.0117955375517,12085,329,221.625,67,71.41120281482318,0.13141025641025642,0.48717948717948717,0.3301282051282051,0.05128205128205128,0.20833333333333334,312,37.0,Williams,Alexander ALBON,United Arab Emirates,Yas Marina Circuit,Yas Island
9161,77,5,2023-09-16 13:08:45.831,93.653,27.338,39.651,26.664,307.0,277.0,296.0,63.38243626062323,43.15212819678085,0.4985835694050991,0.24645892351274787,0.22946175637393768,4.971671388101983,7,9886.920679886685,1641.5128344718776,12188,312,189.3597733711048,64,67.69440248071639,0.0339943342776204,0.41359773371104813,0.45892351274787535,0.09348441926345609,0.20396600566572237,353,48.0,Alfa Romeo,Valtteri BOTTAS,Singapore,Singapore,Marina Bay
9161,81,8,2023-09-16 13:17:43.322,93.717,27.342,39.293,27.082,313.0,279.0,296.0,60.184357541899445,43.11433020370168,0.008379888268156424,0.22905027932960895,0.24581005586592178,4.603351955307263,7,10279.259776536313,1326.6327890478894,12174,316,187.37150837988827,65,65.8844925367272,0.0335195530726257,0.388268156424581,0.4972067039106145,0.08100558659217877,0.17318435754189945,358,55.0,McLaren,Oscar PIASTRI,Singapore,Singapore,Marina Bay
7775,22,4,2023-03-18 17:05:58.245,90.453,32.808,28.72,28.925,288.0,322.0,325.0,79.39252336448598,37.07747556030796,0.7009345794392523,0.14330218068535824,0.09657320872274143,6.024922118380062,6,10749.121495327103,1026.6928798661045,12454,326,241.97819314641745,88,62.00087820325672,0.205607476635514,0.5482866043613707,0.22429906542056074,0.021806853582554516,0.2523364485981308,321,33.0,AlphaTauri,Yuki TSUNODA,Saudi Arabia,Jeddah,Jeddah
7775,23,8,2023-03-18 17:16:08.941,89.994,32.811,28.333,28.85,291.0,326.0,331.0,76.5229357798165,39.44148333044386,0.6788990825688074,0.15902140672782875,0.1529051987767584,6.339449541284404,6,10829.159021406727,1112.8020948227875,12573,332,244.14067278287462,87,63.67809981355437,0.20489296636085627,0.5596330275229358,0.21406727828746178,0.021406727828746176,0.24464831804281345,327,36.0,Williams,Alexander ALBON,Saudi Arabia,Jeddah,Jeddah
7775,24,9,2023-03-18 17:17:15.425,89.654,32.633,28.436,28.585,289.0,322.0,328.0,81.00607902735563,36.117355628103596,0.723404255319149,0.1094224924012158,0.11246200607902736,6.231003039513678,6,10769.063829787234,1039.3396291952772,12119,329,244.22492401215806,91,63.067795394512466,0.2066869300911854,0.5623100303951368,0.21580547112462006,0.015197568389057751,0.26443768996960487,329,36.0,Alfa Romeo,ZHOU Guanyu,Saudi Arabia,Jeddah,Jeddah
9161,27,8,2023-09-16 13:16:57.823,92.1,27.024,38.815,26.261,313.0,280.0,302.0,65.067055393586,42.039158079868535,0.5189504373177842,0.08454810495626822,0.20699708454810495,4.810495626822157,7,10226.01166180758,1462.94929016511,12499,318,190.2274052478134,65,66.4521166567315,0.04664723032069971,0.3935860058309038,0.478134110787172,0.08163265306122448,0.1661807580174927,343,50.0,Haas F1 Team,Nico HULKENBERG,Singapore,Singapore,Marina Bay
9215,24,5,2023-10-06 17:09:36.940,87.432,32.601,29.335,25.496,238.0,286.0,308.0,71.4773413897281,39.34049421437895,0.56797583081571,0.14501510574018128,0.1419939577039275,5.755287009063444,6,10432.422960725076,1072.734775864937,12009,312,222.17220543806647,91,53.63533390688565,0.054380664652567974,0.6163141993957704,0.3081570996978852,0.021148036253776436,0.10574018126888217,331,33.0,Alfa Romeo,ZHOU Guanyu,Qatar,Lusail,Lusail
9215,31,2,2023-10-06 17:03:10.931,87.159,32.407,29.336,25.416,236.0,286.0,311.0,72.29729729729729,38.99604426832305,0.5555555555555556,0.15315315315315314,0.22822822822822822,5.501501501501502,6,10353.213213213214,986.3752552463172,11894,313,222.8978978978979,90,53.02456036208085,0.057057057057057055,0.6066066066066066,0.3183183183183183,0.018018018018018018,0.1111111111111111,333,33.0,Alpine,Esteban OCON,Qatar,Lusail,Lusail
9161,16,2,2023-09-16 13:03:23.275,92.523,27.262,39.04,26.221,311.0,280.0,301.0,65.74774774774775,40.84052185432706,0.2552552552552553,0.15915915915915915,0.2132132132132132,4.858858858858859,7,9980.843843843844,1563.9352356555378,12093,316,187.9099099099099,62,65.51600782263795,0.04504504504504504,0.38738738738738737,0.4774774774774775,0.09009009009009009,0.1831831831831832,333,53.0,Ferrari,Charles LECLERC,Singapore,Singapore,Marina Bay
9161,20,14,2023-09-16 14:05:58.583,91.892,27.026,38.757,26.109,312.0,279.0,301.0,64.13314447592067,42.271939644134655,0.3881019830028329,0.23229461756373937,0.21813031161473087,4.847025495750708,7,10260.900849858357,1287.7028100742582,11916,316,191.53824362606233,66,67.48336776803211,0.056657223796033995,0.3909348441926346,0.45042492917847027,0.10198300283286119,0.19263456090651557,353,51.0,Haas F1 Team,Kevin MAGNUSSEN,Singapore,Singapore,Marina Bay
9207,14,2,2023-10-20 21:05:07.725,97.032,25.984,38.831,32.217,232.0,191.0,318.0,67.66129032258064,40.39552838069305,0.3629032258064516,0.19086021505376344,0.15053763440860216,5.198924731182796,7,10028.91935483871,1509.859370810535,11860,320,196.497311827957,71,71.96122415934613,0.0913978494623656,0.3978494623655914,0.3924731182795699,0.11827956989247312,0.1881720430107527,372,43.0,Aston Martin,Fernando ALONSO,United States,Austin,Austin
9064,22,11,2023-04-28 13:54:33.577,102.641,36.16,41.366,25.115,222.0,235.0,316.0,70.41602067183463,42.211164837915405,0.6072351421188631,0.2222222222222222,0.19121447028423771,5.0310077519379846,7,10496.198966408268,1448.0568717537062,12630,336,208.86304909560724,74,81.45572785265227,0.21188630490956073,0.31007751937984496,0.40310077519379844,0.07493540051679587,0.14987080103359174,387,52.0,AlphaTauri,Yuki TSUNODA,Azerbaijan,Baku,Baku
9064,22,19,2023-04-28 14:17:24.171,102.038,35.772,41.243,25.023,226.0,235.0,316.0,69.62878787878788,43.26077627709267,0.6161616161616161,0.2398989898989899,0.1893939393939394,5.058080808080808,7,10505.161616161617,1395.916144571316,12543,337,207.60858585858585,74,80.02281843574498,0.1919191919191919,0.3282828282828283,0.4090909090909091,0.0707070707070707,0.1414141414141414,396,54.0,AlphaTauri,Yuki TSUNODA,Azerbaijan,Baku,Baku
9064,23,8,2023-04-28 13:38:57.354,102.171,36.102,41.041,25.028,222.0,236.0,315.0,68.47745358090185,43.14029742113065,0.5915119363395226,0.23076923076923078,0.22015915119363394,5.5092838196286475,7,10306.493368700265,1460.4178160476256,12408,335,212.09549071618036,76,79.86535481562105,0.20159151193633953,0.34748010610079577,0.38726790450928383,0.0636604774535809,0.14854111405835543,377,51.0,Williams,Alexander ALBON,Azerbaijan,Baku,Baku
9064,31,10,2023-04-28 13:43:23.398,102.871,36.136,41.524,25.211,221.0,237.0,316.0,69.7897435897436,42.56387182839524,0.5461538461538461,0.2128205128205128,0.2076923076923077,5.12051282051282,7,10123.687179487179,1445.8598742366964,11926,336,209.7128205128205,72,78.6246793005166,0.18974358974358974,0.3384615384615385,0.3974358974358974,0.07435897435897436,0.1564102564102564,390,53.0,Alpine,Esteban OCON,Azerbaijan,Baku,Baku
9169,77,4,2023-09-23 06:29:11.413,91.049,31.878,41.001,18.17,279.0,302.0,300.0,75.09609609609609,38.496476326190006,0.6426426426426426,0.12612612612612611,0.13813813813813813,5.981981981981982,6,10388.705705705706,1332.7165833151655,12017,329,230.1051051051051,73,64.44361786475024,0.16216216216216217,0.5615615615615616,0.2132132132132132,0.06306306306306306,0.0990990990990991,333,28.0,Alfa Romeo,Valtteri BOTTAS,Japan,Suzuka,Suzuka
7768,24,8,2023-03-04 15:37:51.146,92.233,29.565,39.622,23.046,240.0,268.0,316.0,71.36235955056179,41.20543706835668,0.598314606741573,0.21067415730337077,0.1797752808988764,5.46067415730337,7,10044.705056179775,1616.9304827365133,12294,319,208.25,66,71.50484569416597,0.07865168539325842,0.5196629213483146,0.2949438202247191,0.10674157303370786,0.23314606741573032,356,49.0,Alfa Romeo,ZHOU Guanyu,Bahrain,Sakhir,Sakhir
9153,20,2,2023-09-02 14:02:49.801,82.853,27.321,28.117,27.415,321.0,335.0,341.0,77.21943573667711,38.07864418643121,0.11598746081504702,0.1536050156739812,0.13479623824451412,6.278996865203761,7,10831.80250783699,1188.0165815261632,12215,342,250.0,68,73.0280380376102,0.34796238244514105,0.4106583072100313,0.19435736677115986,0.047021943573667714,0.19122257053291536,319,31.0,Haas F1 Team,Kevin MAGNUSSEN,Italy,Monza,Monza
9153,23,5,2023-09-02 14:08:35.782,82.271,27.108,27.793,27.37,323.0,338.0,349.0,73.95681063122923,40.203583527599704,0.6345514950166113,0.15614617940199335,0.16279069767441862,6.415282392026578,7,10937.076411960134,1321.9784607959455,12864,349,250.0764119601329,67,76.05036143952941,0.3588039867109635,0.3920265780730897,0.2026578073089701,0.046511627906976744,0.17940199335548174,301,30.0,Williams,Alexander ALBON,Italy,Monza,Monza
9153,27,2,2023-09-02 14:02:47.051,83.284,27.65,28.247,27.387,320.0,333.0,338.0,78.33228840125392,38.427125239610554,0.7178683385579937,0.14106583072100312,0.14420062695924765,6.338557993730408,7,10773.257053291536,1274.521413349688,12147,340,250.27899686520377,64,73.39541760066987,0.3448275862068966,0.4263322884012539,0.18181818181818182,0.047021943573667714,0.19122257053291536,319,33.0,Haas F1 Team,Nico HULKENBERG,Italy,Monza,Monza
9215,40,7,2023-10-06 17:13:21.499,86.76,32.254,29.318,25.188,235.0,285.0,313.0,71.18507462686567,41.040600803238995,0.5850746268656717,0.208955223880597,0.23880597014925373,5.558208955223881,6,10568.370149253731,1068.7945250752439,12423,316,223.90746268656716,90,53.87972109559562,0.05970149253731343,0.5970149253731343,0.3253731343283582,0.01791044776119403,0.10746268656716418,335,32.0,AlphaTauri,Liam LAWSON,Qatar,Lusail,Lusail
9215,77,2,2023-10-06 17:02:03.386,87.656,32.358,29.621,25.677,238.0,286.0,309.0,72.87387387387388,38.361576483629385,0.5705705705705706,0.16216216216216217,0.16516516516516516,5.621621621621622,6,10585.684684684684,1011.4836351877804,12082,312,221.43543543543544,95,53.97193218182338,0.06306306306306306,0.5885885885885885,0.33633633633633636,0.012012012012012012,0.1021021021021021,333,36.0,Alfa Romeo,Valtteri BOTTAS,Qatar,Lusail,Lusail
9215,81,19,2023-10-06 17:50:58.209,84.54,31.266,28.508,24.766,245.0,289.0,314.0,72.36760124610592,39.25090058891004,0.0,0.1588785046728972,0.14018691588785046,5.728971962616822,6,10765.828660436136,897.3297707231227,12017,315,229.7227414330218,97,53.41536307525259,0.0778816199376947,0.6292834890965732,0.2866043613707165,0.006230529595015576,0.11838006230529595,321,34.0,McLaren,Oscar PIASTRI,Qatar,Lusail,Lusail
9074,18,7,2023-05-06 20:16:37.964,88.476,29.768,33.756,24.952,221.0,193.0,335.0,67.94444444444444,40.457637516747475,0.22530864197530864,0.17592592592592593,0.19444444444444445,5.765432098765432,7,10118.111111111111,1630.402087199435,12330,335,216.7314814814815,66,84.0123763344722,0.2222222222222222,0.36419753086419754,0.2993827160493827,0.11419753086419752,0.22839506172839505,324,37.0,Aston Martin,Lance STROLL,United States,Miami,Miami
9074,22,2,2023-05-06 20:02:15.917,90.117,30.545,34.221,25.351,219.0,188.0,333.0,66.67630057803468,41.77141889748769,0.5057803468208093,0.21676300578034682,0.1531791907514451,5.378612716763006,7,10275.5,1478.3917373231998,12485,334,214.91040462427745,65,83.64504407719792,0.20520231213872833,0.3872832369942196,0.28901734104046245,0.11849710982658959,0.22832369942196531,346,34.0,AlphaTauri,Yuki TSUNODA,United States,Miami,Miami
9074,27,12,2023-05-06 20:27:37.937,87.903,29.653,33.348,24.902,225.0,194.0,337.0,68.45970149253732,40.89043363410175,0.5552238805970149,0.18208955223880596,0.16417910447761194,5.573134328358209,7,10371.811940298507,1508.8105807951092,12318,339,219.42388059701491,69,81.7157664950768,0.19701492537313434,0.417910447761194,0.29850746268656714,0.08656716417910448,0.21492537313432836,335,34.0,Haas F1 Team,Nico HULKENBERG,United States,Miami,Miami
9177,63,12,2023-10-28 21:38:36.754,77.673,27.631,29.92,20.122,312.0,294.0,342.0,59.989583333333336,43.582552879624046,0.4652777777777778,0.2673611111111111,0.2326388888888889,5.100694444444445,7,9920.447916666666,1909.9212173572298,12601,343,195.78472222222223,62,84.54915591403747,0.16319444444444445,0.3055555555555556,0.3923611111111111,0.1388888888888889,0.2743055555555556,288,30.0,Mercedes,George RUSSELL,Mexico,Mexico City,Mexico City
9177,77,2,2023-10-28 21:07:30.869,78.429,27.742,30.39,20.297,312.0,295.0,341.0,61.17666666666667,42.944454934106616,0.48,0.23333333333333334,0.22,5.136666666666667,7,9821.99,1846.6213013687718,12222,344,194.98,65,84.91317383245668,0.17,0.2966666666666667,0.39,0.14333333333333334,0.27,300,31.0,Alfa Romeo,Valtteri BOTTAS,Mexico,Mexico City,Mexico City
9064,18,22,2023-04-28 14:24:31.557,101.611,35.813,40.77,25.028,229.0,242.0,315.0,70.32151898734178,41.45911591077483,0.2582278481012658,0.19746835443037974,0.19240506329113924,5.405063291139241,7,10347.255696202532,1345.0397718108575,12131,320,209.70632911392406,73,78.55561472301457,0.1848101265822785,0.35443037974683544,0.3924050632911392,0.06835443037974684,0.1620253164556962,395,57.0,Aston Martin,Lance STROLL,Azerbaijan,Baku,Baku
9129,18,7,2023-07-22 14:13:34.058,78.782,28.31,28.147,22.325,282.0,250.0,305.0,62.57575757575758,42.66623077044946,0.050505050505050504,0.24579124579124578,0.22895622895622897,5.154882154882155,6,10315.016835016835,1104.2696695526877,11897,317,198.36026936026937,93,59.428200239541034,0.04377104377104377,0.4511784511784512,0.48148148148148145,0.02356902356902357,0.15151515151515152,297,45.0,Aston Martin,Lance STROLL,Hungary,Hungaroring,Budapest
9169,10,5,2023-09-23 06:29:23.226,90.843,31.651,41.105,18.087,282.0,305.0,306.0,73.09638554216868,39.11617662688019,0.5903614457831325,0.16265060240963855,0.12951807228915663,5.635542168674699,7,10295.795180722891,1191.5618759199592,11806,330,227.5,70,66.21184987178738,0.1566265060240964,0.5542168674698795,0.22289156626506024,0.06626506024096386,0.08433734939759036,332,36.0,Alpine,Pierre GASLY,Japan,Suzuka,Suzuka
9169,11,2,2023-09-23 06:05:29.179,90.652,31.468,41.065,18.119,282.0,306.0,306.0,72.22686567164179,40.75715866766893,0.6328358208955224,0.1373134328358209,0.1373134328358209,5.838805970149254,7,10398.471641791044,1246.2684343354563,12076,335,230.7462686567164,72,66.99404372567778,0.1761194029850746,0.5462686567164179,0.20298507462686566,0.07462686567164178,0.10746268656716418,335,32.0,Red Bull Racing,Sergio PEREZ,Japan,Suzuka,Suzuka
9169,14,5,2023-09-23 06:30:32.162,90.971,31.742,40.985,18.244,276.0,301.0,299.0,74.28402366863905,39.01398720978634,0.4171597633136095,0.14201183431952663,0.13609467455621302,6.150887573964497,7,10401.961538461539,1098.0684477862649,12168,325,230.37278106508876,71,63.70925775735788,0.15088757396449703,0.5828402366863905,0.20118343195266272,0.0650887573964497,0.09467455621301775,338,36.0,Aston Martin,Fernando ALONSO,Japan,Suzuka,Suzuka
9169,14,8,2023-09-23 06:44:34.247,91.31,31.815,41.261,18.234,276.0,302.0,300.0,74.69794721407625,37.459385400687054,0.3812316715542522,0.11730205278592376,0.12609970674486803,6.096774193548387,7,10363.375366568915,1198.2992505962957,12054,325,228.05865102639297,68,66.06277823091219,0.16422287390029325,0.530791788856305,0.2287390029325513,0.07624633431085044,0.10557184750733138,341,36.0,Aston Martin,Fernando ALONSO,Japan,Suzuka,Suzuka
9314,44,14,2023-11-18 08:38:15.873,93.928,26.831,31.345,35.752,184.0,216.0,344.0,75.87087912087912,38.92243226804152,0.6510989010989011,0.14560439560439561,0.17032967032967034,6.104395604395604,7,10745.554945054944,1542.6371073284226,12823,348,237.7912087912088,88,84.11906378579536,0.33516483516483514,0.32967032967032966,0.28296703296703296,0.0521978021978022,0.1620879120879121,364,38.0,Mercedes,Lewis HAMILTON,United States,Las Vegas,Las Vegas
9112,27,2,2023-06-30 15:01:38.655,66.04,16.507,29.461,20.072,321.0,241.0,316.0,76.42105263157895,38.60063452690037,0.6639676113360324,0.10931174089068826,0.13360323886639677,5.9271255060728745,7,10850.902834008097,1102.99332872113,12593,323,236.5425101214575,69,64.98108866993988,0.18218623481781376,0.562753036437247,0.21052631578947367,0.044534412955465584,0.3522267206477733,247,32.0,Haas F1 Team,Nico HULKENBERG,Austria,Spielberg,Spielberg
9112,27,6,2023-06-30 15:17:55.904,65.991,16.544,29.451,19.996,321.0,241.0,315.0,74.58687258687259,40.197901684930024,0.6563706563706564,0.14285714285714285,0.17374517374517376,5.918918918918919,7,10736.42857142857,1143.7536384125992,12133,322,234.08494208494207,68,65.47424285783467,0.1583011583011583,0.5791505791505791,0.22007722007722008,0.04247104247104247,0.3281853281853282,259,35.0,Haas F1 Team,Nico HULKENBERG,Austria,Spielberg,Spielberg
9112,44,3,2023-06-30 15:04:41.496,66.723,16.652,29.981,20.09,322.0,243.0,313.0,74.14741035856574,39.45405154438429,0.6374501992031872,0.14741035856573706,0.15139442231075698,6.147410358565737,7,10523.772908366534,1280.1837868927676,11998,324,232.0796812749004,67,68.54663832383036,0.17928286852589642,0.5378486055776892,0.2350597609561753,0.04780876494023904,0.30677290836653387,251,34.0,Mercedes,Lewis HAMILTON,Austria,Spielberg,Spielberg
9112,55,2,2023-06-30 15:02:39.107,66.496,16.68,29.648,20.168,321.0,236.0,315.0,75.79435483870968,36.99723767436561,0.12903225806451613,0.09274193548387097,0.1774193548387097,6.129032258064516,7,10435.358870967742,1334.9498391772515,12108,321,233.34274193548387,63,67.606981257253,0.1814516129032258,0.5524193548387096,0.20967741935483872,0.056451612903225805,0.32661290322580644,248,32.0,Ferrari,Carlos SAINZ,Austria,Spielberg,Spielberg
9112,63,17,2023-06-30 15:39:56.599,65.408,16.515,29.097,19.796,321.0,245.0,315.0,77.43829787234043,37.81431552506063,0.6978723404255319,0.1276595744680851,0.16170212765957448,6.238297872340426,7,10772.493617021277,1175.1100452931323,12419,323,239.39574468085107,68,63.96808084060567,0.19574468085106383,0.5702127659574469,0.19574468085106383,0.03829787234042553,0.3404255319148936,235,35.0,Mercedes,George RUSSELL,Austria,Spielberg,Spielberg
9112,77,13,2023-06-30 15:45:10.828,65.513,16.518,29.179,19.816,323.0,246.0,317.0,74.90944881889764,39.8362714993224,0.6496062992125984,0.16929133858267717,0.18110236220472442,6.102362204724409,7,10571.866141732284,1223.5217158374285,12232,325,235.21259842519686,70,68.22650371396573,0.2047244094488189,0.5354330708661418,0.2125984251968504,0.047244094488188976,0.35039370078740156,254,33.0,Alfa Romeo,Valtteri BOTTAS,Austria,Spielberg,Spielberg
9207,31,14,2023-10-20 21:39:27.093,95.413,25.53,38.459,31.424,236.0,191.0,323.0,66.58591549295775,42.271991554607865,0.523943661971831,0.22816901408450704,0.21971830985915494,5.042253521126761,7,9929.52676056338,1560.502232004094,11778,324,202.6450704225352,73,71.74620364123842,0.08732394366197183,0.4647887323943662,0.3408450704225352,0.10704225352112676,0.16338028169014085,355,45.0,Alpine,Esteban OCON,United States,Austin,Austin
9112,16,25,2023-06-30 16:05:18.010,64.439,16.336,28.686,19.417,324.0,247.0,318.0,81.14754098360656,32.296892314704415,0.0,0.036885245901639344,0.13524590163934427,6.237704918032787,7,10773.594262295082,913.1745532704064,12035,325,243.60655737704917,70,62.92055967052294,0.22131147540983606,0.5778688524590164,0.1721311475409836,0.028688524590163935,0.36885245901639346,244,33.0,Ferrari,Charles LECLERC,Austria,Spielberg,Spielberg
9112,18,9,2023-06-30 15:23:14.539,65.71,16.628,29.38,19.702,320.0,245.0,314.0,76.62396694214875,39.71876136179331,0.30991735537190085,0.1652892561983471,0.17355371900826447,6.243801652892562,7,10690.95867768595,1102.3882365172099,12073,321,237.1487603305785,66,64.1562746040553,0.1652892561983471,0.5909090909090909,0.2024793388429752,0.04132231404958678,0.34710743801652894,242,32.0,Aston Martin,Lance STROLL,Austria,Spielberg,Spielberg
9112,21,6,2023-06-30 15:15:55.999,66.058,16.719,29.495,19.844,317.0,246.0,311.0,74.68442622950819,41.041116632006265,0.6721311475409836,0.20081967213114754,0.18032786885245902,5.877049180327869,7,10510.032786885246,1258.5064401209659,12394,318,231.45491803278688,59,65.46586784162128,0.1598360655737705,0.5573770491803278,0.23770491803278687,0.045081967213114756,0.36065573770491804,244,35.0,AlphaTauri,Nyck DE VRIES,Austria,Spielberg,Spielberg
9112,21,9,2023-06-30 15:23:04.774,65.974,16.775,29.322,19.877,317.0,246.0,313.0,75.97933884297521,40.251434689732534,0.6818181818181818,0.18181818181818182,0.16115702479338842,5.991735537190083,7,10583.404958677685,1212.1049423810648,12596,319,234.87603305785123,66,66.52090056203362,0.1652892561983471,0.5909090909090909,0.19421487603305784,0.049586776859504134,0.35537190082644626,242,33.0,AlphaTauri,Nyck DE VRIES,Austria,Spielberg,Spielberg
9193,11,5,2023-11-25 14:17:34.745,84.209,17.17,36.261,30.778,290.0,327.0,332.0,72.27272727272727,41.276383699927294,0.6489028213166145,0.14420062695924765,0.15047021943573669,5.633228840125392,6,10313.89028213166,1398.2623011319806,11959,333,223.26018808777428,67,69.46546593234095,0.12539184952978055,0.5109717868338558,0.3166144200626959,0.047021943573667714,0.2006269592476489,319,43.0,Red Bull Racing,Sergio PEREZ,United Arab Emirates,Yas Marina Circuit,Yas Island
9129,1,17,2023-07-22 14:51:09.595,76.612,27.782,27.283,21.547,280.0,254.0,304.0,67.23549488054607,42.26752497255575,0.552901023890785,0.16723549488054607,0.21160409556313994,5.068259385665529,6,10287.88395904437,1288.0071445052633,12281,314,203.47098976109214,92,59.13894144512474,0.051194539249146756,0.46757679180887374,0.46075085324232085,0.020477815699658702,0.16723549488054607,293,36.0,Red Bull Racing,Max VERSTAPPEN,Hungary,Hungaroring,Budapest
9129,11,4,2023-07-22 14:05:27.485,78.844,28.45,28.034,22.36,282.0,250.0,303.0,64.72523961661342,42.920930978348636,0.536741214057508,0.14376996805111822,0.19488817891373802,4.9105431309904155,6,10325.94568690096,1233.6808251938137,12306,313,198.82747603833866,85,59.75571755998921,0.038338658146964855,0.45686900958466453,0.4728434504792332,0.03194888178913738,0.16293929712460065,313,39.0,Red Bull Racing,Sergio PEREZ,Hungary,Hungaroring,Budapest
9314,1,5,2023-11-18 08:11:11.823,94.19,26.782,31.212,36.196,186.0,213.0,343.0,73.25626740947075,41.04039512284095,0.6518105849582173,0.1615598885793872,0.16991643454038996,5.8495821727019495,6,10520.816155988858,1445.5782240547064,12277,348,233.88857938718664,88,83.8393906030531,0.30919220055710306,0.35376044568245124,0.28690807799442897,0.05013927576601671,0.1532033426183844,359,38.0,Red Bull Racing,Max VERSTAPPEN,United States,Las Vegas,Las Vegas
9064,1,19,2023-04-28 14:24:55.338,100.391,35.277,40.447,24.667,226.0,241.0,319.0,69.12051282051281,43.136339599933734,0.6230769230769231,0.22564102564102564,0.2153846153846154,5.266666666666667,7,10395.174358974358,1342.1420684818218,12244,342,213.05641025641026,80,79.61447529203866,0.2076923076923077,0.34615384615384615,0.4,0.046153846153846156,0.1564102564102564,390,53.0,Red Bull Racing,Max VERSTAPPEN,Azerbaijan,Baku,Baku
9064,10,2,2023-04-28 13:02:46.378,104.853,37.311,42.427,25.115,203.0,235.0,315.0,66.96946564885496,43.754814125448135,0.5877862595419847,0.24936386768447838,0.21374045801526717,4.916030534351145,7,10282.40203562341,1461.3336343957349,12252,332,206.46564885496184,72,80.82391079862781,0.18829516539440203,0.3282442748091603,0.3969465648854962,0.08651399491094147,0.13740458015267176,393,54.0,Alpine,Pierre GASLY,Azerbaijan,Baku,Baku
9064,11,20,2023-04-28 14:24:49.072,100.495,35.177,40.554,24.764,238.0,250.0,318.0,71.4771573604061,41.91868702225574,0.6446700507614214,0.1700507614213198,0.18274111675126903,5.350253807106599,7,10383.705583756346,1426.0045678756892,12348,340,215.06598984771574,75,80.40445287037356,0.2131979695431472,0.3401015228426396,0.38578680203045684,0.06091370558375635,0.16243654822335024,394,51.0,Red Bull Racing,Sergio PEREZ,Azerbaijan,Baku,Baku
9314,14,23,2023-11-18 08:58:58.648,93.559,26.493,31.106,35.96,188.0,216.0,337.0,76.27808988764045,38.69051887722727,0.300561797752809,0.1601123595505618,0.13202247191011235,6.115168539325842,7,10729.581460674157,1363.0777215682187,12607,342,237.1123595505618,92,81.14087047164158,0.32865168539325845,0.3539325842696629,0.2696629213483146,0.047752808988764044,0.16573033707865167,356,45.0,Aston Martin,Fernando ALONSO,United States,Las Vegas,Las Vegas
9314,18,9,2023-11-18 08:17:15.504,94.504,26.905,31.318,36.281,185.0,215.0,340.0,74.00291545189505,40.08751380922883,0.13994169096209913,0.16909620991253643,0.1661807580174927,6.12536443148688,6,10641.081632653062,1534.0221752804944,12694,344,237.45481049562682,88,82.75298000963879,0.34402332361516036,0.3323615160349854,0.27405247813411077,0.04956268221574344,0.18075801749271136,343,39.0,Aston Martin,Lance STROLL,United States,Las Vegas,Las Vegas
9314,20,19,2023-11-18 08:50:04.766,94.275,26.48,31.235,36.56,184.0,215.0,335.0,75.53802816901408,39.299380992369144,0.38591549295774646,0.16338028169014085,0.16056338028169015,6.014084507042254,6,10570.74647887324,1235.0763776824972,12100,341,236.31267605633803,90,80.91877585079604,0.3352112676056338,0.3408450704225352,0.29014084507042254,0.03380281690140845,0.17746478873239438,355,37.0,Haas F1 Team,Kevin MAGNUSSEN,United States,Las Vegas,Las Vegas
9314,20,22,2023-11-18 08:57:58.024,93.537,26.335,30.966,36.236,187.0,215.0,339.0,74.44285714285714,39.7894298912206,0.4228571428571429,0.1657142857142857,0.1657142857142857,6.051428571428572,6,10600.974285714286,1322.248853603402,12258,345,236.59428571428572,89,82.20319343087175,0.32571428571428573,0.34285714285714286,0.27714285714285714,0.054285714285714284,0.1657142857142857,350,38.0,Haas F1 Team,Kevin MAGNUSSEN,United States,Las Vegas,Las Vegas
9314,27,2,2023-11-18 08:01:57.568,96.466,27.749,32.026,36.691,184.0,207.0,339.0,72.8529411764706,40.12891130042515,0.6310160427807486,0.15508021390374332,0.1657754010695187,5.885026737967914,7,10497.580213903744,1412.7196264221152,12265,345,230.03475935828877,85,85.06339771235855,0.3181818181818182,0.31016042780748665,0.28609625668449196,0.0855614973262032,0.16310160427807488,374,40.0,Haas F1 Team,Nico HULKENBERG,United States,Las Vegas,Las Vegas
9090,77,7,2023-05-27 14:19:17.735,73.464,19.267,34.782,19.415,216.0,199.0,280.0,56.560137457044675,43.94227002731486,0.422680412371134,0.27147766323024053,0.27147766323024053,3.9381443298969074,7,9758.463917525773,1795.5770298835102,12270,287,162.09278350515464,45,67.95785952986273,0.0,0.32989690721649484,0.41924398625429554,0.2508591065292096,0.08247422680412371,291,42.0,Alfa Romeo,Valtteri BOTTAS,Monaco,Monte Carlo,Monaco
9090,77,21,2023-05-27 14:49:47.245,72.625,18.914,34.446,19.265,220.0,202.0,278.0,57.47841726618705,44.245678183514414,0.4460431654676259,0.29136690647482016,0.2697841726618705,3.9892086330935252,7,9819.125899280576,1746.925750039168,12332,286,164.08992805755395,46,68.34449665554278,0.0,0.34172661870503596,0.4028776978417266,0.25539568345323743,0.07553956834532374,278,41.0,Alfa Romeo,Valtteri BOTTAS,Monaco,Monte Carlo,Monaco
9169,22,5,2023-09-23 06:30:12.444,90.733,31.602,40.899,18.232,280.0,302.0,302.0,73.96716417910447,39.4431539260572,0.6029850746268657,0.16119402985074627,0.13432835820895522,5.677611940298507,7,10596.4,1273.1655188243817,12538,327,228.9671641791045,69,65.02999397343923,0.16119402985074627,0.5432835820895522,0.23582089552238805,0.05970149253731343,0.0955223880597015,335,30.0,AlphaTauri,Yuki TSUNODA,Japan,Suzuka,Suzuka
9169,23,2,2023-09-23 06:07:03.366,91.424,32.075,41.174,18.175,284.0,310.0,308.0,68.3735632183908,40.48059401943134,0.5258620689655172,0.14367816091954022,0.16379310344827586,5.936781609195402,7,10564.37356321839,1327.7197169553049,12390,334,227.41091954022988,74,67.78369220846098,0.16954022988505746,0.5258620689655172,0.2413793103448276,0.06321839080459771,0.09482758620689655,348,36.0,Williams,Alexander ALBON,Japan,Suzuka,Suzuka
9215,1,2,2023-10-06 17:01:58.839,86.884,32.018,29.588,25.278,239.0,290.0,317.0,69.74622356495469,40.749221326617096,0.5649546827794562,0.1540785498489426,0.16012084592145015,5.619335347432024,6,10406.335347432025,1106.4360225741932,11772,318,223.1631419939577,89,55.333895314752766,0.06646525679758308,0.6012084592145015,0.31722054380664655,0.015105740181268883,0.10876132930513595,331,32.0,Red Bull Racing,Max VERSTAPPEN,Qatar,Lusail,Lusail
9215,1,7,2023-10-06 17:14:26.201,85.007,31.304,28.887,24.816,242.0,289.0,320.0,73.26006191950465,39.572959382409955,0.6160990712074303,0.13312693498452013,0.14551083591331268,5.705882352941177,6,10509.996904024767,1049.4481853713426,12015,322,228.08978328173376,90,54.26311549061588,0.0804953560371517,0.6253869969040248,0.2786377708978328,0.015479876160990712,0.11145510835913312,323,29.0,Red Bull Racing,Max VERSTAPPEN,Qatar,Lusail,Lusail
9215,1,10,2023-10-06 17:28:58.748,84.758,31.17,28.867,24.721,246.0,288.0,320.0,73.91509433962264,39.4078691379155,0.6226415094339622,0.14465408805031446,0.1540880503144654,5.70440251572327,6,10510.924528301886,1057.9393490225916,12168,320,227.74213836477986,92,54.53094671245117,0.08176100628930817,0.610062893081761,0.29559748427672955,0.012578616352201259,0.11320754716981132,318,30.0,Red Bull Racing,Max VERSTAPPEN,Qatar,Lusail,Lusail
9215,4,6,2023-10-06 17:13:15.905,85.131,31.431,28.765,24.935,245.0,289.0,315.0,71.9969604863222,38.95850657604355,0.0,0.1641337386018237,0.1276595744680851,5.720364741641338,6,10721.811550151975,955.1268405042089,12009,316,228.6079027355623,89,52.88881629017496,0.0790273556231003,0.6170212765957447,0.2857142857142857,0.0182370820668693,0.11550151975683891,329,35.0,McLaren,Lando NORRIS,Qatar,Lusail,Lusail
9215,14,2,2023-10-06 17:02:54.494,86.715,31.99,29.575,25.15,241.0,288.0,319.0,70.28828828828829,39.54897544574582,0.04804804804804805,0.14114114114114115,0.14414414414414414,5.846846846846847,6,10589.594594594595,946.9992434416878,11748,320,223.55555555555554,93,56.130233199075484,0.07207207207207207,0.5795795795795796,0.3303303303303303,0.018018018018018018,0.10810810810810811,333,41.0,Aston Martin,Fernando ALONSO,Qatar,Lusail,Lusail
9074,31,5,2023-05-06 20:09:32.550,88.656,29.655,33.74,25.261,223.0,190.0,334.0,69.26426426426427,40.41154048848975,0.5465465465465466,0.18018018018018017,0.1981981981981982,5.336336336336337,7,10054.732732732733,1434.8159921624447,11705,335,216.45345345345345,65,83.50107366253904,0.2012012012012012,0.3993993993993994,0.2972972972972973,0.1021021021021021,0.21621621621621623,333,36.0,Alpine,Esteban OCON,United States,Miami,Miami
9074,55,10,2023-05-06 20:31:35.620,87.148,29.123,33.113,24.912,225.0,195.0,332.0,70.93093093093093,38.644479780484176,0.009009009009009009,0.15915915915915915,0.1921921921921922,5.648648648648648,7,10306.033033033033,1454.4226886772872,12101,335,219.83483483483482,72,80.74726143134762,0.1891891891891892,0.4294294294294294,0.2912912912912913,0.09009009009009009,0.2222222222222222,333,36.0,Ferrari,Carlos SAINZ,United States,Miami,Miami
9074,63,8,2023-05-06 20:17:17.386,88.086,29.468,33.48,25.138,221.0,192.0,335.0,68.02114803625378,42.0867377067792,0.5589123867069486,0.22356495468277945,0.18126888217522658,5.664652567975831,7,10251.628398791541,1657.6716815818324,12370,336,216.51057401812687,69,82.81159179931379,0.2084592145015106,0.3806646525679758,0.311178247734139,0.09969788519637462,0.22054380664652568,331,36.0,Mercedes,George RUSSELL,United States,Miami,Miami
9074,77,9,2023-05-06 20:16:59.651,87.864,29.59,33.32,24.954,226.0,194.0,337.0,69.73993808049535,40.80883150971981,0.5696594427244582,0.16718266253869968,0.21052631578947367,5.761609907120743,6,10100.256965944272,1746.344928035833,12202,340,219.43034055727554,68,84.26819030018096,0.2260061919504644,0.38080495356037153,0.29721362229102166,0.09597523219814241,0.2260061919504644,323,30.0,Alfa Romeo,Valtteri BOTTAS,United States,Miami,Miami
9153,14,2,2023-09-02 14:05:39.050,82.48,27.318,27.954,27.208,319.0,336.0,339.0,78.36245954692556,38.04284173031769,0.656957928802589,0.13592233009708737,0.1262135922330097,6.472491909385114,7,10894.187702265372,1249.6060952255712,12514,341,251.25566343042073,70,73.47074695248773,0.3559870550161812,0.4077669902912621,0.18446601941747573,0.05177993527508091,0.18770226537216828,309,38.0,Aston Martin,Fernando ALONSO,Italy,Monza,Monza
9177,16,13,2023-10-28 21:50:29.012,77.166,27.291,29.853,20.022,317.0,297.0,348.0,63.31399317406143,41.99058572849242,0.3310580204778157,0.16382252559726962,0.2354948805460751,5.085324232081911,6,9982.337883959044,1897.8547023046558,12488,351,198.91808873720137,65,86.00322616857501,0.18088737201365188,0.2832764505119454,0.40273037542662116,0.13310580204778158,0.27303754266211605,293,32.0,Ferrari,Charles LECLERC,Mexico,Mexico City,Mexico City
9177,18,8,2023-10-28 21:16:31.972,79.248,27.91,30.499,20.839,312.0,293.0,344.0,60.29139072847682,42.65251538293309,0.2781456953642384,0.17880794701986755,0.23178807947019867,5.112582781456954,7,9879.791390728476,1918.3459322567533,12671,346,194.75827814569536,60,85.04845900867113,0.17218543046357615,0.2913907284768212,0.39072847682119205,0.1456953642384106,0.2814569536423841,302,27.0,Aston Martin,Lance STROLL,Mexico,Mexico City,Mexico City
7775,2,2,2023-03-18 17:01:59.748,89.721,32.779,28.335,28.607,293.0,325.0,332.0,78.7521613832853,37.47618457173574,0.69164265129683,0.15273775216138327,0.138328530259366,6.3746397694524495,6,10883.64553314121,1035.9547318102507,12381,333,245.60230547550432,87,62.688631372362394,0.22478386167146974,0.5417867435158501,0.21902017291066284,0.01440922190201729,0.23919308357348704,347,39.0,Williams,Logan SARGEANT,Saudi Arabia,Jeddah,Jeddah
9129,31,4,2023-07-22 14:05:13.438,79.572,28.651,28.314,22.607,283.0,250.0,301.0,61.86900958466454,43.54976630810196,0.46325878594249204,0.2747603833865815,0.268370607028754,4.8370607028754,6,9899.095846645367,1260.2603606721163,11786,313,193.68690095846645,88,58.97862814499134,0.03514376996805112,0.4217252396166134,0.5271565495207667,0.01597444089456869,0.14057507987220447,313,41.0,Alpine,Esteban OCON,Hungary,Hungaroring,Budapest
9074,10,11,2023-05-06 20:30:25.856,87.813,29.496,33.333,24.984,222.0,192.0,332.0,71.50308641975309,39.79595779345425,0.5895061728395061,0.17901234567901234,0.13271604938271606,5.29320987654321,7,10359.398148148148,1301.0143073710512,12537,333,218.76234567901236,72,80.57004145995249,0.19444444444444445,0.4104938271604938,0.31790123456790126,0.07716049382716049,0.2222222222222222,324,35.0,Alpine,Pierre GASLY,United States,Miami,Miami
9074,14,13,2023-05-06 20:38:34.425,87.097,29.216,33.125,24.756,224.0,195.0,335.0,68.78947368421052,40.56884663660027,0.2043343653250774,0.16718266253869968,0.1609907120743034,5.7368421052631575,7,10296.885448916408,1519.0354008215545,12276,335,219.25386996904024,71,81.97828038861101,0.20123839009287925,0.4148606811145511,0.2848297213622291,0.09907120743034056,0.21671826625386997,323,41.0,Aston Martin,Fernando ALONSO,United States,Miami,Miami
7775,44,14,2023-03-18 17:38:40.707,89.448,32.667,28.274,28.507,289.0,324.0,329.0,82.45697329376854,34.5728882439126,0.7002967359050445,0.0771513353115727,0.10979228486646884,6.329376854599406,7,10983.12462908012,789.1003783045686,12287,330,245.4213649851632,90,60.11843881070125,0.19287833827893175,0.5905044510385756,0.20474777448071216,0.011869436201780416,0.2314540059347181,337,36.0,Mercedes,Lewis HAMILTON,Saudi Arabia,Jeddah,Jeddah
7775,55,11,2023-03-18 17:27:38.652,89.9,32.749,28.641,28.51,289.0,325.0,330.0,77.85840707964601,36.54741605011639,0.43952802359882004,0.0943952802359882,0.15339233038348082,6.292035398230088,6,10695.57227138643,989.6805607694553,11991,332,244.50442477876106,89,60.47036399089898,0.19469026548672566,0.5752212389380531,0.21238938053097345,0.017699115044247787,0.22418879056047197,339,35.0,Ferrari,Carlos SAINZ,Saudi Arabia,Jeddah,Jeddah
7775,77,2,2023-03-18 17:02:49.825,90.357,32.948,28.616,28.793,288.0,321.0,330.0,80.11904761904762,36.85903919574609,0.7023809523809523,0.13988095238095238,0.15178571428571427,6.282738095238095,6,10664.717261904761,1149.0641047545896,12142,331,242.91666666666666,92,62.12999531955529,0.18452380952380953,0.5744047619047619,0.2261904761904762,0.01488095238095238,0.23511904761904762,336,31.0,Alfa Romeo,Valtteri BOTTAS,Saudi Arabia,Jeddah,Jeddah
7775,77,9,2023-03-18 17:17:19.690,89.929,32.75,28.478,28.701,289.0,321.0,328.0,80.4079754601227,36.70794251777982,0.7208588957055214,0.13803680981595093,0.15950920245398773,6.361963190184049,6,10723.687116564417,1079.6040870984416,12209,329,247.62883435582822,91,60.340880107730904,0.21779141104294478,0.5613496932515337,0.20552147239263804,0.015337423312883436,0.25766871165644173,326,35.0,Alfa Romeo,Valtteri BOTTAS,Saudi Arabia,Jeddah,Jeddah
9161,2,2,2023-09-16 13:01:59.932,95.098,28.244,40.273,26.581,309.0,279.0,300.0,60.075630252100844,43.157959086790235,0.4677871148459384,0.24369747899159663,0.22128851540616246,4.848739495798319,7,9839.019607843138,1604.4977887516193,12728,313,184.0420168067227,63,67.9016632349928,0.0392156862745098,0.37815126050420167,0.4733893557422969,0.1092436974789916,0.17086834733893558,357,57.0,Williams,Logan SARGEANT,Singapore,Singapore,Marina Bay
9177,11,2,2023-10-28 21:04:40.558,78.553,27.762,30.41,20.381,313.0,294.0,347.0,58.11744966442953,44.30088769666976,0.4664429530201342,0.23825503355704697,0.21140939597315436,4.869127516778524,7,9682.526845637583,1903.1146774978804,12253,347,191.69463087248323,64,85.27683600459265,0.15100671140939598,0.29194630872483224,0.40604026845637586,0.15100671140939598,0.2651006711409396,298,32.0,Red Bull Racing,Sergio PEREZ,Mexico,Mexico City,Mexico City
7768,18,2,2023-03-04 15:14:18.031,91.617,29.266,39.428,22.923,241.0,268.0,317.0,69.59537572254335,41.630094765064825,0.0,0.21965317919075145,0.18208092485549132,5.6473988439306355,7,10225.407514450868,1435.4084360829681,12181,318,211.78323699421966,68,68.92581062534603,0.06647398843930635,0.5346820809248555,0.3092485549132948,0.08959537572254335,0.24277456647398843,346,44.0,Aston Martin,Lance STROLL,Bahrain,Sakhir,Sakhir
9153,44,8,2023-09-02 14:17:31.995,81.977,27.281,27.676,27.02,318.0,334.0,340.0,79.18412698412699,37.34267723963177,0.7047619047619048,0.07301587301587302,0.14285714285714285,6.5396825396825395,7,10846.342857142858,1370.4149459608304,12538,342,253.18412698412698,67,74.01061467671093,0.37142857142857144,0.40634920634920635,0.16825396825396827,0.05396825396825397,0.20634920634920634,315,35.0,Mercedes,Lewis HAMILTON,Italy,Monza,Monza
9153,55,5,2023-09-02 14:11:20.968,81.965,27.262,27.655,27.048,321.0,336.0,343.0,79.66554054054055,36.357261579185725,0.39864864864864863,0.11486486486486487,0.13175675675675674,6.449324324324325,7,10767.885135135135,1336.383863577054,12194,343,253.0,69,74.24526464384044,0.36824324324324326,0.40878378378378377,0.16891891891891891,0.05405405405405406,0.20608108108108109,296,28.0,Ferrari,Carlos SAINZ,Italy,Monza,Monza
9153,81,4,2023-09-02 14:06:05.252,82.987,27.508,28.014,27.465,318.0,330.0,335.0,74.79016393442623,39.59742193610835,0.07213114754098361,0.16393442622950818,0.13442622950819672,6.331147540983607,7,10669.019672131148,1152.1927634234714,12029,337,250.2032786885246,69,71.91564403963778,0.36065573770491804,0.42295081967213116,0.17704918032786884,0.03934426229508197,0.2,305,32.0,McLaren,Oscar PIASTRI,Italy,Monza,Monza
9153,81,9,2023-09-02 14:17:18.136,82.106,27.187,27.885,27.034,321.0,336.0,343.0,77.39682539682539,38.27071675041421,0.09841269841269841,0.14285714285714285,0.11746031746031746,6.396825396825397,7,10747.787301587301,1162.30624677974,12170,344,254.32698412698412,71,72.59926919310114,0.37777777777777777,0.4158730158730159,0.15555555555555556,0.050793650793650794,0.19047619047619047,315,31.0,McLaren,Oscar PIASTRI,Italy,Monza,Monza
9064,77,2,2023-04-28 13:02:26.597,103.464,36.606,41.67,25.188,216.0,227.0,314.0,69.64599483204134,42.56736512042188,0.6098191214470284,0.23255813953488372,0.21963824289405684,5.416020671834626,6,10113.571059431524,1603.5930113664385,12174,331,208.06976744186048,77,80.56126166807462,0.18087855297157623,0.34108527131782945,0.3979328165374677,0.08010335917312661,0.1524547803617571,387,53.0,Alfa Romeo,Valtteri BOTTAS,Azerbaijan,Baku,Baku
9193,77,5,2023-11-25 14:16:45.121,84.788,17.401,36.54,30.847,288.0,323.0,327.0,73.50482315112541,40.65304586316373,0.6430868167202572,0.18971061093247588,0.1607717041800643,5.7491961414791,7,10417.44694533762,1349.2998816286984,12136,329,223.06430868167203,69,69.39049655639536,0.1382636655948553,0.4983922829581994,0.3279742765273312,0.03536977491961415,0.2090032154340836,311,37.0,Alfa Romeo,Valtteri BOTTAS,United Arab Emirates,Yas Marina Circuit,Yas Island
9090,1,6,2023-05-27 14:19:01.282,73.038,19.024,34.732,19.282,213.0,190.0,283.0,53.5338078291815,45.40806759760486,0.4128113879003559,0.29537366548042704,0.28113879003558717,3.811387900355872,7,9703.135231316726,1759.750614292923,11862,291,160.94306049822063,44,67.25991931540048,0.0,0.3096085409252669,0.4412811387900356,0.2491103202846975,0.07829181494661921,281,38.0,Red Bull Racing,Max VERSTAPPEN,Monaco,Monte Carlo,Monaco
9090,2,9,2023-05-27 14:21:43.014,73.855,19.312,34.8,19.743,215.0,198.0,284.0,52.31707317073171,44.216652969162276,0.40418118466898956,0.3310104529616725,0.2787456445993031,4.059233449477352,8,9559.651567944251,1911.0277112422111,12581,291,161.7177700348432,43,70.16594065909973,0.0,0.3205574912891986,0.41114982578397213,0.2682926829268293,0.08013937282229965,287,42.0,Williams,Logan SARGEANT,Monaco,Monte Carlo,Monaco
9090,4,14,2023-05-27 14:38:30.050,72.377,18.993,34.274,19.11,216.0,203.0,282.0,53.07342657342657,44.41532286734364,0.12237762237762238,0.3006993006993007,0.23776223776223776,3.986013986013986,7,9825.720279720279,1581.914329552467,12792,289,166.2237762237762,47,67.54199936574041,0.0,0.34615384615384615,0.4230769230769231,0.23076923076923078,0.07342657342657342,286,39.0,McLaren,Lando NORRIS,Monaco,Monte Carlo,Monaco
9090,14,18,2023-05-27 14:50:06.636,72.41,18.736,34.221,19.453,222.0,197.0,280.0,54.64102564102564,43.77645504824769,0.18681318681318682,0.23443223443223443,0.27472527472527475,4.0,7,9764.783882783882,1756.4689012093984,12040,288,163.53113553113553,44,68.2211473527989,0.0,0.3333333333333333,0.4358974358974359,0.23076923076923078,0.07326007326007326,273,49.0,Aston Martin,Fernando ALONSO,Monaco,Monte Carlo,Monaco
9090,22,12,2023-05-27 14:27:48.557,74.613,19.507,35.16,19.946,213.0,197.0,282.0,53.045296167247386,44.201082603495905,0.36585365853658536,0.34146341463414637,0.24390243902439024,3.6515679442508713,7,9695.731707317073,1899.4882604384723,12478,289,157.46341463414635,44,67.49010199000432,0.0,0.29965156794425085,0.4355400696864111,0.26480836236933797,0.0627177700348432,287,38.0,AlphaTauri,Yuki TSUNODA,Monaco,Monte Carlo,Monaco
9090,22,24,2023-05-27 15:02:19.580,73.244,19.102,34.57,19.572,219.0,205.0,279.0,54.645390070921984,45.16575006210929,0.40425531914893614,0.33687943262411346,0.2375886524822695,3.7056737588652484,7,9832.574468085106,1859.5385959448197,12948,285,159.9964539007092,47,67.18951251767376,0.0,0.3262411347517731,0.4148936170212766,0.25886524822695034,0.07092198581560284,282,35.0,AlphaTauri,Yuki TSUNODA,Monaco,Monte Carlo,Monaco
9193,20,2,2023-11-25 14:06:25.085,85.653,17.326,36.941,31.386,289.0,323.0,327.0,72.95046439628483,40.22796867938252,0.12693498452012383,0.17647058823529413,0.1609907120743034,5.718266253869969,7,10523.569659442725,1212.9692319717476,11931,330,222.33436532507739,71,70.6696867320793,0.13622291021671826,0.4891640866873065,0.3219814241486068,0.05263157894736842,0.21362229102167182,323,42.0,Haas F1 Team,Kevin MAGNUSSEN,United Arab Emirates,Yas Marina Circuit,Yas Island
9193,23,5,2023-11-25 14:13:08.109,84.298,17.225,36.239,30.834,293.0,323.0,327.0,71.96625766871166,40.79112380198403,0.6226993865030674,0.16257668711656442,0.15644171779141106,5.874233128834356,7,10474.65644171779,1232.894060607583,12053,328,223.21779141104295,67,70.87786975462284,0.15030674846625766,0.4723926380368098,0.3343558282208589,0.04294478527607362,0.2116564417177914,326,36.0,Williams,Alexander ALBON,United Arab Emirates,Yas Marina Circuit,Yas Island
7768,1,3,2023-03-04 15:14:33.390,91.295,29.152,39.195,22.948,240.0,270.0,322.0,69.64637681159421,42.88745608509116,0.6115942028985507,0.21739130434782608,0.2,5.243478260869566,7,10430.773913043478,1299.8077880769138,12069,323,212.99710144927536,68,68.3773940336263,0.08695652173913043,0.5391304347826087,0.2927536231884058,0.08115942028985507,0.2289855072463768,345,48.0,Red Bull Racing,Max VERSTAPPEN,Bahrain,Sakhir,Sakhir
7768,10,2,2023-03-04 15:15:42.685,92.181,29.33,39.764,23.087,241.0,269.0,324.0,69.43304843304843,42.32250926392233,0.584045584045584,0.22792022792022792,0.1908831908831909,4.943019943019943,7,10427.45868945869,1298.3719774625415,12245,325,209.7037037037037,66,69.35311683561747,0.09116809116809117,0.50997150997151,0.3076923076923077,0.09116809116809117,0.22507122507122507,351,50.0,Alpine,Pierre GASLY,Bahrain,Sakhir,Sakhir
7768,14,8,2023-03-04 15:38:02.645,91.094,29.132,39.075,22.887,241.0,266.0,318.0,71.17796610169492,40.515509153539185,0.01977401129943503,0.1807909604519774,0.16666666666666666,5.666666666666667,7,10193.607344632768,1477.008908449761,11785,319,211.98870056497177,58,69.22165315657217,0.07062146892655367,0.5536723163841808,0.288135593220339,0.08757062146892655,0.24293785310734464,354,51.0,Aston Martin,Fernando ALONSO,Bahrain,Sakhir,Sakhir
9161,63,16,2023-09-16 14:27:25.373,91.056,26.785,38.406,25.865,308.0,277.0,300.0,65.20588235294117,42.91700119817934,0.5117647058823529,0.25,0.22941176470588234,5.038235294117647,6,10138.388235294118,1562.996315749664,12121,311,192.2764705882353,69,64.95008321041956,0.03529411764705882,0.4294117647058823,0.45588235294117646,0.07941176470588235,0.18235294117647058,340,52.0,Mercedes,George RUSSELL,Singapore,Singapore,Marina Bay
9161,81,5,2023-09-16 13:09:55.080,93.067,27.161,39.509,26.397,311.0,279.0,301.0,63.485632183908045,42.3514501063678,0.0,0.22413793103448276,0.1810344827586207,4.649425287356322,7,10302.735632183909,1326.0079149186772,12265,314,189.22988505747125,60,65.54026435164552,0.04310344827586207,0.3936781609195402,0.4885057471264368,0.07471264367816093,0.1781609195402299,348,48.0,McLaren,Oscar PIASTRI,Singapore,Singapore,Marina Bay
9161,23,11,2023-09-16 14:07:32.941,93.147,27.222,39.309,26.616,312.0,278.0,302.0,59.89295774647887,43.045171792819595,0.4394366197183099,0.2591549295774648,0.21971830985915494,5.014084507042254,7,9905.721126760563,1485.4196589694661,11975,317,187.8056338028169,65,67.86676022407318,0.04788732394366197,0.39154929577464787,0.4563380281690141,0.10422535211267606,0.18309859154929578,355,52.0,Williams,Alexander ALBON,Singapore,Singapore,Marina Bay
9161,31,14,2023-09-16 14:19:13.679,92.564,27.252,39.1,26.212,308.0,277.0,299.0,63.93134328358209,43.019192934840575,0.48656716417910445,0.2537313432835821,0.26865671641791045,4.632835820895522,7,10035.402985074626,1365.16938103417,11780,311,190.01492537313433,67,63.94030068755833,0.029850746268656716,0.4208955223880597,0.4716417910447761,0.07761194029850746,0.1761194029850746,335,49.0,Alpine,Esteban OCON,Singapore,Singapore,Marina Bay
9112,11,2,2023-06-30 15:02:12.529,65.91,16.618,29.424,19.868,323.0,243.0,317.0,73.96341463414635,40.574077918110824,0.6626016260162602,0.15853658536585366,0.15853658536585366,5.995934959349594,7,10491.288617886179,1143.9578851034369,11882,325,236.41056910569105,65,66.58680179699537,0.1951219512195122,0.5528455284552846,0.2073170731707317,0.044715447154471545,0.34959349593495936,246,34.0,Red Bull Racing,Sergio PEREZ,Austria,Spielberg,Spielberg
9112,16,6,2023-06-30 15:14:25.485,65.577,16.622,29.08,19.875,321.0,245.0,317.0,79.79098360655738,33.92343959213225,0.0,0.04918032786885246,0.15163934426229508,6.05327868852459,7,10723.459016393443,1075.7427113531755,12115,322,239.0327868852459,69,66.40491012960297,0.20901639344262296,0.5450819672131147,0.20081967213114754,0.045081967213114756,0.36885245901639346,244,35.0,Ferrari,Charles LECLERC,Austria,Spielberg,Spielberg
9161,16,11,2023-09-16 13:55:53.688,92.15,27.171,38.786,26.193,311.0,280.0,300.0,66.52285714285715,40.85214507044062,0.40285714285714286,0.10857142857142857,0.2257142857142857,5.017142857142857,7,10020.234285714285,1548.7399729109422,11964,315,192.54857142857142,67,67.02919592860898,0.045714285714285714,0.4228571428571429,0.44,0.09142857142857143,0.19714285714285715,350,52.0,Ferrari,Charles LECLERC,Singapore,Singapore,Marina Bay
9161,20,2,2023-09-16 13:02:07.338,93.2,27.382,39.373,26.445,311.0,279.0,301.0,63.30508474576271,41.982292599608506,0.3728813559322034,0.2288135593220339,0.211864406779661,4.762711864406779,7,10104.612994350282,1371.720604341342,11915,315,186.52542372881356,64,67.67787958999072,0.05084745762711865,0.3785310734463277,0.4717514124293785,0.09887005649717515,0.1807909604519774,354,52.0,Haas F1 Team,Kevin MAGNUSSEN,Singapore,Singapore,Marina Bay
9161,23,2,2023-09-16 13:08:15.066,93.627,27.23,39.902,26.495,312.0,279.0,303.0,59.556497175141246,44.40661239000429,0.4717514124293785,0.2711864406779661,0.2542372881355932,5.03954802259887,7,9962.050847457627,1426.460697689602,11967,315,189.56497175141243,57,66.94505390716895,0.0480225988700565,0.3898305084745763,0.480225988700565,0.08192090395480225,0.17796610169491525,354,56.0,Williams,Alexander ALBON,Singapore,Singapore,Marina Bay
9064,23,2,2023-04-28 13:02:12.488,103.615,36.698,41.888,25.029,205.0,232.0,315.0,66.5989847715736,43.42876474307302,0.5609137055837563,0.23857868020304568,0.22588832487309646,5.314720812182741,7,10204.296954314721,1543.5636259380249,12401,338,205.87563451776649,73,81.78913659754849,0.21065989847715735,0.2817258883248731,0.434010152284264,0.07360406091370558,0.15736040609137056,394,56.0,Williams,Alexander ALBON,Azerbaijan,Baku,Baku
9064,31,2,2023-04-28 13:02:08.941,104.113,37.026,42.025,25.062,226.0,234.0,315.0,68.41624365482234,42.383254892336005,0.5177664974619289,0.2182741116751269,0.2182741116751269,5.106598984771574,7,10003.870558375635,1545.3834594162524,11842,334,206.51522842639594,70,79.60350869793041,0.1751269035532995,0.3426395939086294,0.39086294416243655,0.09137055837563451,0.15228426395939088,394,53.0,Alpine,Esteban OCON,Azerbaijan,Baku,Baku
9064,31,18,2023-04-28 14:05:13.226,101.798,35.7,41.037,25.061,228.0,241.0,316.0,70.11398963730569,42.59415801830345,0.5362694300518135,0.22797927461139897,0.20984455958549222,5.139896373056994,7,10182.31865284974,1395.776553216277,11897,336,210.13730569948186,74,78.8490209905199,0.18134715025906736,0.3601036269430052,0.3911917098445596,0.06735751295336788,0.15025906735751296,386,53.0,Alpine,Esteban OCON,Azerbaijan,Baku,Baku
9064,44,4,2023-04-28 13:05:54.454,102.915,36.323,41.553,25.039,220.0,241.0,313.0,70.72774869109948,41.529854734737334,0.6073298429319371,0.14921465968586387,0.18848167539267016,5.541884816753926,7,10171.730366492147,1641.8185577129964,12236,332,208.51832460732984,70,80.04121923227002,0.1806282722513089,0.35340314136125656,0.387434554973822,0.07853403141361257,0.1544502617801047,382,53.0,Mercedes,Lewis HAMILTON,Azerbaijan,Baku,Baku
9207,22,8,2023-10-20 21:29:27.974,95.79,25.65,38.703,31.437,235.0,185.0,318.0,68.4475138121547,42.28086745567689,0.5662983425414365,0.22375690607734808,0.15193370165745856,5.151933701657459,6,10215.82320441989,1560.0656377670475,12461,319,206.93370165745856,75,69.58612131261933,0.08287292817679558,0.5,0.3259668508287293,0.09116022099447514,0.19337016574585636,362,41.0,AlphaTauri,Yuki TSUNODA,United States,Austin,Austin
9207,24,5,2023-10-20 21:08:22.551,97.525,25.971,39.097,32.457,221.0,188.0,322.0,66.80494505494505,41.95304836945803,0.5439560439560439,0.22527472527472528,0.18681318681318682,5.293956043956044,6,9957.997252747253,1646.5551827040003,11883,323,201.67307692307693,73,73.31211994993251,0.07692307692307693,0.4725274725274725,0.31868131868131866,0.13186813186813187,0.1813186813186813,364,46.0,Alfa Romeo,ZHOU Guanyu,United States,Austin,Austin
7768,55,14,2023-03-04 15:59:43.481,90.361,28.735,38.965,22.661,242.0,269.0,323.0,71.17941176470588,39.71068140868455,0.023529411764705882,0.13823529411764707,0.18529411764705883,5.576470588235294,7,10168.861764705882,1527.8450230514072,12051,328,212.53529411764706,65,71.27135764293551,0.10882352941176471,0.5029411764705882,0.29411764705882354,0.09411764705882353,0.22647058823529412,340,42.0,Ferrari,Carlos SAINZ,Bahrain,Sakhir,Sakhir
9153,20,6,2023-09-02 14:13:49.841,82.592,27.384,27.829,27.379,319.0,333.0,340.0,77.75238095238095,37.472651841479795,0.006349206349206349,0.1492063492063492,0.1492063492063492,6.276190476190476,7,10912.91111111111,1097.2812921543039,12168,341,251.65396825396826,71,72.19615183164785,0.36507936507936506,0.4095238095238095,0.17777777777777778,0.047619047619047616,0.1873015873015873,315,31.0,Haas F1 Team,Kevin MAGNUSSEN,Italy,Monza,Monza
9153,23,11,2023-09-02 14:28:47.268,81.272,26.828,27.475,26.969,321.0,337.0,346.0,76.1741935483871,39.96270889339635,0.6967741935483871,0.14516129032258066,0.15806451612903225,6.558064516129032,7,10938.59677419355,1259.8229271435523,12773,347,254.63870967741934,71,73.42181045681768,0.3774193548387097,0.4129032258064516,0.16129032258064516,0.04838709677419355,0.18387096774193548,310,30.0,Williams,Alexander ALBON,Italy,Monza,Monza
9153,31,4,2023-09-02 14:09:26.203,83.248,27.408,27.978,27.862,317.0,330.0,339.0,78.6026936026936,37.72397607753418,0.7037037037037037,0.12121212121212122,0.13468013468013468,6.148148148148148,7,10485.04377104377,1110.4949749070627,11765,340,247.45117845117846,67,72.26821153829948,0.32996632996632996,0.43434343434343436,0.18181818181818182,0.05387205387205387,0.18855218855218855,297,31.0,Alpine,Esteban OCON,Italy,Monza,Monza
9169,63,2,2023-09-23 06:05:46.132,90.982,31.916,40.907,18.159,278.0,305.0,302.0,75.64792899408285,35.6843690502055,0.6094674556213018,0.10650887573964497,0.13313609467455623,5.92603550295858,7,10636.260355029586,1226.5386087361237,12459,326,228.02958579881656,70,65.14580096376679,0.15976331360946747,0.5473372781065089,0.22189349112426035,0.07100591715976332,0.09763313609467456,338,41.0,Mercedes,George RUSSELL,Japan,Suzuka,Suzuka
9169,63,8,2023-09-23 06:43:28.607,91.158,31.991,41.035,18.132,278.0,304.0,300.0,78.24624624624624,34.14329335826904,0.6246246246246246,0.0960960960960961,0.12312312312312312,6.039039039039039,7,10665.36036036036,1209.1359988542113,12191,324,231.05705705705705,71,63.23150036414568,0.16216216216216217,0.5675675675675675,0.2072072072072072,0.06306306306306306,0.0990990990990991,333,38.0,Mercedes,George RUSSELL,Japan,Suzuka,Suzuka
9169,63,11,2023-09-23 06:53:07.132,90.268,31.674,40.552,18.042,279.0,304.0,302.0,77.5512048192771,34.36247731882297,0.6204819277108434,0.09337349397590361,0.11746987951807229,6.003012048192771,7,10671.41265060241,1177.1630324792948,12351,325,230.63253012048193,70,63.38495939548329,0.16265060240963855,0.5662650602409639,0.21084337349397592,0.060240963855421686,0.0963855421686747,332,39.0,Mercedes,George RUSSELL,Japan,Suzuka,Suzuka
9215,44,8,2023-10-06 17:16:52.730,86.16,31.886,29.11,25.164,243.0,287.0,317.0,75.68387096774194,36.52312382537781,0.6,0.035483870967741936,0.16129032258064516,5.896774193548387,6,10651.329032258065,1032.134020233797,11991,318,226.20645161290324,86,54.812383356730834,0.07741935483870968,0.6129032258064516,0.2903225806451613,0.01935483870967742,0.11612903225806452,310,36.0,Mercedes,Lewis HAMILTON,Qatar,Lusail,Lusail
9215,44,11,2023-10-06 17:30:26.903,85.183,31.459,28.684,25.04,241.0,287.0,315.0,74.4326923076923,37.17182604135925,0.5705128205128205,0.057692307692307696,0.16346153846153846,5.948717948717949,6,10650.25641025641,939.4412813905087,12214,316,226.3397435897436,92,53.23321217426798,0.07692307692307693,0.6089743589743589,0.30128205128205127,0.01282051282051282,0.11217948717948718,312,34.0,Mercedes,Lewis HAMILTON,Qatar,Lusail,Lusail
9215,55,4,2023-10-06 17:06:57.521,86.699,32.041,29.554,25.104,241.0,287.0,318.0,72.51724137931035,38.63494911340006,0.5329153605015674,0.10658307210031348,0.22884012539184953,5.780564263322884,6,10538.100313479625,1051.8596511676913,12065,320,224.51724137931035,87,54.32112921468526,0.06269592476489028,0.6081504702194357,0.31347962382445144,0.01567398119122257,0.09717868338557993,319,31.0,Ferrari,Carlos SAINZ,Qatar,Lusail,Lusail
9215,55,8,2023-10-06 17:13:49.764,85.808,31.686,29.12,25.002,244.0,289.0,321.0,72.4006116207951,38.52043198883375,0.47706422018348627,0.10091743119266056,0.22324159021406728,5.813455657492355,6,10553.565749235475,1034.8956385196375,12034,324,225.43119266055047,92,54.81273758851521,0.07033639143730887,0.5963302752293578,0.3211009174311927,0.012232415902140673,0.10091743119266056,327,30.0,Ferrari,Carlos SAINZ,Qatar,Lusail,Lusail
9215,77,5,2023-10-06 17:09:41.471,86.112,31.818,28.967,25.327,239.0,286.0,310.0,74.01846153846154,38.58515871335083,0.5815384615384616,0.16,0.18769230769230769,5.726153846153847,6,10681.289230769231,978.0036368123764,12181,312,225.12923076923076,93,51.796568249558284,0.05846153846153846,0.6276923076923077,0.29846153846153844,0.015384615384615385,0.10153846153846154,325,33.0,Alfa Romeo,Valtteri BOTTAS,Qatar,Lusail,Lusail
9074,21,2,2023-05-06 20:02:21.401,90.495,30.747,34.327,25.421,214.0,190.0,332.0,69.27826086956522,41.169434606317395,0.5449275362318841,0.2144927536231884,0.16521739130434782,5.336231884057971,8,10416.394202898551,1526.1888812100167,12792,333,216.0376811594203,62,83.13120951007116,0.20869565217391303,0.3884057971014493,0.28695652173913044,0.11594202898550725,0.22028985507246376,345,37.0,AlphaTauri,Nyck DE VRIES,United States,Miami,Miami
9074,21,7,2023-05-06 20:13:18.593,88.325,29.529,33.683,25.113,223.0,194.0,332.0,68.75830815709969,41.505117050448334,0.5438066465256798,0.21450151057401812,0.1782477341389728,5.350453172205438,7,10398.208459214502,1381.582428930038,12959,333,215.41389728096678,63,83.47462499707045,0.2084592145015106,0.38972809667673713,0.29607250755287007,0.10574018126888217,0.22054380664652568,331,35.0,AlphaTauri,Nyck DE VRIES,United States,Miami,Miami
9177,44,8,2023-10-28 21:28:42.886,78.37,27.733,30.178,20.459,310.0,293.0,341.0,60.4180602006689,42.781901338423374,0.44481605351170567,0.1939799331103679,0.23745819397993312,5.107023411371237,7,9974.180602006689,1957.5443734395585,12579,343,194.79264214046822,59,83.05014139631966,0.15384615384615385,0.3177257525083612,0.391304347826087,0.13712374581939799,0.25752508361204013,299,29.0,Mercedes,Lewis HAMILTON,Mexico,Mexico City,Mexico City
9177,77,13,2023-10-28 21:50:07.496,78.054,27.559,30.328,20.167,315.0,296.0,345.0,60.15488215488215,43.150305948497106,0.47474747474747475,0.2255892255892256,0.23232323232323232,5.057239057239057,7,9800.939393939394,1863.8997650497017,12295,347,194.23232323232324,68,86.14712763828864,0.16498316498316498,0.29292929292929293,0.3771043771043771,0.16498316498316498,0.26262626262626265,297,28.0,Alfa Romeo,Valtteri BOTTAS,Mexico,Mexico City,Mexico City
9177,81,8,2023-10-28 21:29:20.698,77.874,27.518,30.001,20.355,313.0,295.0,346.0,59.49491525423729,42.78310041991361,0.0,0.2542372881355932,0.19322033898305085,4.928813559322034,7,10021.969491525424,1647.0076728953838,12213,347,195.54237288135593,70,85.54056245011635,0.17627118644067796,0.29152542372881357,0.3728813559322034,0.15932203389830507,0.28135593220338984,295,31.0,McLaren,Oscar PIASTRI,Mexico,Mexico City,Mexico City
9064,14,12,2023-04-28 13:54:06.953,101.4,35.732,40.846,24.822,227.0,239.0,318.0,69.0186170212766,41.329210644316326,0.09308510638297872,0.17819148936170212,0.18882978723404256,5.321808510638298,7,10299.563829787234,1478.3854242319771,12269,333,208.0159574468085,72,81.07750866515029,0.2154255319148936,0.30319148936170215,0.4095744680851064,0.07180851063829788,0.14893617021276595,376,62.0,Aston Martin,Fernando ALONSO,Azerbaijan,Baku,Baku
9129,24,2,2023-07-22 14:02:14.472,79.366,28.52,28.137,22.709,281.0,250.0,300.0,65.50847457627118,42.24111744221746,0.5220338983050847,0.22372881355932203,0.21694915254237288,5.1661016949152545,6,10070.247457627118,1286.201654897024,11950,310,196.51525423728813,90,58.63392952622947,0.03389830508474576,0.4406779661016949,0.5084745762711864,0.01694915254237288,0.15593220338983052,295,36.0,Alfa Romeo,ZHOU Guanyu,Hungary,Hungaroring,Budapest
9169,14,2,2023-09-23 06:06:25.194,91.114,31.587,40.984,18.543,273.0,303.0,302.0,72.70520231213872,38.603594134534646,0.4277456647398844,0.1416184971098266,0.13583815028901733,6.028901734104046,7,10396.242774566474,1171.3478469570136,11970,326,227.10982658959537,73,66.02300491889608,0.15606936416184972,0.5520231213872833,0.2138728323699422,0.07803468208092486,0.08959537572254335,346,40.0,Aston Martin,Fernando ALONSO,Japan,Suzuka,Suzuka
9314,31,3,2023-11-18 08:04:03.847,95.394,27.305,31.816,36.273,184.0,212.0,331.0,74.28045325779037,39.47874986246481,0.6345609065155807,0.17847025495750707,0.1813031161473088,5.847025495750708,6,10277.300283286118,1459.7047414806389,12063,348,234.05665722379604,87,84.27776159237607,0.32577903682719545,0.32294617563739375,0.29178470254957506,0.059490084985835696,0.15864022662889518,353,40.0,Alpine,Esteban OCON,United States,Las Vegas,Las Vegas
9314,63,11,2023-11-18 08:32:42.800,93.87,26.733,31.214,35.923,185.0,215.0,345.0,73.89655172413794,39.89396160464848,0.6494252873563219,0.1752873563218391,0.14655172413793102,6.022988505747127,6,10692.422413793103,1484.836888261173,12837,348,235.24137931034483,90,84.6004974085896,0.3333333333333333,0.3218390804597701,0.3017241379310345,0.04310344827586207,0.16666666666666666,348,38.0,Mercedes,George RUSSELL,United States,Las Vegas,Las Vegas
9314,77,12,2023-11-18 08:34:53.673,94.213,26.9,31.243,36.07,186.0,215.0,345.0,73.32865168539325,40.34745389641589,0.6348314606741573,0.18258426966292135,0.16853932584269662,6.140449438202247,6,10301.13202247191,1714.5562500640342,12378,349,234.15168539325842,86,85.15367730001356,0.33707865168539325,0.3146067415730337,0.28370786516853935,0.06460674157303371,0.1601123595505618,356,38.0,Alfa Romeo,Valtteri BOTTAS,United States,Las Vegas,Las Vegas
9090,81,11,2023-05-27 14:28:06.182,73.006,19.019,34.656,19.331,217.0,203.0,284.0,51.9113475177305,44.39818147697529,0.375886524822695,0.31560283687943264,0.25886524822695034,3.8226950354609928,7,9820.875886524822,1722.3650365298868,12719,289,159.72340425531914,43,67.75837397610583,0.0,0.3049645390070922,0.4397163120567376,0.2553191489361702,0.07092198581560284,282,37.0,McLaren,Oscar PIASTRI,Monaco,Monte Carlo,Monaco
9090,81,16,2023-05-27 14:41:29.532,72.553,19.004,34.406,19.143,220.0,203.0,282.0,52.92363636363636,44.80645304979835,0.39636363636363636,0.31636363636363635,0.26545454545454544,3.909090909090909,7,9827.836363636363,1703.82112812028,12829,290,163.37454545454545,44,68.18942117308498,0.0,0.3381818181818182,0.4109090909090909,0.2509090909090909,0.07636363636363637,275,41.0,McLaren,Oscar PIASTRI,Monaco,Monte Carlo,Monaco
9112,31,11,2023-06-30 15:36:43.321,65.453,16.622,29.238,19.593,319.0,248.0,313.0,79.53441295546558,37.05277808451066,0.6963562753036437,0.14979757085020243,0.15789473684210525,5.882591093117409,7,10562.093117408907,1018.2148751340786,11776,320,238.3684210526316,67,62.788892449034854,0.16194331983805668,0.6153846153846154,0.17813765182186234,0.044534412955465584,0.3481781376518219,247,33.0,Alpine,Esteban OCON,Austria,Spielberg,Spielberg
9112,55,6,2023-06-30 15:14:06.642,65.339,16.435,29.083,19.821,322.0,245.0,317.0,75.23770491803279,37.971085659370495,0.0778688524590164,0.13114754098360656,0.18442622950819673,6.081967213114754,7,10520.901639344262,1228.0894486921834,12098,324,233.04918032786884,68,67.27461716391784,0.18442622950819673,0.5409836065573771,0.2336065573770492,0.040983606557377046,0.3483606557377049,244,31.0,Ferrari,Carlos SAINZ,Austria,Spielberg,Spielberg
9112,63,11,2023-06-30 15:23:21.195,65.686,16.544,29.222,19.92,322.0,246.0,316.0,77.65145228215768,37.724037539727306,0.6929460580912863,0.13278008298755187,0.14937759336099585,6.161825726141079,7,10744.224066390041,1178.6704548989628,12306,324,235.6058091286307,69,65.32379453751967,0.17842323651452283,0.5601659751037344,0.21991701244813278,0.04149377593360996,0.33195020746887965,241,34.0,Mercedes,George RUSSELL,Austria,Spielberg,Spielberg
9112,77,10,2023-06-30 15:37:33.008,65.68,16.712,29.232,19.736,319.0,245.0,314.0,75.4672131147541,39.96566106833832,0.6762295081967213,0.1680327868852459,0.18032786885245902,6.213114754098361,7,10446.122950819672,1212.4568878873574,12055,320,236.70081967213116,67,65.05582154596807,0.1885245901639344,0.5614754098360656,0.20901639344262296,0.040983606557377046,0.36475409836065575,244,29.0,Alfa Romeo,Valtteri BOTTAS,Austria,Spielberg,Spielberg
9112,81,2,2023-06-30 15:02:20.029,65.893,16.595,29.42,19.878,318.0,245.0,312.0,72.83673469387755,39.96830042013803,0.0,0.17142857142857143,0.14285714285714285,6.073469387755102,7,10556.68163265306,1120.3055225252626,11927,320,234.77551020408163,67,65.10095102240376,0.1469387755102041,0.6040816326530613,0.19591836734693877,0.053061224489795916,0.3306122448979592,245,30.0,McLaren,Oscar PIASTRI,Austria,Spielberg,Spielberg
9207,77,14,2023-10-20 21:38:36.359,95.858,25.676,38.434,31.748,234.0,191.0,322.0,67.62912087912088,41.53318336507736,0.5467032967032966,0.13736263736263737,0.18406593406593408,5.34065934065934,6,10042.115384615385,1611.6637256608917,12303,324,202.9010989010989,76,70.43447298741565,0.07692307692307693,0.489010989010989,0.3269230769230769,0.10714285714285714,0.1565934065934066,364,46.0,Alfa Romeo,Valtteri BOTTAS,United States,Austin,Austin
9207,81,11,2023-10-20 21:28:23.803,95.576,25.75,38.262,31.564,232.0,192.0,320.0,65.0,41.53505881916037,0.0,0.2188365650969529,0.18005540166204986,5.191135734072022,7,10128.551246537396,1438.0226579326238,12694,322,203.34072022160666,77,71.64749920836856,0.0886426592797784,0.46537396121883656,0.3518005540166205,0.09418282548476455,0.16620498614958448,361,46.0,McLaren,Oscar PIASTRI,United States,Austin,Austin
9207,81,19,2023-10-20 21:58:58.673,95.467,25.564,38.481,31.422,233.0,192.0,322.0,65.71919770773638,42.17555269740384,0.0,0.2349570200573066,0.17765042979942694,5.28080229226361,7,10228.58452722063,1376.942674409679,12350,323,207.74785100286533,81,70.01452663079326,0.08022922636103152,0.5100286532951289,0.32664756446991405,0.0830945558739255,0.1833810888252149,349,44.0,McLaren,Oscar PIASTRI,United States,Austin,Austin
9112,21,2,2023-06-30 15:01:42.702,66.321,16.768,29.601,19.952,319.0,243.0,313.0,75.62753036437248,40.070047041304626,0.6720647773279352,0.1862348178137652,0.1659919028340081,5.9757085020242915,7,10571.109311740891,1200.1573915221006,12479,321,234.51821862348177,65,64.78625481592495,0.1659919028340081,0.5870445344129555,0.21052631578947367,0.03643724696356275,0.3319838056680162,247,35.0,AlphaTauri,Nyck DE VRIES,Austria,Spielberg,Spielberg
9112,24,8,2023-06-30 15:23:38.007,65.818,16.687,29.239,19.892,323.0,245.0,316.0,73.96694214876032,41.260820813202585,0.6818181818181818,0.19834710743801653,0.17355371900826447,6.06198347107438,7,10442.863636363636,1277.1089993675403,11950,324,233.7479338842975,67,67.3464943921862,0.17355371900826447,0.5578512396694215,0.2190082644628099,0.049586776859504134,0.3181818181818182,242,32.0,Alfa Romeo,ZHOU Guanyu,Austria,Spielberg,Spielberg
9193,1,2,2023-11-25 14:05:42.680,84.16,17.382,36.172,30.606,289.0,325.0,330.0,72.41104294478528,40.84857290588475,0.6349693251533742,0.15030674846625766,0.1656441717791411,5.610429447852761,7,10348.48773006135,1284.8135997111915,11927,331,222.58895705521473,66,70.62487947426938,0.1411042944785276,0.48773006134969327,0.34355828220858897,0.027607361963190184,0.2085889570552147,326,35.0,Red Bull Racing,Max VERSTAPPEN,United Arab Emirates,Yas Marina Circuit,Yas Island
9193,3,5,2023-11-25 14:16:35.746,84.461,17.318,36.453,30.69,288.0,321.0,324.0,74.17777777777778,39.829575016580534,0.6476190476190476,0.16825396825396827,0.1365079365079365,5.457142857142857,7,10590.063492063493,1205.1564249900396,12174,326,222.36190476190475,66,68.36784040362743,0.12380952380952381,0.5079365079365079,0.33015873015873015,0.0380952380952381,0.20317460317460317,315,38.0,AlphaTauri,Daniel RICCIARDO,United Arab Emirates,Yas Marina Circuit,Yas Island
9193,11,8,2023-11-25 14:30:09.998,84.116,17.258,36.21,30.648,289.0,324.0,329.0,72.31172839506173,40.20248730934307,0.6327160493827161,0.12962962962962962,0.13580246913580246,5.487654320987654,7,10368.453703703704,1274.6976844352168,11923,331,218.61111111111111,67,70.45963647023042,0.11728395061728394,0.4783950617283951,0.3487654320987654,0.05555555555555555,0.17901234567901234,324,41.0,Red Bull Racing,Sergio PEREZ,United Arab Emirates,Yas Marina Circuit,Yas Island
9193,14,14,2023-11-25 14:50:37.632,84.438,17.194,36.458,30.786,291.0,318.0,322.0,74.43769968051119,39.80082765309107,0.26517571884984026,0.18210862619808307,0.14696485623003194,5.84664536741214,7,10582.984025559106,1179.4781045458087,11927,325,224.82747603833866,66,68.20300306630968,0.13738019169329074,0.4984025559105431,0.3354632587859425,0.02875399361022364,0.2108626198083067,313,44.0,Aston Martin,Fernando ALONSO,United Arab Emirates,Yas Marina Circuit,Yas Island
9129,1,14,2023-07-22 14:36:01.933,77.547,28.048,27.66,21.839,281.0,248.0,301.0,65.92096219931271,42.858998255731244,0.5532646048109966,0.17525773195876287,0.21305841924398625,5.058419243986254,6,10247.86941580756,1248.057001679287,12070,311,201.17182130584192,91,58.32907268647867,0.041237113402061855,0.46048109965635736,0.47766323024054985,0.020618556701030927,0.16494845360824742,291,37.0,Red Bull Racing,Max VERSTAPPEN,Hungary,Hungaroring,Budapest
9129,4,2,2023-07-22 14:02:09.315,79.352,28.655,28.16,22.537,279.0,252.0,299.0,61.44897959183673,43.97388049957279,0.47278911564625853,0.2789115646258503,0.19047619047619047,4.969387755102041,6,10230.578231292517,1228.0700023691832,12213,308,197.45578231292518,91,59.227188122239305,0.03741496598639456,0.43537414965986393,0.5170068027210885,0.01020408163265306,0.16666666666666666,294,38.0,McLaren,Lando NORRIS,Hungary,Hungaroring,Budapest
9129,4,8,2023-07-22 14:14:04.823,78.209,28.353,27.855,22.001,278.0,252.0,301.0,61.08843537414966,43.686038595780865,0.45918367346938777,0.2619047619047619,0.19727891156462585,4.942176870748299,6,10306.224489795919,1180.1051511888106,11930,309,198.68027210884352,93,58.858189775765034,0.04421768707482993,0.4217687074829932,0.5170068027210885,0.017006802721088437,0.1564625850340136,294,41.0,McLaren,Lando NORRIS,Hungary,Hungaroring,Budapest
9129,10,12,2023-07-22 14:30:01.687,78.217,28.282,27.881,22.054,284.0,250.0,304.0,64.57142857142857,43.10396789104281,0.5121951219512195,0.2508710801393728,0.18466898954703834,4.7770034843205575,6,10314.91637630662,1235.3208580580415,12421,316,200.12891986062718,95,58.83092492176967,0.04878048780487805,0.43902439024390244,0.49477351916376305,0.017421602787456445,0.1672473867595819,287,35.0,Alpine,Pierre GASLY,Hungary,Hungaroring,Budapest
9129,11,22,2023-07-22 14:58:15.887,77.045,28.028,27.289,21.728,280.0,253.0,300.0,66.84306569343066,42.63991199095516,0.5620437956204379,0.14963503649635038,0.20072992700729927,4.985401459854015,6,10330.959854014598,1185.522274913661,12061,311,200.75547445255475,93,58.32222657596103,0.0364963503649635,0.45985401459854014,0.4854014598540146,0.01824817518248175,0.16058394160583941,274,35.0,Red Bull Racing,Sergio PEREZ,Hungary,Hungaroring,Budapest
9129,11,19,2023-07-22 14:49:44.502,77.142,27.947,27.425,21.77,280.0,254.0,303.0,66.84429065743944,42.18156822823213,0.5536332179930796,0.14878892733564014,0.18339100346020762,4.9411764705882355,7,10450.546712802769,1093.1047392178916,12121,313,201.14186851211073,93,58.60031710282884,0.04152249134948097,0.4671280276816609,0.4740484429065744,0.01730103806228374,0.15570934256055363,289,38.0,Red Bull Racing,Sergio PEREZ,Hungary,Hungaroring,Budapest
9314,3,9,2023-11-18 08:16:55.114,94.683,27.132,31.491,36.06,187.0,215.0,339.0,72.841642228739,41.22361718439736,0.6392961876832844,0.1935483870967742,0.15835777126099707,5.665689149560118,7,10722.08211143695,1219.9559414668367,12303,348,232.82111436950146,90,83.91511971973857,0.31671554252199413,0.3225806451612903,0.30498533724340177,0.05571847507331378,0.16715542521994134,341,44.0,AlphaTauri,Daniel RICCIARDO,United States,Las Vegas,Las Vegas
9314,10,13,2023-11-18 08:29:26.476,94.278,26.795,31.326,36.157,188.0,211.0,341.0,74.07774798927613,40.21918259584916,0.6541554959785523,0.17962466487935658,0.1447721179624665,5.8445040214477215,6,10273.482573726542,1465.841329793573,12023,347,234.32975871313673,90,84.74621252167896,0.3378016085790885,0.3109919571045576,0.30563002680965146,0.045576407506702415,0.16621983914209115,373,36.0,Alpine,Pierre GASLY,United States,Las Vegas,Las Vegas
9064,1,13,2023-04-28 14:05:39.898,100.822,35.474,40.61,24.738,226.0,241.0,318.0,69.49076517150395,43.40161645973252,0.6279683377308707,0.22955145118733508,0.21372031662269128,5.269129287598944,7,10398.044854881267,1370.3579401842799,12092,341,214.2401055408971,74,78.79924177105096,0.20844327176781002,0.33773087071240104,0.41688654353562005,0.036939313984168866,0.158311345646438,379,50.0,Red Bull Racing,Max VERSTAPPEN,Azerbaijan,Baku,Baku
9064,4,13,2023-04-28 14:05:32.429,101.485,35.689,40.768,25.028,220.0,230.0,312.0,68.69712793733682,42.62170338054906,0.18798955613577023,0.22193211488250653,0.17754569190600522,5.339425587467363,7,10397.174934725848,1171.5956712798604,12418,331,211.22193211488252,76,77.7748148270894,0.185378590078329,0.3577023498694517,0.4073107049608355,0.04960835509138381,0.15926892950391644,383,55.0,McLaren,Lando NORRIS,Azerbaijan,Baku,Baku
9314,18,5,2023-11-18 08:09:45.356,95.423,27.347,31.618,36.458,186.0,212.0,339.0,72.72701949860725,39.65413488097851,0.116991643454039,0.1532033426183844,0.1615598885793872,5.933147632311978,6,10498.208913649025,1537.6539404530251,12641,343,227.58217270194987,85,83.21345182109243,0.28969359331476324,0.34540389972144847,0.29526462395543174,0.06963788300835655,0.14763231197771587,359,41.0,Aston Martin,Lance STROLL,United States,Las Vegas,Las Vegas
9314,18,17,2023-11-18 08:38:12.076,94.199,26.722,31.265,36.212,189.0,214.0,339.0,74.68579234972678,39.29449283872555,0.1721311475409836,0.13387978142076504,0.16120218579234974,6.112021857923497,6,10578.396174863388,1504.3330088512898,12547,342,235.14754098360655,85,81.84482532385805,0.32786885245901637,0.34153005464480873,0.2786885245901639,0.05191256830601093,0.1557377049180328,366,39.0,Aston Martin,Lance STROLL,United States,Las Vegas,Las Vegas
9314,22,3,2023-11-18 08:04:33.284,96.447,27.796,32.222,36.429,184.0,213.0,333.0,71.92937853107344,41.66367547400992,0.6242937853107344,0.211864406779661,0.17796610169491525,5.649717514124294,6,10545.632768361582,1584.3246067835134,12414,349,228.5593220338983,85,85.07415952118446,0.2966101694915254,0.3220338983050847,0.3135593220338983,0.06779661016949153,0.14689265536723164,354,36.0,AlphaTauri,Yuki TSUNODA,United States,Las Vegas,Las Vegas
9314,23,11,2023-11-18 08:29:36.772,94.26,27.014,31.331,35.915,186.0,215.0,339.0,71.10695187165776,41.57952817599256,0.6176470588235294,0.18449197860962566,0.17914438502673796,6.0,6,10682.347593582888,1540.4938545324042,12872,350,234.33155080213905,85,85.3102662168238,0.32887700534759357,0.32620320855614976,0.2967914438502674,0.0481283422459893,0.15775401069518716,374,40.0,Williams,Alexander ALBON,United States,Las Vegas,Las Vegas
9090,31,11,2023-05-27 14:26:09.918,72.967,19.141,34.505,19.321,211.0,201.0,282.0,56.06545454545454,44.22862062678542,0.4036363636363636,0.3054545454545455,0.3018181818181818,3.8545454545454545,7,9640.763636363636,1692.2404529196422,12015,288,163.5381818181818,45,68.01981111934484,0.0,0.33454545454545453,0.4218181818181818,0.24363636363636362,0.06909090909090909,275,38.0,Alpine,Esteban OCON,Monaco,Monte Carlo,Monaco
9090,31,22,2023-05-27 15:00:39.050,72.233,18.882,34.187,19.164,216.0,203.0,279.0,56.25448028673835,44.64201862569757,0.43010752688172044,0.3010752688172043,0.3010752688172043,3.8315412186379927,7,9709.032258064517,1632.7442436409692,12000,286,164.2293906810036,46,68.10215874087226,0.0,0.34408602150537637,0.4050179211469534,0.25089605734767023,0.07526881720430108,279,39.0,Alpine,Esteban OCON,Monaco,Monte Carlo,Monaco
9090,44,26,2023-05-27 15:01:36.518,72.341,18.854,34.296,19.191,221.0,204.0,280.0,55.27838827838828,43.781494650861234,0.4065934065934066,0.23443223443223443,0.2783882783882784,4.0256410256410255,8,9711.92673992674,1712.9708804472687,13012,288,161.52380952380952,46,67.68808477663029,0.0,0.34798534798534797,0.4065934065934066,0.2454212454212454,0.08058608058608059,273,48.0,Mercedes,Lewis HAMILTON,Monaco,Monte Carlo,Monaco
9090,55,21,2023-05-27 14:50:18.526,72.21,18.901,34.204,19.105,219.0,203.0,282.0,58.03333333333333,42.92228214846822,0.3148148148148148,0.17777777777777778,0.3111111111111111,4.103703703703704,7,9778.377777777778,1771.997953990555,12238,288,163.90740740740742,45,68.4533511467211,0.0,0.32222222222222224,0.43333333333333335,0.24444444444444444,0.07777777777777778,270,37.0,Ferrari,Carlos SAINZ,Monaco,Monte Carlo,Monaco
9090,77,15,2023-05-27 14:38:21.191,72.755,19.022,34.546,19.187,216.0,201.0,279.0,55.52430555555556,44.49217250427556,0.4201388888888889,0.28125,0.28125,3.923611111111111,7,9739.802083333334,1775.9592605651978,12488,287,161.62152777777777,46,68.1978507873464,0.0,0.3194444444444444,0.4270833333333333,0.2534722222222222,0.07291666666666667,288,42.0,Alfa Romeo,Valtteri BOTTAS,Monaco,Monte Carlo,Monaco
9169,23,5,2023-09-23 06:31:00.709,90.941,31.977,40.834,18.13,283.0,310.0,308.0,71.07894736842105,39.47948977218054,0.5789473684210527,0.14619883040935672,0.14912280701754385,6.002923976608187,7,10597.842105263158,1271.7289031663283,12488,333,230.18713450292398,72,66.56569139537072,0.17543859649122806,0.5409356725146199,0.21637426900584794,0.06725146198830409,0.0935672514619883,342,35.0,Williams,Alexander ALBON,Japan,Suzuka,Suzuka
9215,4,12,2023-10-06 17:35:34.241,84.685,31.317,28.553,24.815,245.0,289.0,315.0,71.74842767295597,39.26267900716498,0.0031446540880503146,0.16666666666666666,0.12578616352201258,5.729559748427673,6,10765.147798742139,907.6296824956701,11884,316,229.4685534591195,90,52.732860044760365,0.07861635220125786,0.6163522012578616,0.2893081761006289,0.015723270440251572,0.11949685534591195,318,37.0,McLaren,Lando NORRIS,Qatar,Lusail,Lusail
9215,16,12,2023-10-06 17:28:24.389,85.348,31.738,28.775,24.835,243.0,289.0,315.0,75.28923076923077,35.71590631515082,0.4369230769230769,0.04,0.15692307692307692,5.796923076923077,6,10624.424615384616,987.1586664389595,12011,317,227.2153846153846,92,54.20186671301724,0.06769230769230769,0.6246153846153846,0.28615384615384615,0.021538461538461538,0.11692307692307692,325,30.0,Ferrari,Charles LECLERC,Qatar,Lusail,Lusail
9074,55,15,2023-05-06 20:51:17.615,87.349,29.235,33.229,24.885,223.0,196.0,333.0,72.06990881458967,37.35620365502966,0.0182370820668693,0.1398176291793313,0.182370820668693,5.668693009118541,7,10309.759878419452,1440.3085289719193,11984,336,221.04559270516717,70,81.40351006899589,0.20364741641337386,0.4012158054711246,0.2978723404255319,0.0972644376899696,0.23404255319148937,329,35.0,Ferrari,Carlos SAINZ,United States,Miami,Miami
9153,14,18,2023-09-02 14:58:42.483,81.569,27.124,27.545,26.9,317.0,332.0,338.0,81.64765100671141,35.88590240047822,0.7416107382550335,0.10067114093959731,0.1040268456375839,6.533557046979865,7,10973.161073825504,1170.984066674511,12487,340,255.3724832214765,72,71.15453979337363,0.3825503355704698,0.41946308724832215,0.15100671140939598,0.04697986577181208,0.2080536912751678,298,39.0,Aston Martin,Fernando ALONSO,Italy,Monza,Monza
9177,18,5,2023-10-28 21:08:44.680,79.227,27.746,30.622,20.859,313.0,292.0,347.0,59.20205479452055,42.805364614141105,0.22945205479452055,0.2191780821917808,0.2602739726027397,5.089041095890411,7,9901.263698630137,1937.7644102432885,12777,348,194.67123287671234,58,83.97906052126878,0.16095890410958905,0.3013698630136986,0.3972602739726027,0.1404109589041096,0.2602739726027397,292,31.0,Aston Martin,Lance STROLL,Mexico,Mexico City,Mexico City
9177,20,2,2023-10-28 21:01:37.451,79.73,27.853,31.118,20.759,317.0,294.0,346.0,59.78737541528239,42.57739588195353,0.30564784053156147,0.2425249169435216,0.2059800664451827,4.903654485049834,7,9978.089700996677,1737.7807500545755,12341,347,192.91029900332225,63,85.51422061219002,0.17275747508305647,0.2691029900332226,0.38870431893687707,0.16943521594684385,0.26578073089701,301,31.0,Haas F1 Team,Kevin MAGNUSSEN,Mexico,Mexico City,Mexico City
9177,23,8,2023-10-28 21:30:32.463,79.147,27.773,30.547,20.827,313.0,292.0,344.0,55.16723549488054,44.294732264372406,0.42662116040955633,0.26621160409556316,0.22866894197952217,5.051194539249146,6,9833.43686006826,2007.0219368694106,12801,345,193.29692832764505,61,84.97798198380194,0.16723549488054607,0.27986348122866894,0.3993174061433447,0.15358361774744028,0.25597269624573377,293,36.0,Williams,Alexander ALBON,Mexico,Mexico City,Mexico City
9177,24,2,2023-10-28 21:07:49.775,79.016,27.935,30.55,20.531,315.0,294.0,344.0,62.63666666666666,42.67272188254585,0.4866666666666667,0.22333333333333333,0.21666666666666667,5.136666666666667,7,9834.386666666667,1798.2837425030355,12349,346,197.81333333333333,66,85.53536980208528,0.18,0.2866666666666667,0.3933333333333333,0.14,0.2866666666666667,300,33.0,Alfa Romeo,ZHOU Guanyu,Mexico,Mexico City,Mexico City
7775,10,15,2023-03-18 17:39:38.237,89.411,32.392,28.446,28.573,289.0,317.0,328.0,80.91836734693878,36.505775970358386,0.7346938775510204,0.14285714285714285,0.10787172011661808,5.994169096209912,6,10731.00583090379,931.7848840485342,11991,330,244.95626822157433,90,60.01165442424381,0.20116618075801748,0.5743440233236151,0.20699708454810495,0.01749271137026239,0.23615160349854228,343,34.0,Alpine,Pierre GASLY,Saudi Arabia,Jeddah,Jeddah
7775,11,2,2023-03-18 17:04:58.996,89.261,32.552,28.239,28.47,292.0,330.0,333.0,77.01510574018127,39.27644542298276,0.7009063444108762,0.1268882175226586,0.13595166163141995,6.066465256797583,6,10841.093655589124,1042.6696360736366,12004,334,245.83081570996978,87,63.784355583570736,0.22054380664652568,0.5377643504531722,0.21450151057401812,0.027190332326283987,0.22658610271903323,331,34.0,Red Bull Racing,Sergio PEREZ,Saudi Arabia,Jeddah,Jeddah
7775,14,6,2023-03-18 17:16:34.581,89.298,32.48,28.185,28.633,290.0,320.0,327.0,79.46913580246914,36.234388817765094,0.28703703703703703,0.11728395061728394,0.1111111111111111,6.425925925925926,6,10673.336419753086,1057.1826809197532,12079,327,243.33641975308643,91,62.23873765719164,0.2037037037037037,0.5493827160493827,0.23148148148148148,0.015432098765432098,0.23765432098765432,324,38.0,Aston Martin,Fernando ALONSO,Saudi Arabia,Jeddah,Jeddah
9129,44,7,2023-07-22 14:17:15.540,78.577,28.516,27.973,22.088,280.0,246.0,301.0,68.11904761904762,39.74761818409131,0.5170068027210885,0.11564625850340136,0.21428571428571427,5.166666666666667,7,10420.748299319728,1050.5211308337189,12056,312,200.22448979591837,91,57.96642501413803,0.04421768707482993,0.4523809523809524,0.48639455782312924,0.017006802721088437,0.14625850340136054,294,47.0,Mercedes,Lewis HAMILTON,Hungary,Hungaroring,Budapest
9129,77,10,2023-07-22 14:30:13.968,78.144,28.365,27.691,22.088,281.0,251.0,302.0,65.85211267605634,42.43797339207935,0.5211267605633803,0.2112676056338028,0.2112676056338028,5.126760563380282,6,10399.052816901409,1158.7163822283417,12440,315,201.6232394366197,99,59.15066367159821,0.04929577464788732,0.47183098591549294,0.46830985915492956,0.01056338028169014,0.15845070422535212,284,41.0,Alfa Romeo,Valtteri BOTTAS,Hungary,Hungaroring,Budapest
9074,11,15,2023-05-06 20:39:26.534,87.405,29.61,33.04,24.755,222.0,195.0,341.0,70.50613496932516,40.889400083266324,0.5828220858895705,0.18404907975460122,0.16257668711656442,5.530674846625767,7,10219.196319018405,1607.32316738644,12203,341,220.09202453987731,69,84.13240918134852,0.22085889570552147,0.37423312883435583,0.3128834355828221,0.09202453987730061,0.20552147239263804,326,33.0,Red Bull Racing,Sergio PEREZ,United States,Miami,Miami
9074,14,10,2023-05-06 20:27:29.609,87.498,29.29,33.366,24.842,220.0,196.0,336.0,68.41017964071857,41.09678042778039,0.23652694610778444,0.18562874251497005,0.17964071856287425,5.74251497005988,7,10276.395209580838,1586.2604747615683,12358,336,220.125748502994,69,83.32329162134224,0.2155688622754491,0.39520958083832336,0.27844311377245506,0.11077844311377245,0.23652694610778444,334,40.0,Aston Martin,Fernando ALONSO,United States,Miami,Miami
7775,31,10,2023-03-18 17:27:22.371,89.487,32.465,28.442,28.58,290.0,318.0,327.0,81.45906432748538,35.71042410470345,0.7222222222222222,0.13450292397660818,0.15497076023391812,6.06140350877193,6,10629.391812865497,967.1946971023259,11755,331,247.03801169590642,89,60.52653875765795,0.21929824561403508,0.564327485380117,0.20175438596491227,0.014619883040935672,0.260233918128655,342,33.0,Alpine,Esteban OCON,Saudi Arabia,Jeddah,Jeddah
7775,31,12,2023-03-18 17:30:47.931,89.507,32.446,28.414,28.647,289.0,317.0,323.0,80.90634441087613,36.30944850222276,0.7129909365558912,0.12386706948640483,0.13897280966767372,6.093655589123867,6,10589.812688821752,989.668157403228,11800,327,245.5619335347432,88,59.447289623016786,0.19939577039274925,0.5770392749244713,0.20241691842900303,0.021148036253776436,0.25075528700906347,331,31.0,Alpine,Esteban OCON,Saudi Arabia,Jeddah,Jeddah
7775,77,4,2023-03-18 17:06:29.635,90.247,32.731,28.616,28.9,288.0,319.0,327.0,80.6024844720497,36.27418595939668,0.7204968944099379,0.13354037267080746,0.15838509316770186,6.307453416149069,6,10718.583850931676,1056.7630943098857,12033,329,244.93478260869566,96,60.53756153409753,0.19254658385093168,0.5869565217391305,0.2080745341614907,0.012422360248447204,0.2391304347826087,322,33.0,Alfa Romeo,Valtteri BOTTAS,Saudi Arabia,Jeddah,Jeddah
7775,81,12,2023-03-18 17:27:16.527,89.819,32.611,28.49,28.718,288.0,315.0,316.0,79.9266862170088,36.18511097591778,0.0,0.11436950146627566,0.12023460410557185,6.222873900293255,6,10753.571847507332,1003.0990735916367,12135,320,245.59237536656892,92,59.091861193746816,0.19648093841642228,0.5865102639296188,0.19941348973607037,0.017595307917888565,0.25219941348973607,341,34.0,McLaren,Oscar PIASTRI,Saudi Arabia,Jeddah,Jeddah
9161,4,11,2023-09-16 13:55:36.016,91.951,27.033,38.921,25.997,312.0,278.0,301.0,63.815561959654175,43.18243983063765,0.2132564841498559,0.23919308357348704,0.21613832853025935,4.70893371757925,7,10329.893371757926,1298.5167517184789,12383,315,191.11815561959654,67,66.64577562985662,0.05187319884726225,0.39481268011527376,0.45821325648414984,0.09510086455331412,0.19020172910662825,347,54.0,McLaren,Lando NORRIS,Singapore,Singapore,Marina Bay
9161,10,5,2023-09-16 13:17:31.494,92.452,27.394,39.003,26.055,309.0,277.0,299.0,64.02279202279202,43.42651650987373,0.5071225071225072,0.2564102564102564,0.19373219373219372,4.578347578347579,7,10031.954415954417,1482.754981464913,12038,313,190.2849002849003,65,65.78157601316451,0.03418803418803419,0.41595441595441596,0.4586894586894587,0.09116809116809117,0.18518518518518517,351,50.0,Alpine,Pierre GASLY,Singapore,Singapore,Marina Bay
9161,11,7,2023-09-16 13:17:13.916,92.099,27.042,38.814,26.243,310.0,278.0,299.0,66.94186046511628,42.1631164451267,0.5465116279069767,0.19767441860465115,0.2063953488372093,4.665697674418604,7,10221.066860465116,1313.785392193541,12030,313,191.17441860465115,69,67.1227832537579,0.046511627906976744,0.4069767441860465,0.4563953488372093,0.09011627906976744,0.2005813953488372,344,57.0,Red Bull Racing,Sergio PEREZ,Singapore,Singapore,Marina Bay
9177,1,2,2023-10-28 21:05:11.026,78.099,27.715,30.171,20.213,313.0,295.0,347.0,60.53198653198653,43.73151911317241,0.48148148148148145,0.22895622895622897,0.19528619528619529,5.02020202020202,7,9773.084175084176,1868.498501919229,12292,348,196.82828282828282,62,85.7533436907037,0.16835016835016836,0.2996632996632997,0.3872053872053872,0.1447811447811448,0.2727272727272727,297,29.0,Red Bull Racing,Max VERSTAPPEN,Mexico,Mexico City,Mexico City
9177,3,2,2023-10-28 21:07:44.634,78.341,27.682,30.448,20.211,309.0,293.0,347.0,60.44186046511628,43.573930759807105,0.4717607973421927,0.2691029900332226,0.21262458471760798,4.9335548172757475,7,9789.089700996677,1857.6014719507446,12343,350,195.37209302325581,63,86.560582360591,0.17275747508305647,0.28903654485049834,0.4019933554817276,0.1362126245847176,0.2823920265780731,301,32.0,AlphaTauri,Daniel RICCIARDO,Mexico,Mexico City,Mexico City
9177,4,4,2023-10-28 21:14:12.223,81.554,27.653,30.444,23.457,311.0,294.0,344.0,52.19093851132686,41.62283240437981,0.0,0.22653721682847897,0.20064724919093851,4.666666666666667,7,9926.601941747573,1673.4903373539385,12162,346,187.63754045307442,61,84.28155897669063,0.15210355987055016,0.27184466019417475,0.40129449838187703,0.17475728155339806,0.2621359223300971,309,30.0,McLaren,Lando NORRIS,Mexico,Mexico City,Mexico City
9177,11,5,2023-10-28 21:15:56.285,78.835,27.898,30.404,20.533,314.0,296.0,349.0,60.37837837837838,43.92526864842155,0.48986486486486486,0.22972972972972974,0.19932432432432431,4.881756756756757,7,9726.594594594595,1901.5897749981366,12373,350,192.88851351351352,64,85.37957761896598,0.1554054054054054,0.30067567567567566,0.36486486486486486,0.17905405405405406,0.2533783783783784,296,29.0,Red Bull Racing,Sergio PEREZ,Mexico,Mexico City,Mexico City
7768,18,14,2023-03-04 15:59:48.653,91.926,29.329,39.681,22.916,240.0,267.0,318.0,70.83045977011494,40.68055767438132,0.0,0.19540229885057472,0.1839080459770115,5.637931034482759,7,10246.82183908046,1467.0102445124196,12236,320,211.9655172413793,65,67.95662259051996,0.07183908045977011,0.5373563218390804,0.3074712643678161,0.08333333333333333,0.2413793103448276,348,47.0,Aston Martin,Lance STROLL,Bahrain,Sakhir,Sakhir
7768,21,5,2023-03-04 15:14:55.546,92.121,29.382,39.634,23.105,240.0,270.0,315.0,71.4375,41.33431984623671,0.5994318181818182,0.21875,0.22727272727272727,5.2102272727272725,7,10389.178977272728,1487.332017113004,12519,318,209.82954545454547,63,70.57976782338994,0.07386363636363637,0.5255681818181818,0.3068181818181818,0.09375,0.23295454545454544,352,47.0,AlphaTauri,Nyck DE VRIES,Bahrain,Sakhir,Sakhir
9153,63,2,2023-09-02 14:03:17.489,82.148,27.252,27.804,27.092,321.0,332.0,337.0,77.30097087378641,38.58962454379374,0.7022653721682848,0.1423948220064725,0.1423948220064725,6.394822006472492,6,10844.7928802589,1494.8836951940239,12468,339,248.72168284789643,67,73.6171666334209,0.34627831715210355,0.42071197411003236,0.18122977346278318,0.05177993527508091,0.18446601941747573,309,31.0,Mercedes,George RUSSELL,Italy,Monza,Monza
9193,44,11,2023-11-25 14:38:39.926,84.359,17.278,36.258,30.823,290.0,320.0,324.0,76.11111111111111,38.213997403088044,0.654320987654321,0.12345679012345678,0.13580246913580246,5.932098765432099,7,10551.376543209877,1226.4772732256797,12184,326,225.39197530864197,70,68.86908698999359,0.1419753086419753,0.5061728395061729,0.32407407407407407,0.027777777777777776,0.21296296296296297,324,41.0,Mercedes,Lewis HAMILTON,United Arab Emirates,Yas Marina Circuit,Yas Island
9090,10,14,2023-05-27 14:38:38.128,72.169,18.935,34.06,19.174,221.0,205.0,282.0,54.13732394366197,45.092979888406624,0.40492957746478875,0.3415492957746479,0.21830985915492956,3.683098591549296,7,9780.820422535211,1660.6716294692949,11872,289,160.88732394366198,47,67.50328860896653,0.0,0.31690140845070425,0.4225352112676056,0.2605633802816901,0.07394366197183098,284,39.0,Alpine,Pierre GASLY,Monaco,Monte Carlo,Monaco
9090,16,6,2023-05-27 14:19:30.813,73.341,19.348,34.641,19.352,216.0,196.0,281.0,56.815331010452965,42.21321225177995,0.03832752613240418,0.2229965156794425,0.27177700348432055,3.902439024390244,7,9810.156794425087,1710.7340140822423,12218,288,161.23693379790942,45,66.96230774918828,0.0,0.3205574912891986,0.43205574912891986,0.24738675958188153,0.06620209059233449,287,45.0,Ferrari,Charles LECLERC,Monaco,Monte Carlo,Monaco
9090,21,10,2023-05-27 14:27:17.714,73.054,19.057,34.605,19.392,219.0,201.0,281.0,56.3971119133574,45.17952585902296,0.44404332129963897,0.3285198555956679,0.2815884476534296,3.7978339350180503,7,9908.758122743682,1832.2780356646394,12728,288,162.28880866425993,47,68.23082348067435,0.0,0.3249097472924188,0.4223826714801444,0.2527075812274368,0.08303249097472924,277,38.0,AlphaTauri,Nyck DE VRIES,Monaco,Monte Carlo,Monaco
9193,16,14,2023-11-25 14:51:10.710,84.496,17.324,36.356,30.816,290.0,321.0,326.0,74.37254901960785,37.500318224300706,0.0196078431372549,0.0718954248366013,0.16339869281045752,5.6797385620915035,6,10456.35294117647,1251.1983657413975,12054,328,222.281045751634,69,70.06759804143609,0.14052287581699346,0.48366013071895425,0.3464052287581699,0.029411764705882353,0.21895424836601307,306,38.0,Ferrari,Charles LECLERC,United Arab Emirates,Yas Marina Circuit,Yas Island
9193,20,5,2023-11-25 14:17:06.496,84.764,17.347,36.424,30.993,289.0,322.0,328.0,73.84394904458598,39.13274506640059,0.0732484076433121,0.17197452229299362,0.1624203821656051,5.56687898089172,7,10697.162420382165,1118.9610635380716,12405,329,223.21656050955414,72,70.85586489972454,0.1464968152866242,0.49363057324840764,0.3184713375796178,0.041401273885350316,0.21337579617834396,314,46.0,Haas F1 Team,Kevin MAGNUSSEN,United Arab Emirates,Yas Marina Circuit,Yas Island
7768,14,14,2023-03-04 16:03:21.774,90.336,28.852,38.774,22.71,242.0,267.0,317.0,73.44897959183673,38.85754674466985,0.008746355685131196,0.17201166180758018,0.15160349854227406,5.696793002915452,7,10253.842565597668,1424.8057131311534,12089,319,215.04373177842567,61,68.96669134218405,0.06997084548104957,0.5685131195335277,0.26822157434402333,0.09329446064139942,0.25072886297376096,343,52.0,Aston Martin,Fernando ALONSO,Bahrain,Sakhir,Sakhir
9161,44,7,2023-09-16 13:59:24.137,92.019,27.095,38.911,26.013,307.0,276.0,299.0,66.23391812865498,42.13382138897268,0.5175438596491229,0.20760233918128654,0.21052631578947367,5.090643274853801,7,10137.502923976608,1466.5488499592977,12101,310,191.52631578947367,65,65.70991219428265,0.04093567251461988,0.41812865497076024,0.4502923976608187,0.09064327485380116,0.19005847953216373,342,52.0,Mercedes,Lewis HAMILTON,Singapore,Singapore,Marina Bay
9161,63,13,2023-09-16 14:19:27.132,91.8,26.872,38.787,26.141,307.0,277.0,300.0,67.31952662721893,41.15821291046257,0.5236686390532544,0.21005917159763313,0.20710059171597633,5.017751479289941,7,10220.355029585799,1533.3410558193757,12318,310,192.93491124260356,65,65.70865847329445,0.04142011834319527,0.41420118343195267,0.46449704142011833,0.07988165680473373,0.1952662721893491,338,50.0,Mercedes,George RUSSELL,Singapore,Singapore,Marina Bay
9161,81,2,2023-09-16 13:03:30.681,92.902,27.334,39.326,26.242,308.0,278.0,299.0,64.16617210682493,41.99336307970702,0.002967359050445104,0.22551928783382788,0.2166172106824926,4.6943620178041545,7,10266.676557863502,1381.7497057139185,12355,310,189.53115727002967,65,65.85404864367781,0.032640949554896145,0.42136498516320475,0.456973293768546,0.08902077151335312,0.18991097922848665,337,51.0,McLaren,Oscar PIASTRI,Singapore,Singapore,Marina Bay
7775,18,14,2023-03-18 17:38:47.753,88.962,32.21,28.218,28.534,291.0,318.0,320.0,79.88823529411765,36.50868700686349,0.058823529411764705,0.11764705882352941,0.11764705882352941,6.411764705882353,6,10876.847058823529,949.8243962015526,12105,323,245.85,88,60.959664356573356,0.21470588235294116,0.5647058823529412,0.20588235294117646,0.014705882352941176,0.26176470588235295,340,39.0,Aston Martin,Lance STROLL,Saudi Arabia,Jeddah,Jeddah
9161,23,5,2023-09-16 13:16:17.370,92.668,27.131,39.323,26.214,312.0,280.0,302.0,60.11011904761905,43.490843970191214,0.4494047619047619,0.2648809523809524,0.24404761904761904,4.934523809523809,7,9985.815476190477,1415.9415669699101,12406,317,188.27380952380952,67,66.77895837882339,0.044642857142857144,0.3869047619047619,0.48214285714285715,0.08630952380952381,0.17857142857142858,336,54.0,Williams,Alexander ALBON,Singapore,Singapore,Marina Bay
9161,40,5,2023-09-16 13:09:31.284,92.724,27.363,39.076,26.285,308.0,276.0,298.0,66.86376811594202,42.62671251083006,0.553623188405797,0.24057971014492754,0.21159420289855072,4.76231884057971,7,10035.863768115942,1605.9916488432818,12355,311,190.4144927536232,67,65.54444895908054,0.028985507246376812,0.4260869565217391,0.4579710144927536,0.08695652173913043,0.19420289855072465,345,47.0,AlphaTauri,Liam LAWSON,Singapore,Singapore,Marina Bay
9215,27,5,2023-10-06 17:17:00.448,85.904,32.014,28.878,25.012,242.0,288.0,320.0,73.69934640522875,38.775703896720785,0.6241830065359477,0.0718954248366013,0.15359477124183007,5.751633986928105,6,10764.316993464052,991.5727832245042,12194,323,227.49346405228758,94,54.20926322536039,0.07516339869281045,0.6241830065359477,0.2908496732026144,0.00980392156862745,0.11437908496732026,306,35.0,Haas F1 Team,Nico HULKENBERG,Qatar,Lusail,Lusail
9215,31,9,2023-10-06 17:17:29.213,85.711,31.789,28.913,25.009,242.0,286.0,318.0,74.11326860841424,38.76666108506263,0.5825242718446602,0.16828478964401294,0.2297734627831715,5.550161812297735,6,10477.336569579287,948.187363321996,11981,320,228.18770226537217,91,53.5790808079306,0.07119741100323625,0.6375404530744336,0.2750809061488673,0.016181229773462782,0.11650485436893204,309,33.0,Alpine,Esteban OCON,Qatar,Lusail,Lusail
9112,4,2,2023-06-30 15:02:30.842,65.946,16.583,29.4,19.963,321.0,243.0,314.0,74.03614457831326,39.78909493062599,0.004016064257028112,0.1646586345381526,0.14056224899598393,6.040160642570281,7,10588.787148594378,1052.2426428878437,12157,322,236.87550200803213,67,63.080821831300625,0.1686746987951807,0.5903614457831325,0.20481927710843373,0.03614457831325301,0.357429718875502,249,33.0,McLaren,Lando NORRIS,Austria,Spielberg,Spielberg
9112,4,14,2023-06-30 15:33:13.169,65.038,16.462,29.024,19.552,323.0,249.0,315.0,74.02049180327869,39.66220005669604,0.020491803278688523,0.1598360655737705,0.13934426229508196,6.012295081967213,7,10641.643442622952,1117.8005814246878,12202,325,237.34016393442624,68,65.69554313992987,0.18442622950819673,0.5655737704918032,0.20901639344262296,0.040983606557377046,0.3401639344262295,244,33.0,McLaren,Lando NORRIS,Austria,Spielberg,Spielberg
9161,14,3,2023-09-16 13:09:11.519,92.584,27.149,39.243,26.192,309.0,276.0,299.0,63.94169096209912,41.50300608499765,0.04664723032069971,0.18658892128279883,0.20116618075801748,4.895043731778426,7,10049.25364431487,1257.1294542393834,11880,312,189.41690962099125,68,66.77971515740022,0.04664723032069971,0.40524781341107874,0.446064139941691,0.10204081632653061,0.1836734693877551,343,72.0,Aston Martin,Fernando ALONSO,Singapore,Singapore,Marina Bay
9161,16,14,2023-09-16 14:07:15.410,92.012,27.391,38.732,25.889,311.0,279.0,301.0,67.91761363636364,41.08030530251367,0.4431818181818182,0.13636363636363635,0.19318181818181818,4.9460227272727275,7,10065.582386363636,1583.1313695850026,11942,315,192.0653409090909,63,67.10101024538919,0.05113636363636364,0.40625,0.44886363636363635,0.09375,0.1875,352,51.0,Ferrari,Charles LECLERC,Singapore,Singapore,Marina Bay
9161,22,2,2023-09-16 13:08:23.644,92.93,27.549,39.157,26.224,306.0,277.0,295.0,65.50568181818181,42.37843309463659,0.5085227272727273,0.2471590909090909,0.19602272727272727,4.661931818181818,7,10169.292613636364,1497.4539520915969,12423,309,188.57954545454547,66,65.17016456669687,0.02556818181818182,0.4119318181818182,0.4744318181818182,0.08806818181818182,0.1875,352,48.0,AlphaTauri,Yuki TSUNODA,Singapore,Singapore,Marina Bay
9207,1,14,2023-10-20 21:50:03.507,95.081,25.332,38.323,31.426,236.0,185.0,321.0,68.60445682451254,42.15805034784591,0.5905292479108635,0.181058495821727,0.1894150417827298,5.231197771587744,6,10100.114206128133,1562.4424390001336,12242,322,206.5766016713092,78,71.35182410383243,0.08635097493036212,0.49025069637883006,0.3231197771587744,0.10027855153203342,0.17548746518105848,359,37.0,Red Bull Racing,Max VERSTAPPEN,United States,Austin,Austin
9207,2,4,2023-10-20 21:07:57.572,98.203,26.02,39.687,32.496,230.0,184.0,322.0,63.394444444444446,43.0421180296879,0.5194444444444445,0.24166666666666667,0.21666666666666667,5.216666666666667,6,9987.483333333334,1768.6798894241676,12346,324,197.44166666666666,71,73.19350426678837,0.08055555555555556,0.4388888888888889,0.35,0.13055555555555556,0.18055555555555555,360,45.0,Williams,Logan SARGEANT,United States,Austin,Austin
9207,4,7,2023-10-20 21:16:43.280,95.11,25.611,38.193,31.306,228.0,192.0,322.0,64.06043956043956,42.510237636815056,0.0,0.23351648351648352,0.17582417582417584,5.225274725274725,7,10223.975274725275,1385.3380098700952,12458,323,205.6620879120879,74,72.14729799722781,0.09615384615384616,0.4807692307692308,0.32967032967032966,0.09340659340659341,0.18681318681318682,364,47.0,McLaren,Lando NORRIS,United States,Austin,Austin
9207,11,5,2023-10-20 21:15:13.797,95.989,25.706,38.607,31.676,225.0,185.0,324.0,67.55307262569832,41.88828986802326,0.5782122905027933,0.15921787709497207,0.18435754189944134,5.273743016759776,7,10044.114525139665,1481.7809050979156,12059,325,205.731843575419,71,71.74023825069708,0.09217877094972067,0.48044692737430167,0.3240223463687151,0.10335195530726257,0.18994413407821228,358,45.0,Red Bull Racing,Sergio PEREZ,United States,Austin,Austin
9207,14,4,2023-10-20 21:09:13.598,96.866,25.957,38.797,32.112,232.0,188.0,324.0,67.93188010899182,41.480369213184325,0.42779291553133514,0.1880108991825613,0.17166212534059946,5.193460490463215,6,9999.021798365122,1765.757899960288,11910,323,195.48773841961852,72,71.61104134618826,0.07629427792915532,0.4141689373297003,0.3869209809264305,0.1226158038147139,0.16621253405994552,367,39.0,Aston Martin,Fernando ALONSO,United States,Austin,Austin
9064,23,18,2023-04-28 14:05:04.305,101.818,35.854,40.976,24.988,224.0,232.0,316.0,68.50777202072538,42.85185827499922,0.5880829015544041,0.23316062176165803,0.20984455958549222,5.401554404145077,7,10281.720207253886,1473.3007291099127,12299,335,208.31865284974094,75,80.51422082504175,0.19430051813471502,0.3290155440414508,0.41450777202072536,0.06217616580310881,0.14507772020725387,386,54.0,Williams,Alexander ALBON,Azerbaijan,Baku,Baku
9064,23,16,2023-04-28 14:01:13.432,101.958,35.84,41.017,25.101,225.0,237.0,315.0,69.13910761154855,43.04213441490814,0.6062992125984252,0.23097112860892388,0.2073490813648294,5.485564304461942,7,10295.98687664042,1443.248799478367,12273,335,210.23359580052494,75,78.70240767355938,0.17585301837270342,0.37270341207349084,0.3884514435695538,0.06299212598425197,0.15223097112860892,381,50.0,Williams,Alexander ALBON,Azerbaijan,Baku,Baku
9064,24,10,2023-04-28 13:44:04.225,102.642,36.052,41.578,25.012,218.0,233.0,316.0,68.89922480620154,42.49538438110702,0.599483204134367,0.22997416020671835,0.18863049095607234,5.372093023255814,6,10037.286821705426,1568.6889902367936,11923,334,206.12144702842377,75,81.28771411655306,0.20155038759689922,0.31007751937984496,0.3953488372093023,0.09302325581395349,0.1343669250645995,387,51.0,Alfa Romeo,ZHOU Guanyu,Azerbaijan,Baku,Baku
9207,18,2,2023-10-20 21:02:48.789,98.515,26.46,39.385,32.67,204.0,187.0,316.0,65.75132275132275,41.020685224442836,0.018518518518518517,0.1402116402116402,0.18518518518518517,5.3994708994708995,6,9915.960317460318,1672.7453953224065,11847,318,200.16666666666666,69,70.69898269314879,0.0873015873015873,0.4470899470899471,0.35185185185185186,0.11375661375661375,0.17195767195767195,378,44.0,Aston Martin,Lance STROLL,United States,Austin,Austin
7768,31,2,2023-03-04 15:15:02.467,91.688,29.321,39.398,22.969,241.0,270.0,321.0,71.73504273504274,41.20764003276086,0.6011396011396012,0.19658119658119658,0.1908831908831909,5.156695156695156,7,10187.88603988604,1387.177128911801,11889,322,210.72079772079772,63,70.22011592488778,0.08831908831908832,0.5071225071225072,0.31054131054131057,0.09401709401709402,0.22507122507122507,351,46.0,Alpine,Esteban OCON,Bahrain,Sakhir,Sakhir
7768,31,5,2023-03-04 15:24:24.191,91.508,29.221,39.356,22.931,240.0,268.0,321.0,70.93871866295265,41.677353811152145,0.5933147632311978,0.20055710306406685,0.21727019498607242,5.155988857938719,7,10251.403899721448,1299.9590479524595,11748,322,211.37883008356545,68,68.64320510034992,0.08635097493036212,0.5181058495821727,0.3147632311977716,0.0807799442896936,0.23119777158774374,359,51.0,Alpine,Esteban OCON,Bahrain,Sakhir,Sakhir
7768,63,11,2023-03-04 15:47:26.526,90.507,28.845,39.046,22.616,243.0,270.0,320.0,72.03746397694525,40.929959664948086,0.6109510086455331,0.19596541786743515,0.19596541786743515,5.645533141210374,7,10289.956772334293,1528.1922131467952,12080,322,213.44956772334294,64,69.90753321838532,0.1037463976945245,0.5129682997118156,0.2910662824207493,0.09221902017291066,0.2478386167146974,347,49.0,Mercedes,George RUSSELL,Bahrain,Sakhir,Sakhir
7768,77,5,2023-03-04 15:24:04.442,91.504,29.198,39.32,22.986,240.0,268.0,316.0,72.33994334277621,40.67502887350442,0.6147308781869688,0.18980169971671387,0.1813031161473088,5.515580736543909,7,10146.535410764873,1607.1645378508922,12193,320,210.4872521246459,65,69.12176740416479,0.0708215297450425,0.5325779036827195,0.3031161473087819,0.09348441926345609,0.23512747875354106,353,41.0,Alfa Romeo,Valtteri BOTTAS,Bahrain,Sakhir,Sakhir
9169,31,2,2023-09-23 06:06:04.304,91.169,31.792,41.168,18.209,283.0,308.0,307.0,73.09593023255815,38.300782684354964,0.5726744186046512,0.13372093023255813,0.1744186046511628,5.665697674418604,7,10335.546511627907,1238.9092720693002,11783,332,227.89825581395348,74,67.62616842496013,0.16569767441860464,0.5406976744186046,0.22093023255813954,0.07267441860465117,0.10174418604651163,344,34.0,Alpine,Esteban OCON,Japan,Suzuka,Suzuka
9215,81,16,2023-10-06 17:38:47.785,84.753,31.219,28.838,24.696,245.0,289.0,318.0,72.20743034055728,39.19861442946687,0.0,0.15789473684210525,0.13312693498452013,5.69969040247678,6,10714.09907120743,926.724326718606,12346,319,228.09287925696594,94,54.28722822078242,0.07120743034055728,0.6160990712074303,0.30030959752321984,0.01238390092879257,0.10526315789473684,323,33.0,McLaren,Oscar PIASTRI,Qatar,Lusail,Lusail
9215,81,22,2023-10-06 17:59:28.310,84.228,30.994,28.599,24.635,247.0,288.0,316.0,74.67398119122257,37.63328907601474,0.0,0.13793103448275862,0.12852664576802508,5.7962382445141065,6,10783.084639498433,851.9633276623792,11992,317,231.56426332288402,99,52.9755619641238,0.08150470219435736,0.64576802507837,0.2664576802507837,0.006269592476489028,0.11912225705329153,319,32.0,McLaren,Oscar PIASTRI,Qatar,Lusail,Lusail
9074,22,7,2023-05-06 20:13:03.999,88.456,29.806,33.494,25.156,219.0,192.0,333.0,69.89538461538461,40.51651252606094,0.5476923076923077,0.18769230769230769,0.13538461538461538,5.32923076923077,7,10403.243076923078,1410.051627411496,12748,335,217.0646153846154,66,83.05593911239792,0.22153846153846155,0.38461538461538464,0.2923076923076923,0.10153846153846154,0.2246153846153846,325,32.0,AlphaTauri,Yuki TSUNODA,United States,Miami,Miami
9074,23,4,2023-05-06 20:05:38.117,89.326,30.249,33.842,25.235,221.0,191.0,338.0,64.81547619047619,42.270082554633696,0.5119047619047619,0.2113095238095238,0.19642857142857142,5.669642857142857,6,10066.630952380952,1777.7177253879468,12472,339,213.51190476190476,65,84.2921350836368,0.21726190476190477,0.3630952380952381,0.30952380952380953,0.11011904761904762,0.20833333333333334,336,35.0,Williams,Alexander ALBON,United States,Miami,Miami
9177,63,18,2023-10-28 21:59:07.506,77.674,27.724,29.977,19.973,309.0,292.0,342.0,60.91525423728814,43.7381230275438,0.4745762711864407,0.2711864406779661,0.20677966101694914,5.1084745762711865,7,10002.162711864406,1924.996637676922,12601,343,196.09830508474576,65,83.5974755736533,0.15593220338983052,0.31186440677966104,0.38305084745762713,0.14915254237288136,0.2711864406779661,295,28.0,Mercedes,George RUSSELL,Mexico,Mexico City,Mexico City
9177,77,10,2023-10-28 21:38:25.067,78.016,27.577,30.232,20.207,316.0,296.0,347.0,61.04827586206896,42.95250954952267,0.4586206896551724,0.22758620689655173,0.21724137931034482,5.06551724137931,7,9875.38275862069,1845.721916427632,12350,350,196.14137931034483,67,85.8270813974535,0.16896551724137931,0.3,0.38275862068965516,0.1482758620689655,0.2620689655172414,290,30.0,Alfa Romeo,Valtteri BOTTAS,Mexico,Mexico City,Mexico City
9177,81,2,2023-10-28 21:05:32.667,79.44,28.16,30.745,20.535,310.0,293.0,345.0,57.43046357615894,42.95783452750718,0.0,0.26158940397350994,0.2119205298013245,4.923841059602649,7,9921.956953642384,1697.190424499057,12635,346,194.1158940397351,65,85.5870279181906,0.16556291390728478,0.2781456953642384,0.40397350993377484,0.152317880794702,0.2682119205298013,302,34.0,McLaren,Oscar PIASTRI,Mexico,Mexico City,Mexico City
9064,16,12,2023-04-28 13:57:24.107,101.216,35.528,40.754,24.934,234.0,237.0,315.0,71.18062827225131,40.932392137687536,0.581151832460733,0.04712041884816754,0.20680628272251309,5.390052356020942,7,10328.164921465968,1340.997768351712,12035,332,212.6675392670157,75,79.80903680416574,0.21204188481675393,0.3324607329842932,0.4031413612565445,0.05235602094240838,0.14921465968586387,382,54.0,Ferrari,Charles LECLERC,Azerbaijan,Baku,Baku
9129,22,5,2023-07-22 14:09:19.014,78.919,28.424,28.319,22.176,278.0,248.0,299.0,67.42567567567568,41.97991306847631,0.527027027027027,0.23310810810810811,0.17567567567567569,4.760135135135135,6,10344.945945945947,1231.1306325310852,12549,309,195.19932432432432,93,57.581872143426516,0.033783783783783786,0.4358108108108108,0.5168918918918919,0.013513513513513514,0.15202702702702703,296,34.0,AlphaTauri,Yuki TSUNODA,Hungary,Hungaroring,Budapest
9129,23,4,2023-07-22 14:08:20.233,79.148,28.511,28.229,22.408,280.0,249.0,305.0,64.18402777777777,41.99606944142324,0.4826388888888889,0.2222222222222222,0.22569444444444445,5.211805555555555,6,10373.395833333334,1202.4689799109508,12094,315,200.82638888888889,94,58.81416192264896,0.04513888888888889,0.4618055555555556,0.4756944444444444,0.017361111111111112,0.17708333333333334,288,37.0,Williams,Alexander ALBON,Hungary,Hungaroring,Budapest
9129,27,7,2023-07-22 14:17:03.993,78.695,28.439,28.065,22.191,283.0,248.0,304.0,63.263513513513516,43.97832462821772,0.5337837837837838,0.23310810810810811,0.22972972972972974,5.0675675675675675,6,10396.773648648648,1297.9089046857537,12324,318,199.94594594594594,91,60.208877523679796,0.0472972972972973,0.4527027027027027,0.4831081081081081,0.016891891891891893,0.16891891891891891,296,39.0,Haas F1 Team,Nico HULKENBERG,Hungary,Hungaroring,Budapest
9129,27,10,2023-07-22 14:29:57.797,78.005,28.188,27.831,21.986,283.0,250.0,306.0,64.83333333333333,42.597868458557215,0.5208333333333334,0.20833333333333334,0.2048611111111111,5.125,6,10364.819444444445,1267.6940691666844,12463,320,200.20138888888889,93,59.79571260091332,0.04861111111111111,0.4618055555555556,0.46875,0.020833333333333332,0.16319444444444445,288,36.0,Haas F1 Team,Nico HULKENBERG,Hungary,Hungaroring,Budapest
9314,63,4,2023-11-18 08:11:00.199,94.726,26.911,31.7,36.115,184.0,214.0,343.0,74.1138888888889,39.77703633922354,0.6388888888888888,0.175,0.15555555555555556,5.983333333333333,6,10626.413888888888,1555.99639398025,12708,345,233.575,84,84.4648230747413,0.325,0.33055555555555555,0.2916666666666667,0.05277777777777778,0.15555555555555556,360,41.0,Mercedes,George RUSSELL,United States,Las Vegas,Las Vegas
9112,77,4,2023-06-30 15:14:29.017,65.948,16.601,29.437,19.91,321.0,245.0,316.0,75.7107438016529,39.78728461294951,0.6735537190082644,0.17355371900826447,0.18181818181818182,6.144628099173554,7,10490.202479338843,1220.9490680948961,12079,324,235.9297520661157,70,63.74305936622164,0.17355371900826447,0.5909090909090909,0.19834710743801653,0.0371900826446281,0.41735537190082644,242,30.0,Alfa Romeo,Valtteri BOTTAS,Austria,Spielberg,Spielberg
9112,77,7,2023-06-30 15:23:29.241,65.763,16.6,29.336,19.827,323.0,244.0,317.0,74.35802469135803,40.17327407370529,0.654320987654321,0.1728395061728395,0.19753086419753085,6.209876543209877,7,10522.843621399177,1136.922390006999,12058,325,236.9423868312757,67,64.25070965989525,0.18930041152263374,0.5637860082304527,0.205761316872428,0.0411522633744856,0.34156378600823045,243,32.0,Alfa Romeo,Valtteri BOTTAS,Austria,Spielberg,Spielberg
9207,44,5,2023-10-20 21:16:08.796,95.091,25.502,38.099,31.49,232.0,190.0,320.0,69.46778711484593,40.369949315423135,0.5602240896358543,0.15126050420168066,0.19327731092436976,5.420168067226891,7,10275.422969187675,1400.3852390630018,12670,322,206.26330532212884,77,70.34456227636316,0.08683473389355742,0.49299719887955185,0.33053221288515405,0.0896358543417367,0.18487394957983194,357,47.0,Mercedes,Lewis HAMILTON,United States,Austin,Austin
9207,44,11,2023-10-20 21:38:59.343,95.24,25.416,38.248,31.576,238.0,187.0,319.0,68.8854748603352,41.02490548023031,0.547486033519553,0.1871508379888268,0.2011173184357542,5.483240223463687,6,10159.153631284917,1647.478566231215,12261,321,206.08100558659217,75,70.64906466813103,0.08659217877094973,0.4972067039106145,0.31564245810055863,0.1005586592178771,0.18156424581005587,358,44.0,Mercedes,Lewis HAMILTON,United States,Austin,Austin
9112,16,19,2023-06-30 15:44:43.375,65.29,16.504,29.02,19.766,322.0,247.0,316.0,79.46692607003891,33.39793037606775,0.0,0.054474708171206226,0.17509727626459143,6.128404669260701,7,10641.894941634242,1127.0073101807616,12075,324,238.4785992217899,63,65.98289705886027,0.19844357976653695,0.5642023346303502,0.19844357976653695,0.038910505836575876,0.3346303501945525,257,35.0,Ferrari,Charles LECLERC,Austria,Spielberg,Spielberg
9112,18,2,2023-06-30 15:01:56.092,66.139,16.605,29.582,19.952,320.0,242.0,314.0,72.74897119341564,40.88098465010324,0.24279835390946503,0.17695473251028807,0.1934156378600823,6.111111111111111,7,10580.716049382716,1117.911769695622,12040,321,232.46090534979425,66,64.63196438809946,0.14814814814814814,0.5843621399176955,0.2222222222222222,0.04526748971193416,0.3374485596707819,243,35.0,Aston Martin,Lance STROLL,Austria,Spielberg,Spielberg
7768,81,6,2023-03-04 15:24:39.238,92.101,29.561,39.454,23.086,241.0,268.0,316.0,68.92676056338028,41.66899753168554,0.2676056338028169,0.2112676056338028,0.18873239436619718,5.261971830985916,7,10463.16338028169,1271.093084159736,12169,318,210.67323943661972,68,67.8640235638786,0.07042253521126761,0.5352112676056338,0.3126760563380282,0.08169014084507042,0.23661971830985915,355,46.0,McLaren,Oscar PIASTRI,Bahrain,Sakhir,Sakhir
9112,81,12,2023-06-30 15:33:22.215,65.605,16.593,29.296,19.716,321.0,247.0,313.0,75.09795918367347,38.21250165460573,0.0,0.13877551020408163,0.11428571428571428,6.093877551020408,7,10628.89387755102,1121.923537108523,12234,322,238.66122448979593,69,65.21122306205105,0.19183673469387755,0.5836734693877551,0.17959183673469387,0.044897959183673466,0.3673469387755102,245,30.0,McLaren,Oscar PIASTRI,Austria,Spielberg,Spielberg
9112,81,18,2023-06-30 15:45:20.546,65.213,16.519,29.081,19.613,321.0,247.0,314.0,73.08064516129032,39.1221686172287,0.0,0.16129032258064516,0.14112903225806453,6.024193548387097,7,10614.427419354839,1132.4625074337384,12028,322,236.0766129032258,69,66.72717867485656,0.1693548387096774,0.5846774193548387,0.18951612903225806,0.056451612903225805,0.35080645161290325,248,29.0,McLaren,Oscar PIASTRI,Austria,Spielberg,Spielberg
9129,1,20,2023-07-22 14:58:35.918,76.632,27.824,27.044,21.764,281.0,257.0,302.0,68.85611510791367,42.00654257981925,0.5827338129496403,0.15467625899280577,0.20503597122302158,5.093525179856115,6,10297.661870503596,1289.4917452500301,12181,312,204.3021582733813,91,59.43860767184606,0.04316546762589928,0.4892086330935252,0.44964028776978415,0.017985611510791366,0.16546762589928057,278,37.0,Red Bull Racing,Max VERSTAPPEN,Hungary,Hungaroring,Budapest
9129,4,13,2023-07-22 14:29:24.188,77.328,28.154,27.342,21.832,279.0,253.0,302.0,64.41176470588235,43.24301485018516,0.49480968858131485,0.23529411764705882,0.18685121107266436,5.0,6,10483.553633217993,1137.271572636013,12788,312,202.76124567474048,94,57.494882802236454,0.03806228373702422,0.47058823529411764,0.4809688581314879,0.010380622837370242,0.1522491349480969,289,37.0,McLaren,Lando NORRIS,Hungary,Hungaroring,Budapest
9129,11,13,2023-07-22 14:32:07.123,79.443,28.217,27.754,23.472,281.0,249.0,301.0,63.19344262295082,42.83596262139403,0.5016393442622951,0.15081967213114755,0.2,4.852459016393443,6,10325.87868852459,1189.4751669266225,12023,312,196.45901639344262,90,60.52994413666039,0.04262295081967213,0.42950819672131146,0.5081967213114754,0.019672131147540985,0.13442622950819672,305,35.0,Red Bull Racing,Sergio PEREZ,Hungary,Hungaroring,Budapest
9314,2,3,2023-11-18 08:04:00.909,95.061,27.246,31.599,36.216,184.0,213.0,344.0,70.60339943342777,41.37585744513475,0.6147308781869688,0.18696883852691218,0.1671388101983003,5.932011331444759,6,10623.354107648725,1636.377856953833,12822,348,232.8611898016997,87,86.76532806520221,0.32577903682719545,0.311614730878187,0.29178470254957506,0.0708215297450425,0.15864022662889518,353,42.0,Williams,Logan SARGEANT,United States,Las Vegas,Las Vegas
9314,2,22,2023-11-18 08:59:10.429,93.513,26.605,31.106,35.802,188.0,216.0,347.0,72.15254237288136,41.23462071317486,0.6440677966101694,0.18926553672316385,0.16666666666666666,6.005649717514125,6,10625.276836158193,1650.0363210613552,12865,348,234.36723163841808,89,85.74248717717853,0.3446327683615819,0.3107344632768362,0.288135593220339,0.05649717514124294,0.16101694915254236,354,40.0,Williams,Logan SARGEANT,United States,Las Vegas,Las Vegas
9064,2,16,2023-04-28 14:01:16.823,102.395,35.858,41.47,25.067,218.0,232.0,319.0,67.10443864229765,43.4075361533751,0.5848563968668408,0.23237597911227154,0.206266318537859,5.240208877284595,7,10253.681462140992,1551.3096857816447,12419,338,203.58485639686685,74,80.54495333843607,0.185378590078329,0.3133159268929504,0.42297650130548303,0.0783289817232376,0.14882506527415143,383,58.0,Williams,Logan SARGEANT,Azerbaijan,Baku,Baku
9314,16,22,2023-11-18 08:58:20.289,92.726,26.224,30.652,35.85,189.0,217.0,341.0,77.6638418079096,37.442344617662805,0.6610169491525424,0.04519774011299435,0.17231638418079095,5.983050847457627,6,10703.206214689266,1274.3672294680232,12335,346,237.72881355932202,91,83.09501653925571,0.3474576271186441,0.3107344632768362,0.3050847457627119,0.03672316384180791,0.1694915254237288,354,40.0,Ferrari,Charles LECLERC,United States,Las Vegas,Las Vegas
9215,14,12,2023-10-06 17:29:43.607,85.241,31.524,28.95,24.767,244.0,290.0,320.0,72.67619047619047,38.82456751550687,0.23174603174603176,0.10476190476190476,0.14285714285714285,5.904761904761905,6,10674.52380952381,975.2316147750646,11969,321,227.2253968253968,87,55.86953059126706,0.08253968253968254,0.5936507936507937,0.2984126984126984,0.025396825396825397,0.11746031746031746,315,39.0,Aston Martin,Fernando ALONSO,Qatar,Lusail,Lusail
9153,4,7,2023-09-02 14:14:19.372,81.995,27.28,27.718,26.997,319.0,334.0,337.0,76.96474358974359,38.7701036816241,0.028846153846153848,0.16025641025641027,0.13782051282051283,6.4006410256410255,7,10762.304487179486,1104.4852871057979,12308,339,254.38141025641025,69,71.43232833335168,0.375,0.42948717948717946,0.15064102564102563,0.04487179487179487,0.19230769230769232,312,31.0,McLaren,Lando NORRIS,Italy,Monza,Monza
9153,4,19,2023-09-02 14:51:16.972,80.979,26.946,27.27,26.763,319.0,334.0,339.0,78.1672131147541,37.92853703326873,0.02622950819672131,0.14098360655737704,0.11147540983606558,6.524590163934426,7,10834.52131147541,1053.698670647633,12322,341,258.6459016393443,71,69.2540554906223,0.39344262295081966,0.4360655737704918,0.12786885245901639,0.04262295081967213,0.20327868852459016,305,30.0,McLaren,Lando NORRIS,Italy,Monza,Monza
9153,16,2,2023-09-02 14:05:25.253,82.496,27.197,27.969,27.33,321.0,335.0,341.0,78.52272727272727,36.945017731877805,0.37012987012987014,0.1038961038961039,0.1331168831168831,6.334415584415584,7,10731.938311688311,1300.721135275424,12161,343,250.62012987012986,70,73.27358388325962,0.3538961038961039,0.4155844155844156,0.17532467532467533,0.05519480519480519,0.18506493506493507,308,34.0,Ferrari,Charles LECLERC,Italy,Monza,Monza
9177,16,10,2023-10-28 21:38:14.645,77.901,27.548,30.007,20.346,317.0,295.0,347.0,61.714285714285715,41.98828388986604,0.3693379790940767,0.17770034843205576,0.22996515679442509,5.010452961672474,7,9996.965156794426,1793.4979570266114,12375,349,195.45993031358884,64,84.24936531890594,0.1602787456445993,0.31010452961672474,0.3902439024390244,0.13937282229965156,0.2613240418118467,287,31.0,Ferrari,Charles LECLERC,Mexico,Mexico City,Mexico City
9177,27,8,2023-10-28 21:29:30.166,79.348,27.869,30.963,20.516,315.0,295.0,346.0,57.94019933554817,43.24607587546875,0.4418604651162791,0.23920265780730898,0.22259136212624583,4.823920265780731,7,10013.338870431893,1734.3989673997698,12363,348,191.03654485049833,66,84.36449881331687,0.15614617940199335,0.27906976744186046,0.39867109634551495,0.16611295681063123,0.2558139534883721,301,35.0,Haas F1 Team,Nico HULKENBERG,Mexico,Mexico City,Mexico City
9129,31,7,2023-07-22 14:11:21.481,78.854,28.388,28.153,22.313,283.0,250.0,303.0,63.83216783216783,43.07072698484799,0.486013986013986,0.2517482517482518,0.2517482517482518,4.828671328671328,6,10021.447552447553,1246.920550252947,11694,313,195.34615384615384,88,59.9704819428145,0.045454545454545456,0.4125874125874126,0.506993006993007,0.03496503496503497,0.16083916083916083,286,43.0,Alpine,Esteban OCON,Hungary,Hungaroring,Budapest
9129,31,12,2023-07-22 14:27:04.189,78.075,28.225,27.829,22.021,283.0,251.0,301.0,66.47349823321555,42.22006477533948,0.5123674911660777,0.21908127208480566,0.2332155477031802,4.925795053003534,6,10194.102473498233,1132.206716878872,11789,312,201.69257950530036,92,57.962455885329106,0.038869257950530034,0.4664310954063604,0.48056537102473496,0.014134275618374558,0.1625441696113074,283,40.0,Alpine,Esteban OCON,Hungary,Hungaroring,Budapest
9129,55,2,2023-07-22 14:02:31.675,79.793,28.42,28.855,22.518,283.0,247.0,304.0,62.32775919732441,40.5551194890859,0.06688963210702341,0.1806020066889632,0.24414715719063546,5.1003344481605355,6,10042.638795986622,1277.656024160539,12127,315,194.48160535117057,89,58.89550092858504,0.04013377926421405,0.4280936454849498,0.4916387959866221,0.04013377926421405,0.13377926421404682,299,38.0,Ferrari,Carlos SAINZ,Hungary,Hungaroring,Budapest
9074,1,11,2023-05-06 20:38:27.410,86.814,29.073,32.956,24.785,225.0,194.0,341.0,69.39506172839506,41.703487915647344,0.5771604938271605,0.19753086419753085,0.1728395061728395,5.6080246913580245,7,10203.212962962964,1535.8385092979627,12067,342,222.2006172839506,71,83.90463331591314,0.22839506172839505,0.38580246913580246,0.2839506172839506,0.10185185185185185,0.23148148148148148,324,34.0,Red Bull Racing,Max VERSTAPPEN,United States,Miami,Miami
9074,2,4,2023-05-06 20:06:06.960,89.271,30.315,33.86,25.096,222.0,192.0,340.0,66.46783625730994,41.59225149889463,0.5380116959064327,0.2046783625730994,0.18421052631578946,5.684210526315789,7,10079.616959064328,1715.488192462972,12569,341,216.08479532163742,66,84.9384552235584,0.21929824561403508,0.3654970760233918,0.28654970760233917,0.1286549707602339,0.21929824561403508,342,43.0,Williams,Logan SARGEANT,United States,Miami,Miami
9074,11,5,2023-05-06 20:10:02.800,87.713,29.404,33.522,24.787,220.0,193.0,341.0,67.23839009287926,42.131878282204376,0.5479876160990712,0.1826625386996904,0.17337461300309598,5.53250773993808,7,10163.430340557275,1644.5054583158521,12186,342,217.71826625386996,66,84.62642353141075,0.19814241486068113,0.39628482972136225,0.29721362229102166,0.10835913312693499,0.2043343653250774,323,33.0,Red Bull Racing,Sergio PEREZ,United States,Miami,Miami
9074,11,18,2023-05-06 20:50:13.991,86.841,28.942,33.049,24.85,223.0,195.0,340.0,70.17791411042944,41.7766103489867,0.6073619631901841,0.17791411042944785,0.1687116564417178,5.595092024539877,7,10310.90490797546,1550.0357197394333,12251,340,223.80981595092024,69,81.73838583392296,0.22085889570552147,0.40797546012269936,0.2822085889570552,0.08895705521472393,0.22085889570552147,326,35.0,Red Bull Racing,Sergio PEREZ,United States,Miami,Miami
7775,44,2,2023-03-18 17:05:04.699,90.157,32.794,28.574,28.789,287.0,322.0,328.0,81.09939759036145,35.961699997434664,0.7108433734939759,0.09939759036144578,0.13855421686746988,6.379518072289157,6,10916.927710843374,1035.2720474740674,12423,329,245.6265060240964,86,60.9750998346033,0.22289156626506024,0.5542168674698795,0.20783132530120482,0.015060240963855422,0.2620481927710843,332,36.0,Mercedes,Lewis HAMILTON,Saudi Arabia,Jeddah,Jeddah
7775,44,17,2023-03-18 17:50:56.542,89.223,32.468,28.203,28.552,290.0,322.0,326.0,81.66978193146417,35.06311260092004,0.7009345794392523,0.09034267912772585,0.10903426791277258,6.38006230529595,7,10917.96261682243,861.6736866982358,12223,327,246.15264797507788,91,61.18776226320762,0.19937694704049844,0.5763239875389408,0.2087227414330218,0.01557632398753894,0.2616822429906542,321,39.0,Mercedes,Lewis HAMILTON,Saudi Arabia,Jeddah,Jeddah
7775,63,14,2023-03-18 17:39:13.191,89.284,32.379,28.31,28.595,290.0,326.0,329.0,79.32835820895522,37.48436323078479,0.7164179104477612,0.14328358208955225,0.14328358208955225,6.385074626865672,6,10969.513432835822,1009.4402902942396,12424,330,247.10746268656717,88,60.59821866868871,0.23283582089552238,0.5522388059701493,0.2,0.014925373134328358,0.25671641791044775,335,38.0,Mercedes,George RUSSELL,Saudi Arabia,Jeddah,Jeddah
9161,4,16,2023-09-16 14:18:39.023,91.539,26.876,38.738,25.925,310.0,279.0,301.0,62.3125,43.83381736486248,0.24404761904761904,0.2708333333333333,0.23214285714285715,4.744047619047619,7,10346.318452380952,1289.6470868935896,12475,314,192.82738095238096,65,65.31795913344902,0.047619047619047616,0.41964285714285715,0.44642857142857145,0.08630952380952381,0.1875,336,56.0,McLaren,Lando NORRIS,Singapore,Singapore,Marina Bay
9177,1,11,2023-10-28 21:49:51.762,77.286,27.398,29.851,20.037,313.0,297.0,347.0,61.64625850340136,43.21993957746476,0.48639455782312924,0.21428571428571427,0.22448979591836735,5.01360544217687,7,9970.28231292517,1807.0817286310853,12332,347,198.42176870748298,61,85.06351172043469,0.17006802721088435,0.30272108843537415,0.3979591836734694,0.1292517006802721,0.2789115646258503,294,30.0,Red Bull Racing,Max VERSTAPPEN,Mexico,Mexico City,Mexico City
9177,14,5,2023-10-28 21:08:14.821,78.848,27.691,30.538,20.619,312.0,295.0,345.0,59.57241379310345,43.79035377932953,0.38620689655172413,0.2793103448275862,0.22758620689655173,4.913793103448276,7,10157.924137931035,1879.8804334457072,12708,346,195.44137931034481,59,85.10460698210645,0.16551724137931034,0.296551724137931,0.38620689655172413,0.15172413793103448,0.27241379310344827,290,42.0,Aston Martin,Fernando ALONSO,Mexico,Mexico City,Mexico City
9177,14,13,2023-10-28 21:37:54.473,78.738,27.991,30.423,20.324,311.0,292.0,342.0,61.33103448275862,43.38562183854399,0.4068965517241379,0.25862068965517243,0.23448275862068965,5.031034482758621,7,10082.120689655172,1920.850543996909,12678,343,196.91034482758621,63,84.5338053826742,0.17586206896551723,0.28620689655172415,0.3931034482758621,0.14482758620689656,0.2793103448275862,290,37.0,Aston Martin,Fernando ALONSO,Mexico,Mexico City,Mexico City
7768,16,13,2023-03-04 15:47:09.745,90.282,28.884,38.729,22.669,243.0,272.0,325.0,72.51603498542273,39.019400700373616,0.3206997084548105,0.09620991253644315,0.17784256559766765,5.495626822157434,7,10241.626822157434,1435.0628307385557,11976,327,213.45772594752188,61,72.20404682058827,0.09329446064139942,0.5102040816326531,0.29737609329446063,0.09912536443148688,0.2303206997084548,343,49.0,Ferrari,Charles LECLERC,Bahrain,Sakhir,Sakhir
7768,22,14,2023-03-04 15:46:44.870,92.51,29.54,39.859,23.111,238.0,268.0,320.0,70.69405099150141,41.98562245481002,0.5920679886685553,0.21813031161473087,0.17847025495750707,5.161473087818697,7,10517.385269121813,1387.0076354121031,12500,322,210.76770538243625,68,70.77888407828634,0.08498583569405099,0.509915014164306,0.32011331444759206,0.08498583569405099,0.23512747875354106,353,48.0,AlphaTauri,Yuki TSUNODA,Bahrain,Sakhir,Sakhir
9153,63,11,2023-09-02 14:31:39.767,81.48,27.169,27.448,26.863,318.0,329.0,335.0,80.50320512820512,37.133633569928186,0.75,0.13141025641025642,0.1282051282051282,6.57051282051282,6,10882.669871794871,1434.3184484504316,12390,338,255.25320512820514,69,71.58681453604143,0.38782051282051283,0.4230769230769231,0.14423076923076922,0.04487179487179487,0.20192307692307693,312,32.0,Mercedes,George RUSSELL,Italy,Monza,Monza
9193,63,8,2023-11-25 14:28:31.968,84.46,17.333,36.419,30.708,289.0,320.0,323.0,74.28155339805825,39.24996918082871,0.6472491909385113,0.16181229773462782,0.1423948220064725,5.815533980582524,7,10450.987055016181,1303.533105936878,12124,325,222.3915857605178,65,69.42602383914524,0.12944983818770225,0.5080906148867314,0.313915857605178,0.04854368932038835,0.20711974110032363,309,41.0,Mercedes,George RUSSELL,United Arab Emirates,Yas Marina Circuit,Yas Island
9090,1,14,2023-05-27 14:37:28.972,72.038,18.804,34.148,19.086,215.0,203.0,282.0,56.338078291814945,45.28508436884984,0.4555160142348754,0.298932384341637,0.24199288256227758,3.9288256227758005,7,9887.455516014235,1650.04484105081,12151,288,165.95373665480426,45,67.12696920698947,0.0,0.3309608540925267,0.4483985765124555,0.2206405693950178,0.08185053380782918,281,38.0,Red Bull Racing,Max VERSTAPPEN,Monaco,Monte Carlo,Monaco
9090,1,17,2023-05-27 14:42:24.797,71.908,18.84,34.111,18.957,215.0,200.0,280.0,53.463235294117645,45.36842344980499,0.4375,0.30514705882352944,0.27205882352941174,3.889705882352941,7,9770.694852941177,1692.4778769916763,12072,288,164.13235294117646,47,66.98160884597002,0.0,0.31985294117647056,0.4411764705882353,0.23897058823529413,0.06985294117647059,272,38.0,Red Bull Racing,Max VERSTAPPEN,Monaco,Monte Carlo,Monaco
9090,16,13,2023-05-27 14:37:52.457,72.347,18.953,34.171,19.223,218.0,198.0,282.0,58.79715302491103,42.56136065067955,0.07473309608540925,0.1708185053380783,0.25622775800711745,3.921708185053381,7,9952.665480427046,1691.3639556742787,12439,289,164.56227758007117,48,67.83086002651713,0.0,0.33807829181494664,0.42704626334519574,0.23487544483985764,0.07829181494661921,281,43.0,Ferrari,Charles LECLERC,Monaco,Monte Carlo,Monaco
9090,21,16,2023-05-27 14:42:59.047,73.496,19.268,34.827,19.401,218.0,202.0,280.0,56.68613138686131,44.945184656499634,0.4306569343065693,0.32116788321167883,0.27007299270072993,3.7773722627737225,7,9864.087591240876,1930.9829908575025,13003,287,161.06569343065692,45,68.13681607761728,0.0,0.3102189781021898,0.4416058394160584,0.24817518248175183,0.07664233576642336,274,38.0,AlphaTauri,Nyck DE VRIES,Monaco,Monte Carlo,Monaco
9090,22,28,2023-05-27 15:09:55.950,72.082,18.746,34.231,19.105,224.0,204.0,279.0,56.86206896551724,45.16793597584797,0.4329501915708812,0.32950191570881227,0.23754789272030652,3.8122605363984676,7,9967.992337164751,1791.2909525993064,12982,285,164.75095785440612,49,67.81163992040283,0.0,0.3486590038314176,0.4061302681992337,0.24521072796934865,0.06896551724137931,261,38.0,AlphaTauri,Yuki TSUNODA,Monaco,Monte Carlo,Monaco
9193,16,17,2023-11-25 14:58:27.905,83.584,17.213,35.986,30.385,290.0,322.0,326.0,76.73026315789474,35.57485862610213,0.006578947368421052,0.03618421052631579,0.14144736842105263,5.743421052631579,6,10603.717105263158,1147.5759322879278,12119,328,225.36513157894737,72,66.14077571758503,0.12171052631578948,0.5197368421052632,0.33223684210526316,0.02631578947368421,0.19407894736842105,304,35.0,Ferrari,Charles LECLERC,United Arab Emirates,Yas Marina Circuit,Yas Island
9193,27,2,2023-11-25 14:06:16.273,85.054,17.44,36.794,30.82,286.0,325.0,329.0,73.80864197530865,40.228762864616556,0.5462962962962963,0.16666666666666666,0.16358024691358025,5.712962962962963,7,10519.87962962963,1238.4096041678692,12249,331,224.33024691358025,68,69.75387210487352,0.1388888888888889,0.5123456790123457,0.2993827160493827,0.04938271604938271,0.2191358024691358,324,39.0,Haas F1 Team,Nico HULKENBERG,United Arab Emirates,Yas Marina Circuit,Yas Island
7768,11,3,2023-03-04 15:15:36.342,91.479,29.218,39.397,22.864,240.0,270.0,324.0,69.36127167630057,42.57677944541331,0.5982658959537572,0.20520231213872833,0.20809248554913296,5.179190751445087,7,10553.398843930636,1259.4694293078253,12180,325,212.60982658959537,70,68.69855021548105,0.08670520231213873,0.5289017341040463,0.31213872832369943,0.07225433526011561,0.2254335260115607,346,50.0,Red Bull Racing,Sergio PEREZ,Bahrain,Sakhir,Sakhir
7768,11,14,2023-03-04 16:07:31.988,89.846,28.723,38.537,22.586,241.0,271.0,324.0,72.95987654320987,41.159527988755606,0.6388888888888888,0.17901234567901234,0.18209876543209877,5.268518518518518,7,10596.611111111111,1303.995490172452,12294,325,216.39197530864197,70,69.20045855929516,0.10493827160493827,0.5154320987654321,0.30246913580246915,0.07716049382716049,0.25,324,46.0,Red Bull Racing,Sergio PEREZ,Bahrain,Sakhir,Sakhir
9161,55,19,2023-09-16 14:26:39.952,90.984,26.717,38.499,25.768,312.0,280.0,303.0,66.64222873900293,40.759132932031996,0.093841642228739,0.1495601173020528,0.23460410557184752,5.020527859237537,7,10019.319648093842,1602.7910841058756,12226,315,191.95894428152494,66,66.47612187890216,0.0469208211143695,0.40762463343108507,0.45161290322580644,0.093841642228739,0.187683284457478,341,45.0,Ferrari,Carlos SAINZ,Singapore,Singapore,Marina Bay
9215,20,8,2023-10-06 17:16:37.480,87.046,32.216,29.278,25.552,240.0,289.0,315.0,70.52396166134186,40.10970813679699,0.5750798722044729,0.16293929712460065,0.1853035143769968,5.68370607028754,6,10542.444089456869,1048.8812099265904,12097,318,222.2332268370607,93,55.31599129039235,0.07348242811501597,0.5750798722044729,0.33865814696485624,0.012779552715654952,0.10862619808306709,313,32.0,Haas F1 Team,Kevin MAGNUSSEN,Qatar,Lusail,Lusail
9215,31,14,2023-10-06 17:31:22.105,85.628,31.731,29.016,24.881,244.0,285.0,312.0,74.4267515923567,38.89745736438483,0.5955414012738853,0.17197452229299362,0.19745222929936307,5.56687898089172,6,10461.292993630574,976.0526308358658,11980,313,227.03503184713375,90,53.332959037049,0.07006369426751592,0.6337579617834395,0.2802547770700637,0.01592356687898089,0.10828025477707007,314,33.0,Alpine,Esteban OCON,Qatar,Lusail,Lusail
9112,10,5,2023-06-30 15:16:15.390,65.702,16.555,29.27,19.877,320.0,244.0,315.0,76.11020408163266,38.94195051874112,0.6571428571428571,0.12653061224489795,0.15510204081632653,5.7306122448979595,8,10696.526530612246,906.6016374386024,12025,321,237.84081632653061,64,63.80184461581077,0.17551020408163265,0.6,0.1836734693877551,0.04081632653061224,0.35918367346938773,245,34.0,Alpine,Pierre GASLY,Austria,Spielberg,Spielberg
9112,11,15,2023-06-30 15:38:11.726,65.235,16.525,28.892,19.818,324.0,244.0,318.0,74.56410256410257,40.78013583076572,0.6752136752136753,0.15384615384615385,0.15384615384615385,5.97008547008547,7,10524.41452991453,1090.0476675614764,12178,325,235.8803418803419,66,66.1913810492311,0.18803418803418803,0.5683760683760684,0.20085470085470086,0.042735042735042736,0.32051282051282054,234,33.0,Red Bull Racing,Sergio PEREZ,Austria,Spielberg,Spielberg
9161,14,8,2023-09-16 13:56:01.266,91.835,27.095,38.628,26.112,309.0,277.0,298.0,62.458689458689456,42.130923525775174,0.011396011396011397,0.19658119658119658,0.22507122507122507,4.877492877492878,7,10096.062678062679,1261.3052656685034,11892,313,188.12535612535612,63,65.47305845766931,0.039886039886039885,0.38746438746438744,0.4757834757834758,0.09686609686609686,0.1623931623931624,351,73.0,Aston Martin,Fernando ALONSO,Singapore,Singapore,Marina Bay
9161,20,8,2023-09-16 13:16:49.901,92.242,27.064,38.972,26.206,313.0,279.0,302.0,64.3527696793003,42.19878864107692,0.39067055393586003,0.22740524781341107,0.21282798833819241,4.854227405247814,8,10291.530612244898,1224.076361935653,12096,317,192.39067055393585,65,67.32937390968007,0.05539358600583091,0.39941690962099125,0.45481049562682213,0.09037900874635568,0.19825072886297376,343,58.0,Haas F1 Team,Kevin MAGNUSSEN,Singapore,Singapore,Marina Bay
9161,20,20,2023-09-16 14:26:07.437,91.575,26.959,38.606,26.01,311.0,279.0,302.0,67.366568914956,41.28912329663583,0.39589442815249265,0.19648093841642228,0.19941348973607037,4.9178885630498534,7,10367.920821114369,1293.1219323588775,12386,315,193.80645161290323,62,66.3842474627486,0.0469208211143695,0.4222873900293255,0.44281524926686217,0.08797653958944282,0.20527859237536658,341,50.0,Haas F1 Team,Kevin MAGNUSSEN,Singapore,Singapore,Marina Bay
9207,4,16,2023-10-20 21:50:27.991,95.705,25.733,38.533,31.439,232.0,190.0,321.0,65.56509695290859,42.1010266509027,0.002770083102493075,0.22437673130193905,0.1745152354570637,5.1689750692520775,7,10213.570637119114,1415.1043939197496,12032,323,204.73407202216066,71,72.16690667616221,0.0886426592797784,0.4792243767313019,0.3268698060941828,0.10526315789473684,0.1745152354570637,361,44.0,McLaren,Lando NORRIS,United States,Austin,Austin
9207,11,8,2023-10-20 21:29:51.709,95.679,25.751,38.4,31.528,222.0,186.0,322.0,66.91232876712328,42.222565529484555,0.5698630136986301,0.16712328767123288,0.1780821917808219,5.210958904109589,7,10002.613698630137,1510.4117757186004,11929,323,203.67397260273972,71,71.4698930454098,0.08493150684931507,0.4904109589041096,0.3150684931506849,0.1095890410958904,0.17534246575342466,365,44.0,Red Bull Racing,Sergio PEREZ,United States,Austin,Austin
9207,20,8,2023-10-20 21:28:32.053,96.001,25.725,38.585,31.691,232.0,190.0,326.0,66.63736263736264,41.90334318924473,0.4945054945054945,0.20604395604395603,0.19230769230769232,5.365384615384615,7,10094.285714285714,1504.704955644765,12018,328,205.3653846153846,76,71.97720032043041,0.09615384615384616,0.45604395604395603,0.34065934065934067,0.10714285714285714,0.17582417582417584,364,43.0,Haas F1 Team,Kevin MAGNUSSEN,United States,Austin,Austin
7768,27,7,2023-03-04 15:24:46.722,91.204,29.049,39.215,22.94,241.0,270.0,318.0,69.79369627507164,41.89934388054457,0.332378223495702,0.20630372492836677,0.1977077363896848,5.489971346704871,7,10255.765042979943,1556.399472564735,12223,322,212.03151862464185,65,70.48466559601033,0.09169054441260745,0.5214899713467048,0.29512893982808025,0.09169054441260745,0.22349570200573066,349,42.0,Haas F1 Team,Nico HULKENBERG,Bahrain,Sakhir,Sakhir
7768,77,2,2023-03-04 15:14:02.421,91.952,29.286,39.606,23.06,240.0,268.0,316.0,71.16954022988506,41.55816024996158,0.6005747126436781,0.20689655172413793,0.21551724137931033,5.442528735632184,7,10143.979885057472,1566.4133510468243,12015,319,208.6206896551724,67,69.01430188484623,0.07183908045977011,0.5258620689655172,0.3074712643678161,0.09482758620689655,0.21839080459770116,348,43.0,Alfa Romeo,Valtteri BOTTAS,Bahrain,Sakhir,Sakhir
9153,23,8,2023-09-02 14:17:15.792,81.661,26.97,27.57,27.121,323.0,341.0,348.0,75.60771704180064,39.548995398484585,0.6655948553054662,0.12861736334405144,0.14469453376205788,6.543408360128617,7,10968.742765273311,1239.3004991386197,12776,349,254.54019292604502,69,73.48915319543438,0.38263665594855306,0.3954983922829582,0.17684887459807075,0.04501607717041801,0.19292604501607716,311,31.0,Williams,Alexander ALBON,Italy,Monza,Monza
9153,24,2,2023-09-02 14:03:55.316,82.39,27.051,28.024,27.315,321.0,338.0,345.0,80.21895424836602,36.74262857108421,0.7287581699346405,0.13725490196078433,0.13398692810457516,6.467320261437909,7,10790.464052287582,1245.2794223334497,12253,346,255.11111111111111,66,73.86376964589859,0.38235294117647056,0.39869281045751637,0.17320261437908496,0.0457516339869281,0.19607843137254902,306,31.0,Alfa Romeo,ZHOU Guanyu,Italy,Monza,Monza
9153,31,7,2023-09-02 14:17:40.823,82.548,27.296,27.859,27.393,320.0,337.0,346.0,77.41324921135647,38.7369767561523,0.6719242902208202,0.1640378548895899,0.167192429022082,6.195583596214511,7,10582.249211356468,1150.0701234981207,11992,347,249.81388012618297,64,72.96218933499189,0.3438485804416404,0.42586750788643535,0.1829652996845426,0.0473186119873817,0.19558359621451105,317,32.0,Alpine,Esteban OCON,Italy,Monza,Monza
9169,27,2,2023-09-23 06:05:50.866,91.736,32.069,41.276,18.391,281.0,307.0,307.0,71.61290322580645,39.58969352012059,0.5865102639296188,0.11436950146627566,0.1495601173020528,5.829912023460411,7,10502.513196480939,1297.4751354192583,12128,333,227.5601173020528,70,66.78785592313714,0.16129032258064516,0.5454545454545454,0.21994134897360704,0.07331378299120235,0.08797653958944282,341,32.0,Haas F1 Team,Nico HULKENBERG,Japan,Suzuka,Suzuka
9169,40,15,2023-09-23 06:52:37.226,90.508,31.481,40.98,18.047,279.0,302.0,300.0,75.62647058823529,37.76942785801562,0.5941176470588235,0.14705882352941177,0.12941176470588237,5.735294117647059,7,10527.264705882353,1303.9347376040685,12403,329,228.70294117647057,71,64.87144075887497,0.15294117647058825,0.5588235294117647,0.2235294117647059,0.06470588235294118,0.10588235294117647,340,29.0,AlphaTauri,Liam LAWSON,Japan,Suzuka,Suzuka
9215,63,20,2023-10-06 17:59:13.716,84.219,31.0,28.459,24.76,247.0,285.0,313.0,76.58359621451105,37.420085088612154,0.6435331230283912,0.13564668769716087,0.12933753943217666,5.8107255520504735,6,10976.154574132492,928.3881694204387,12263,315,230.4794952681388,92,52.32012938616403,0.08201892744479496,0.6435331230283912,0.2618296529968454,0.012618296529968454,0.1167192429022082,317,36.0,Mercedes,George RUSSELL,Qatar,Lusail,Lusail
9215,81,14,2023-10-06 17:35:27.319,84.724,31.392,28.603,24.729,246.0,289.0,312.0,71.87619047619047,39.20069914512736,0.0,0.14603174603174604,0.1365079365079365,5.647619047619048,6,10813.952380952382,921.9398689334492,12361,314,228.24126984126985,97,52.629992644602396,0.06984126984126984,0.6317460317460317,0.28888888888888886,0.009523809523809525,0.1111111111111111,315,33.0,McLaren,Oscar PIASTRI,Qatar,Lusail,Lusail
9074,27,9,2023-05-06 20:16:50.730,87.945,29.487,33.564,24.894,225.0,193.0,338.0,68.00611620795107,41.06399269700382,0.5565749235474006,0.1712538226299694,0.17737003058103976,5.492354740061162,7,10299.455657492355,1628.097117574595,12297,342,217.25076452599387,66,84.31262008652931,0.21100917431192662,0.382262996941896,0.29357798165137616,0.11314984709480122,0.20489296636085627,327,36.0,Haas F1 Team,Nico HULKENBERG,United States,Miami,Miami
9177,81,17,2023-10-28 21:57:29.320,77.623,27.518,29.979,20.126,312.0,293.0,346.0,58.07849829351536,43.05257993236926,0.0,0.25597269624573377,0.20136518771331058,4.870307167235495,7,10015.01023890785,1631.929936727664,12209,346,195.53242320819112,62,84.1709558060245,0.16723549488054607,0.29692832764505117,0.40955631399317405,0.12627986348122866,0.26621160409556316,293,33.0,McLaren,Oscar PIASTRI,Mexico,Mexico City,Mexico City
9129,22,8,2023-07-22 14:16:52.227,79.022,28.453,28.186,22.383,280.0,246.0,297.0,66.36148648648648,43.46470693527462,0.5371621621621622,0.2635135135135135,0.16554054054054054,4.858108108108108,6,10388.192567567568,1269.3339639135836,12647,308,198.7533783783784,89,58.40678497332952,0.02702702702702703,0.47297297297297297,0.47297297297297297,0.02702702702702703,0.16554054054054054,296,31.0,AlphaTauri,Yuki TSUNODA,Hungary,Hungaroring,Budapest
9129,27,4,2023-07-22 14:06:30.047,79.55,28.553,28.426,22.571,281.0,245.0,306.0,64.07590759075907,42.72316764233904,0.5214521452145214,0.2145214521452145,0.20462046204620463,5.0561056105610565,6,10254.369636963696,1319.6837326825016,12348,320,197.45544554455446,88,61.0853042806189,0.04950495049504951,0.43564356435643564,0.4884488448844885,0.026402640264026403,0.1551155115511551,303,39.0,Haas F1 Team,Nico HULKENBERG,Hungary,Hungaroring,Budapest
9169,4,11,2023-09-23 07:12:25.291,89.622,30.916,40.655,18.051,280.0,307.0,301.0,74.7299703264095,38.05339400808858,0.5489614243323442,0.13353115727002968,0.10682492581602374,5.890207715133531,6,10603.830860534124,1329.30126355273,12415,331,232.97032640949556,68,63.4135543772953,0.1661721068249258,0.5727002967359051,0.20474777448071216,0.05637982195845697,0.10385756676557864,337,33.0,McLaren,Lando NORRIS,Japan,Suzuka,Suzuka
9169,10,11,2023-09-23 06:53:28.553,90.509,31.424,40.99,18.095,283.0,304.0,306.0,75.98192771084338,37.90311594163984,0.6265060240963856,0.14457831325301204,0.11746987951807229,5.683734939759036,7,10442.918674698794,1137.8540899087661,11908,331,231.460843373494,73,64.76815475201865,0.1686746987951807,0.5451807228915663,0.22289156626506024,0.06325301204819277,0.09036144578313253,332,34.0,Alpine,Pierre GASLY,Japan,Suzuka,Suzuka
9169,11,14,2023-09-23 07:04:17.687,90.423,31.508,40.724,18.191,282.0,305.0,305.0,72.68656716417911,39.675181519427454,0.608955223880597,0.11343283582089553,0.14626865671641792,5.946268656716418,6,10289.116417910447,1381.7720944992464,11936,332,230.72537313432835,72,65.54247912495667,0.1582089552238806,0.5492537313432836,0.22686567164179106,0.06567164179104477,0.09850746268656717,335,29.0,Red Bull Racing,Sergio PEREZ,Japan,Suzuka,Suzuka
9314,55,7,2023-11-18 08:12:26.072,93.851,26.56,31.248,36.043,187.0,214.0,340.0,74.40226628895184,38.82188633342932,0.32577903682719545,0.1643059490084986,0.1643059490084986,5.960339943342777,6,10521.2776203966,1425.8325626003882,12346,347,232.5014164305949,89,84.72449081923678,0.32577903682719545,0.31728045325779036,0.3031161473087819,0.053824362606232294,0.16997167138810199,353,39.0,Ferrari,Carlos SAINZ,United States,Las Vegas,Las Vegas
9112,27,12,2023-06-30 15:33:39.574,65.362,16.467,29.067,19.828,323.0,244.0,316.0,76.1497975708502,39.14448208370028,0.6842105263157895,0.13360323886639677,0.1417004048582996,6.076923076923077,7,10764.307692307691,1056.3536620905581,12162,324,239.7327935222672,65,63.647094990275065,0.1902834008097166,0.5789473684210527,0.1862348178137652,0.044534412955465584,0.3522267206477733,247,31.0,Haas F1 Team,Nico HULKENBERG,Austria,Spielberg,Spielberg
9207,44,14,2023-10-20 21:51:46.647,94.885,25.455,38.055,31.375,234.0,191.0,317.0,68.10057471264368,41.607036366137365,0.5574712643678161,0.16666666666666666,0.20114942528735633,5.442528735632184,7,10166.25,1558.2960779089815,12332,319,205.58620689655172,73,71.05395145025241,0.09195402298850575,0.48563218390804597,0.32471264367816094,0.09770114942528736,0.1781609195402299,348,44.0,Mercedes,Lewis HAMILTON,United States,Austin,Austin
9207,55,5,2023-10-20 21:11:12.612,95.824,25.751,38.32,31.753,236.0,189.0,324.0,67.79213483146067,40.26379976812528,0.11235955056179775,0.13764044943820225,0.2303370786516854,5.393258426966292,6,10075.780898876405,1567.5827438772485,12246,326,205.20505617977528,76,71.2683884034895,0.09831460674157304,0.4691011235955056,0.32865168539325845,0.10393258426966293,0.17415730337078653,356,42.0,Ferrari,Carlos SAINZ,United States,Austin,Austin
9207,63,17,2023-10-20 21:59:57.063,95.079,25.638,38.128,31.313,230.0,191.0,317.0,70.10724637681159,40.874561084481456,0.5855072463768116,0.19130434782608696,0.1826086956521739,5.3652173913043475,6,10249.16811594203,1616.9892046435994,12044,319,205.8695652173913,73,69.91891338499424,0.08405797101449275,0.4956521739130435,0.32463768115942027,0.09565217391304348,0.1826086956521739,345,47.0,Mercedes,George RUSSELL,United States,Austin,Austin
9207,81,2,2023-10-20 21:03:21.305,96.831,26.068,38.93,31.833,234.0,185.0,319.0,64.64480874316939,42.16620165509473,0.0,0.22404371584699453,0.17759562841530055,5.240437158469946,7,10087.005464480875,1426.1718411601053,11939,321,203.96448087431693,74,71.33280169703801,0.09016393442622951,0.4644808743169399,0.34153005464480873,0.10382513661202186,0.17759562841530055,366,44.0,McLaren,Oscar PIASTRI,United States,Austin,Austin
9112,23,8,2023-06-30 15:22:29.867,65.673,16.441,29.424,19.808,324.0,245.0,316.0,73.97540983606558,40.179527804142396,0.6352459016393442,0.15163934426229508,0.1885245901639344,6.282786885245901,7,10658.565573770491,1090.5589987885853,12067,325,236.6844262295082,68,65.15504461485757,0.19262295081967212,0.5614754098360656,0.20491803278688525,0.040983606557377046,0.3360655737704918,244,33.0,Williams,Alexander ALBON,Austria,Spielberg,Spielberg
9193,2,2,2023-11-25 14:05:32.258,84.722,17.243,36.216,31.263,293.0,323.0,329.0,73.57317073170732,39.82700526433669,0.649390243902439,0.15548780487804878,0.1402439024390244,5.8567073170731705,7,10465.003048780487,1254.2158521005872,12155,332,223.27743902439025,68,70.5406762965992,0.1402439024390244,0.47865853658536583,0.3445121951219512,0.036585365853658534,0.2073170731707317,328,47.0,Williams,Logan SARGEANT,United Arab Emirates,Yas Marina Circuit,Yas Island
9193,4,12,2023-11-25 14:50:24.976,83.816,17.148,36.256,30.412,292.0,318.0,323.0,71.8301282051282,40.30694118112918,0.0641025641025641,0.16025641025641027,0.13782051282051283,5.746794871794871,7,10356.695512820514,1210.2991287051434,11850,325,222.7051282051282,67,69.2470035289088,0.1282051282051282,0.4967948717948718,0.33974358974358976,0.035256410256410256,0.20833333333333334,312,37.0,McLaren,Lando NORRIS,United Arab Emirates,Yas Marina Circuit,Yas Island
9064,1,2,2023-04-28 13:03:30.628,101.887,36.047,41.049,24.791,220.0,242.0,318.0,66.6171875,43.78861895851174,0.5885416666666666,0.2421875,0.20052083333333334,5.231770833333333,7,10179.067708333334,1439.5929910005173,12166,339,209.2890625,72,81.69511098855375,0.20052083333333334,0.3203125,0.4166666666666667,0.0625,0.15364583333333334,384,49.0,Red Bull Racing,Max VERSTAPPEN,Azerbaijan,Baku,Baku
9064,11,12,2023-04-28 13:54:48.468,101.131,35.49,40.747,24.894,226.0,240.0,318.0,70.97662337662338,41.8576702203677,0.6363636363636364,0.15324675324675324,0.18181818181818182,5.290909090909091,6,10323.979220779222,1507.0014410467893,12155,339,212.85974025974025,76,79.78040215266337,0.19220779220779222,0.34545454545454546,0.4103896103896104,0.05194805194805195,0.15064935064935064,385,49.0,Red Bull Racing,Sergio PEREZ,Azerbaijan,Baku,Baku
9314,20,4,2023-11-18 08:05:30.408,95.073,26.954,31.6,36.519,187.0,213.0,341.0,72.93239436619719,40.32790658260805,0.6,0.17183098591549295,0.17183098591549295,5.954929577464789,6,10459.949295774648,1407.1549020366515,12325,347,233.0957746478873,87,84.25433556317454,0.323943661971831,0.3323943661971831,0.27887323943661974,0.0647887323943662,0.16338028169014085,355,40.0,Haas F1 Team,Kevin MAGNUSSEN,United States,Las Vegas,Las Vegas
9314,24,7,2023-11-18 08:13:14.071,94.849,27.161,31.568,36.12,185.0,217.0,324.0,72.36647727272727,41.12338894156667,0.6448863636363636,0.1903409090909091,0.16761363636363635,5.948863636363637,6,10487.579545454546,1415.6028824214857,12496,352,234.17329545454547,91,84.75532791289204,0.32386363636363635,0.32954545454545453,0.2869318181818182,0.05965909090909091,0.16761363636363635,352,41.0,Alfa Romeo,ZHOU Guanyu,United States,Las Vegas,Las Vegas
9090,44,15,2023-05-27 14:37:46.988,72.815,18.997,34.465,19.353,213.0,200.0,279.0,55.63345195729537,44.33811829693344,0.40569395017793597,0.26334519572953735,0.2846975088967972,4.01779359430605,7,9765.743772241993,1761.4107024440066,13103,289,161.98220640569394,48,67.48997044619797,0.0,0.3309608540925267,0.42704626334519574,0.24199288256227758,0.0711743772241993,281,39.0,Mercedes,Lewis HAMILTON,Monaco,Monte Carlo,Monaco
9090,63,14,2023-05-27 14:37:36.566,72.809,18.994,34.524,19.291,217.0,203.0,280.0,54.024647887323944,44.01978464060118,0.397887323943662,0.29577464788732394,0.2711267605633803,4.0,7,9673.095070422536,1783.7956181087836,12058,288,161.59859154929578,43,68.070069891035,0.0,0.3204225352112676,0.4295774647887324,0.25,0.07394366197183098,284,45.0,Mercedes,George RUSSELL,Monaco,Monte Carlo,Monaco
9169,16,13,2023-09-23 07:12:05.572,89.542,31.24,40.363,17.939,281.0,303.0,302.0,78.09939759036145,34.01757675580247,0.2620481927710843,0.015060240963855422,0.1536144578313253,6.018072289156627,6,10438.2078313253,1290.6134360325668,12095,330,231.71987951807228,74,64.47142622887631,0.15060240963855423,0.5753012048192772,0.21084337349397592,0.06325301204819277,0.09337349397590361,332,26.0,Ferrari,Charles LECLERC,Japan,Suzuka,Suzuka
9169,22,17,2023-09-23 07:12:34.619,90.303,31.441,40.736,18.126,280.0,302.0,301.0,75.2814371257485,38.83512329750056,0.6347305389221557,0.1467065868263473,0.12275449101796407,5.772455089820359,7,10601.712574850299,1274.6452941298626,12533,328,231.3682634730539,71,63.424346733229996,0.1497005988023952,0.5808383233532934,0.20958083832335328,0.059880239520958084,0.09281437125748503,334,26.0,AlphaTauri,Yuki TSUNODA,Japan,Suzuka,Suzuka
9215,10,12,2023-10-06 17:28:40.092,85.218,31.543,28.77,24.905,241.0,286.0,313.0,74.00625,38.48673538948761,0.59375,0.1625,0.13125,5.553125,6,10566.71875,897.7111450577038,12071,314,229.053125,95,51.640489110731835,0.071875,0.628125,0.2875,0.0125,0.109375,320,32.0,Alpine,Pierre GASLY,Qatar,Lusail,Lusail
9215,14,7,2023-10-06 17:14:12.123,85.223,31.275,28.999,24.949,244.0,289.0,322.0,72.46951219512195,38.184234507175,0.18292682926829268,0.12804878048780488,0.13414634146341464,5.935975609756097,6,10671.213414634147,928.2294498137054,11960,323,227.96036585365854,90,55.683204105345894,0.08841463414634146,0.5975609756097561,0.29573170731707316,0.018292682926829267,0.11280487804878049,328,39.0,Aston Martin,Fernando ALONSO,Qatar,Lusail,Lusail
9215,16,7,2023-10-06 17:12:19.828,85.452,31.486,28.904,25.062,246.0,289.0,315.0,73.72865853658537,37.64841580828964,0.4024390243902439,0.07621951219512195,0.15853658536585366,5.7439024390243905,6,10650.628048780487,991.2723214927622,12113,317,226.02439024390245,93,53.37742266531411,0.07317073170731707,0.6189024390243902,0.29573170731707316,0.012195121951219513,0.10365853658536585,328,35.0,Ferrari,Charles LECLERC,Qatar,Lusail,Lusail
9074,63,5,2023-05-06 20:09:10.488,88.733,29.649,33.75,25.334,222.0,192.0,332.0,68.11585365853658,41.997436850614264,0.5701219512195121,0.21036585365853658,0.18597560975609756,5.725609756097561,7,10145.835365853658,1685.5354770435245,12199,333,215.66158536585365,67,82.86261124556152,0.1951219512195122,0.4054878048780488,0.28353658536585363,0.11585365853658537,0.21341463414634146,328,34.0,Mercedes,George RUSSELL,United States,Miami,Miami
9074,81,5,2023-05-06 20:09:17.472,89.163,30.057,33.769,25.337,218.0,192.0,334.0,66.23636363636363,41.07135031288723,0.0,0.20303030303030303,0.18181818181818182,5.466666666666667,7,10291.124242424243,1411.671735163798,11950,335,216.43030303030304,64,82.69247414089841,0.20303030303030303,0.38484848484848483,0.31212121212121213,0.1,0.22121212121212122,330,34.0,McLaren,Oscar PIASTRI,United States,Miami,Miami
9153,1,2,2023-09-02 14:03:03.989,82.047,27.167,27.831,27.049,321.0,335.0,339.0,76.8044164037855,39.86535383174038,0.7097791798107256,0.14511041009463724,0.12933753943217666,6.305993690851735,7,10713.73501577287,1186.9211283839354,12114,341,251.95268138801262,66,73.844180161586,0.36908517350157727,0.4037854889589905,0.17665615141955837,0.050473186119873815,0.19873817034700317,317,30.0,Red Bull Racing,Max VERSTAPPEN,Italy,Monza,Monza
9153,11,11,2023-09-02 14:28:37.690,81.413,26.932,27.571,26.91,321.0,336.0,344.0,78.82051282051282,38.71239275465716,0.7435897435897436,0.1346153846153846,0.1282051282051282,6.336538461538462,7,10775.84935897436,1102.2208185573907,12186,345,254.79166666666666,70,71.8106983210355,0.375,0.4230769230769231,0.15705128205128205,0.04487179487179487,0.1955128205128205,312,32.0,Red Bull Racing,Sergio PEREZ,Italy,Monza,Monza
9153,11,20,2023-09-02 14:59:28.576,80.688,26.904,27.171,26.613,319.0,333.0,344.0,81.40983606557377,36.47168018566107,0.7672131147540984,0.11475409836065574,0.12131147540983607,6.3475409836065575,7,10837.563934426229,1102.5659351975999,12111,344,255.87213114754098,66,71.58506195968693,0.36721311475409835,0.43278688524590164,0.1540983606557377,0.04590163934426229,0.18688524590163935,305,31.0,Red Bull Racing,Sergio PEREZ,Italy,Monza,Monza
7775,14,14,2023-03-18 17:49:48.933,88.925,32.116,28.251,28.558,290.0,317.0,324.0,82.61309523809524,34.25696148365168,0.31547619047619047,0.10416666666666667,0.08630952380952381,6.443452380952381,6,10804.267857142857,997.595003358049,12153,325,246.5654761904762,87,60.35463749568256,0.2113095238095238,0.5714285714285714,0.20238095238095238,0.01488095238095238,0.24702380952380953,336,40.0,Aston Martin,Fernando ALONSO,Saudi Arabia,Jeddah,Jeddah
9129,31,15,2023-07-22 14:39:07.009,77.841,28.036,27.72,22.085,284.0,253.0,305.0,66.06040268456375,42.58265532487886,0.5234899328859061,0.22818791946308725,0.2751677852348993,4.885906040268456,6,10167.238255033557,1197.492801808628,11769,316,200.7214765100671,91,59.866852335720665,0.04697986577181208,0.4463087248322148,0.4865771812080537,0.020134228187919462,0.18120805369127516,298,39.0,Alpine,Esteban OCON,Hungary,Hungaroring,Budapest
9129,77,13,2023-07-22 14:38:52.634,77.563,28.135,27.5,21.928,282.0,253.0,305.0,66.53103448275863,42.184313844914925,0.5275862068965518,0.19310344827586207,0.21379310344827587,5.151724137931034,6,10358.54827586207,1240.7473830702336,12335,315,201.9344827586207,97,59.26574236934579,0.041379310344827586,0.4689655172413793,0.4793103448275862,0.010344827586206896,0.15862068965517243,290,39.0,Alfa Romeo,Valtteri BOTTAS,Hungary,Hungaroring,Budapest
9129,81,4,2023-07-22 14:06:14.875,78.991,28.511,28.003,22.477,281.0,252.0,303.0,63.055016181229774,42.67089646294108,0.1262135922330097,0.23300970873786409,0.1779935275080906,4.996763754045308,6,10315.00647249191,1205.7672773925729,12439,314,198.5598705501618,87,59.964008209113814,0.042071197411003236,0.42718446601941745,0.49838187702265374,0.032362459546925564,0.16828478964401294,309,37.0,McLaren,Oscar PIASTRI,Hungary,Hungaroring,Budapest
9074,1,5,2023-05-06 20:09:49.112,87.363,29.281,33.176,24.906,224.0,193.0,340.0,68.49074074074075,41.68030220642917,0.5648148148148148,0.2006172839506173,0.16666666666666666,5.558641975308642,7,10168.447530864198,1558.1735260158118,12038,341,219.85802469135803,68,84.20058369475888,0.22530864197530864,0.3734567901234568,0.3148148148148148,0.08641975308641975,0.2345679012345679,324,34.0,Red Bull Racing,Max VERSTAPPEN,United States,Miami,Miami
9074,4,2,2023-05-06 20:02:31.620,89.632,30.073,34.092,25.467,219.0,192.0,336.0,68.05637982195846,40.7801863356409,0.026706231454005934,0.18991097922848665,0.1572700296735905,5.41246290801187,7,10402.765578635015,1400.4728097026398,12071,337,217.35608308605342,63,81.86772995766802,0.20178041543026706,0.40059347181008903,0.29673590504451036,0.10089020771513353,0.228486646884273,337,35.0,McLaren,Lando NORRIS,United States,Miami,Miami
9074,10,14,2023-05-06 20:39:14.659,87.612,29.325,33.305,24.982,222.0,192.0,333.0,69.92378048780488,41.32451917879254,0.5762195121951219,0.19817073170731708,0.1524390243902439,5.198170731707317,7,10377.585365853658,1368.8138725797742,12790,334,216.7469512195122,69,81.7785103882353,0.21341463414634146,0.3719512195121951,0.3353658536585366,0.07926829268292683,0.2225609756097561,328,34.0,Alpine,Pierre GASLY,United States,Miami,Miami
9074,14,2,2023-05-06 20:06:22.132,88.606,29.856,33.708,25.042,217.0,193.0,333.0,67.29325513196481,41.59951479096287,0.21114369501466276,0.1906158357771261,0.1906158357771261,5.636363636363637,7,10188.41935483871,1608.583250448757,12563,333,215.29618768328444,67,82.2836036315861,0.19648093841642228,0.39882697947214074,0.2844574780058651,0.12023460410557185,0.20527859237536658,341,44.0,Aston Martin,Fernando ALONSO,United States,Miami,Miami
7775,31,16,2023-03-18 17:39:03.488,89.255,32.262,28.357,28.636,289.0,320.0,326.0,82.06508875739645,35.94657130062657,0.7337278106508875,0.13313609467455623,0.13313609467455623,6.124260355029586,6,10618.940828402367,979.8597259514979,12309,329,249.31360946745562,88,59.76195998886356,0.22485207100591717,0.5828402366863905,0.17455621301775148,0.01775147928994083,0.26627218934911245,338,34.0,Alpine,Esteban OCON,Saudi Arabia,Jeddah,Jeddah
7775,55,16,2023-03-18 17:39:09.597,88.957,32.321,28.247,28.389,289.0,326.0,331.0,79.32432432432432,35.44981914804978,0.1921921921921922,0.08408408408408409,0.14714714714714713,6.33933933933934,6,10750.0990990991,933.299174211316,12068,332,246.02402402402402,93,61.48096501895585,0.21021021021021022,0.5615615615615616,0.21921921921921922,0.009009009009009009,0.24624624624624625,333,33.0,Ferrari,Carlos SAINZ,Saudi Arabia,Jeddah,Jeddah
7775,55,23,2023-03-18 17:59:35.489,88.931,32.552,28.125,28.254,290.0,323.0,329.0,82.20245398773007,33.36910768668483,0.15030674846625766,0.046012269938650305,0.12883435582822086,6.414110429447852,6,10774.435582822085,948.7602082511357,11867,330,250.04294478527606,87,60.11003752793078,0.21779141104294478,0.588957055214724,0.17484662576687116,0.018404907975460124,0.26380368098159507,326,39.0,Ferrari,Carlos SAINZ,Saudi Arabia,Jeddah,Jeddah
9161,1,13,2023-09-16 14:06:23.646,92.173,27.255,38.896,26.022,310.0,277.0,302.0,65.28491620111731,42.69555236801331,0.5279329608938548,0.19832402234636873,0.20949720670391062,4.810055865921788,7,10049.698324022347,1541.709031519351,12352,311,191.12569832402235,69,66.77646442041815,0.04189944134078212,0.40782122905027934,0.4581005586592179,0.09217877094972067,0.1787709497206704,358,50.0,Red Bull Racing,Max VERSTAPPEN,Singapore,Singapore,Marina Bay
9161,2,5,2023-09-16 13:08:07.910,93.571,27.245,39.711,26.615,312.0,279.0,301.0,63.11363636363637,42.63525334467744,0.5028409090909091,0.23295454545454544,0.21306818181818182,4.911931818181818,7,9892.28125,1617.1306367055356,12698,315,185.4659090909091,63,67.82887784164404,0.05397727272727273,0.35795454545454547,0.48863636363636365,0.09943181818181818,0.1846590909090909,352,55.0,Williams,Logan SARGEANT,Singapore,Singapore,Marina Bay
9177,10,11,2023-10-28 21:29:11.526,79.363,28.074,30.737,20.552,310.0,292.0,340.0,59.63175675675676,44.286695461159056,0.46959459459459457,0.2905405405405405,0.17905405405405406,4.52027027027027,7,9903.628378378378,1563.6701970550062,11949,341,189.77702702702703,66,82.52176464391091,0.14189189189189189,0.28716216216216217,0.40878378378378377,0.16216216216216217,0.24662162162162163,296,37.0,Alpine,Pierre GASLY,Mexico,Mexico City,Mexico City
9153,77,13,2023-09-02 14:39:43.230,81.94,27.06,27.733,27.147,324.0,340.0,349.0,79.82352941176471,36.530897346561765,0.7091503267973857,0.03594771241830065,0.13071895424836602,6.415032679738562,7,10777.470588235294,1285.0391513271452,12409,350,253.6764705882353,72,75.50822277637496,0.3888888888888889,0.3758169934640523,0.18627450980392157,0.049019607843137254,0.19934640522875818,306,28.0,Alfa Romeo,Valtteri BOTTAS,Italy,Monza,Monza
9153,81,7,2023-09-02 14:14:07.075,82.235,27.481,27.64,27.114,318.0,330.0,333.0,78.46302250803859,37.17132630431785,0.12218649517684887,0.13183279742765272,0.1157556270096463,6.363344051446945,7,10699.501607717042,1124.3928565964616,11844,335,251.2315112540193,71,71.93709911891234,0.35691318327974275,0.4437299035369775,0.14790996784565916,0.05144694533762058,0.19935691318327975,311,33.0,McLaren,Oscar PIASTRI,Italy,Monza,Monza
9153,81,23,2023-09-02 14:59:16.826,80.785,26.925,27.179,26.681,320.0,334.0,340.0,77.55,38.04926616267907,0.12333333333333334,0.12666666666666668,0.10333333333333333,6.42,7,10840.856666666667,1049.059701341548,12204,342,255.71,71,70.33455099412485,0.37,0.4533333333333333,0.13333333333333333,0.043333333333333335,0.19666666666666666,300,33.0,McLaren,Oscar PIASTRI,Italy,Monza,Monza
9064,44,13,2023-04-28 13:54:28.234,102.173,36.147,41.162,24.864,217.0,241.0,315.0,70.83160621761658,41.245229693605786,0.6088082901554405,0.16062176165803108,0.17616580310880828,5.484455958549223,7,10207.699481865286,1595.0011204978325,12218,333,208.78238341968913,77,80.94801474679544,0.20466321243523317,0.32642487046632124,0.38860103626943004,0.08031088082901554,0.15284974093264247,386,54.0,Mercedes,Lewis HAMILTON,Azerbaijan,Baku,Baku
9064,81,10,2023-04-28 13:44:08.022,102.455,35.869,41.521,25.065,221.0,236.0,314.0,67.09487179487179,42.66885373468993,0.0,0.2153846153846154,0.2,5.2384615384615385,7,10375.553846153845,1232.0263184194675,11979,332,208.7846153846154,71,80.75027211415322,0.2,0.32051282051282054,0.3923076923076923,0.08717948717948718,0.15384615384615385,390,56.0,McLaren,Oscar PIASTRI,Azerbaijan,Baku,Baku
9064,81,18,2023-04-28 14:05:50.757,101.636,35.636,41.075,24.925,214.0,237.0,317.0,68.249343832021,42.09735934761222,0.0,0.2020997375328084,0.1837270341207349,5.278215223097113,7,10379.422572178477,1198.7521987970365,12096,332,210.85301837270342,76,80.8227067011309,0.2178477690288714,0.31758530183727035,0.3963254593175853,0.06824146981627296,0.14960629921259844,381,60.0,McLaren,Oscar PIASTRI,Azerbaijan,Baku,Baku
9193,81,16,2023-11-25 14:58:05.515,83.782,17.101,36.093,30.588,292.0,321.0,324.0,72.6084142394822,40.68494800175823,0.016181229773462782,0.18122977346278318,0.15857605177993528,5.831715210355987,7,10406.805825242718,1160.329048647316,11790,326,227.36569579288025,68,68.96525749592027,0.1488673139158576,0.5048543689320388,0.3106796116504854,0.03559870550161812,0.22006472491909385,309,39.0,McLaren,Oscar PIASTRI,United Arab Emirates,Yas Marina Circuit,Yas Island
9090,4,2,2023-05-27 14:02:21.496,74.215,19.637,35.01,19.568,207.0,197.0,282.0,50.395017793594306,44.479094327917984,0.021352313167259787,0.3309608540925267,0.24555160142348753,3.921708185053381,7,9644.804270462633,1664.534422502577,12059,289,161.5693950177936,44,67.64436669600889,0.0,0.3167259786476868,0.42704626334519574,0.25622775800711745,0.06761565836298933,281,38.0,McLaren,Lando NORRIS,Monaco,Monte Carlo,Monaco
9090,10,2,2023-05-27 14:02:01.872,75.881,20.03,35.533,20.318,207.0,192.0,283.0,51.90845070422535,44.09488723510599,0.35563380281690143,0.33098591549295775,0.24647887323943662,3.51056338028169,7,9609.802816901409,1757.8943464894578,12047,289,153.50352112676057,47,66.02379366799549,0.0,0.2746478873239437,0.45422535211267606,0.2711267605633803,0.07042253521126761,284,41.0,Alpine,Pierre GASLY,Monaco,Monte Carlo,Monaco
9090,10,24,2023-05-27 15:06:51.437,71.933,18.841,34.003,19.089,221.0,203.0,280.0,55.12,45.436288914973716,0.4254545454545455,0.34545454545454546,0.23636363636363636,3.730909090909091,7,9767.767272727273,1668.2777485689464,12184,288,162.48727272727274,44,68.61499233543476,0.0,0.3418181818181818,0.4,0.2581818181818182,0.06545454545454546,275,38.0,Alpine,Pierre GASLY,Monaco,Monte Carlo,Monaco
9090,16,18,2023-05-27 14:46:32.919,72.103,18.883,34.153,19.067,220.0,201.0,281.0,59.71582733812949,42.81917947908971,0.01079136690647482,0.18705035971223022,0.26618705035971224,3.946043165467626,7,9962.345323741007,1702.7813654477081,12298,287,165.31294964028777,45,68.36997919795024,0.0,0.3489208633093525,0.4064748201438849,0.2446043165467626,0.08633093525179857,278,42.0,Ferrari,Charles LECLERC,Monaco,Monte Carlo,Monaco
9090,18,2,2023-05-27 14:03:48.261,73.927,19.423,34.9,19.604,215.0,198.0,279.0,53.303886925795055,43.449157771806895,0.0176678445229682,0.2862190812720848,0.2508833922261484,4.134275618374558,8,9526.904593639576,1738.6372062155413,11924,286,162.86925795053003,44,68.88262610582328,0.0,0.3392226148409894,0.4098939929328622,0.2508833922261484,0.07773851590106007,283,52.0,Aston Martin,Lance STROLL,Monaco,Monte Carlo,Monaco
9090,20,6,2023-05-27 14:24:33.809,73.27,19.14,34.574,19.556,216.0,201.0,280.0,54.01449275362319,44.468740482561465,0.39855072463768115,0.31521739130434784,0.2717391304347826,3.9528985507246377,7,9837.057971014492,1589.5454319595603,12287,288,163.0253623188406,45,67.64245096531853,0.0,0.322463768115942,0.42391304347826086,0.2536231884057971,0.07608695652173914,276,43.0,Haas F1 Team,Kevin MAGNUSSEN,Monaco,Monte Carlo,Monaco
9090,21,4,2023-05-27 14:04:47.323,74.453,19.467,35.161,19.825,215.0,197.0,280.0,55.64727272727273,44.671991317023995,0.4072727272727273,0.33090909090909093,0.26545454545454544,3.770909090909091,7,9759.294545454546,1898.2046292184082,12655,286,158.51272727272726,43,67.63698469579506,0.0,0.31272727272727274,0.43636363636363634,0.2509090909090909,0.07636363636363637,275,37.0,AlphaTauri,Nyck DE VRIES,Monaco,Monte Carlo,Monaco
9090,22,2,2023-05-27 14:01:56.465,75.054,19.753,35.437,19.864,212.0,198.0,281.0,54.128571428571426,45.01817121882398,0.4,0.3357142857142857,0.24642857142857144,3.7,7,9651.260714285714,1889.6191495512383,12565,287,158.27142857142857,44,68.53414949277033,0.0,0.30357142857142855,0.41785714285714287,0.2785714285714286,0.07857142857142857,280,38.0,AlphaTauri,Yuki TSUNODA,Monaco,Monte Carlo,Monaco
9193,18,8,2023-11-25 14:28:40.046,84.817,17.363,36.506,30.948,288.0,316.0,324.0,74.43086816720258,38.74624908653884,0.028938906752411574,0.13183279742765272,0.1382636655948553,5.864951768488746,7,10454.649517684888,1281.814093507434,11973,325,222.5048231511254,64,69.5885081068213,0.1414790996784566,0.4919614147909968,0.3183279742765273,0.04823151125401929,0.21864951768488747,311,40.0,Aston Martin,Lance STROLL,United Arab Emirates,Yas Marina Circuit,Yas Island
7768,2,2,2023-03-04 15:15:47.998,92.673,29.94,39.58,23.153,239.0,271.0,322.0,66.90704225352113,42.73304112012056,0.5661971830985916,0.23380281690140844,0.22253521126760564,5.588732394366197,6,10119.321126760564,1640.1343556233144,12294,324,209.30422535211267,70,70.08806292099153,0.09295774647887324,0.49295774647887325,0.323943661971831,0.09014084507042254,0.22253521126760564,355,48.0,Williams,Logan SARGEANT,Bahrain,Sakhir,Sakhir
7768,4,6,2023-03-04 15:24:10.020,91.652,29.304,39.257,23.091,241.0,269.0,318.0,69.0056338028169,42.064585421725965,0.5549295774647888,0.22535211267605634,0.19436619718309858,5.20281690140845,7,10443.52957746479,1276.9605602475704,12278,320,209.20281690140845,67,69.36551425826697,0.07042253521126761,0.5211267605633803,0.3154929577464789,0.09295774647887324,0.22253521126760564,355,48.0,McLaren,Lando NORRIS,Bahrain,Sakhir,Sakhir
9161,44,15,2023-09-16 14:27:33.826,91.485,26.924,38.599,25.962,309.0,277.0,300.0,67.25,41.408879908504744,0.5261627906976745,0.18313953488372092,0.20930232558139536,5.0,7,10227.043604651162,1481.9908428028164,12430,313,192.12209302325581,64,66.52216080241396,0.05232558139534884,0.4069767441860465,0.4476744186046512,0.09302325581395349,0.19186046511627908,344,52.0,Mercedes,Lewis HAMILTON,Singapore,Singapore,Marina Bay
9161,77,8,2023-09-16 13:16:11.261,92.809,27.239,39.211,26.359,308.0,277.0,296.0,65.11904761904762,42.729109868274094,0.5059523809523809,0.2261904761904762,0.20535714285714285,4.9226190476190474,7,9955.541666666666,1618.246596171269,12042,312,188.27678571428572,67,66.6428498012917,0.03273809523809524,0.40476190476190477,0.46130952380952384,0.10119047619047619,0.1875,336,47.0,Alfa Romeo,Valtteri BOTTAS,Singapore,Singapore,Marina Bay
7775,24,7,2023-03-18 17:13:24.537,90.491,32.959,28.605,28.927,288.0,322.0,322.0,80.08720930232558,36.13956521754928,0.688953488372093,0.125,0.11337209302325581,6.244186046511628,6,10660.561046511628,1063.9069216587613,12121,325,242.4796511627907,86,61.35999631192803,0.17151162790697674,0.5901162790697675,0.2180232558139535,0.020348837209302327,0.19476744186046513,344,37.0,Alfa Romeo,ZHOU Guanyu,Saudi Arabia,Jeddah,Jeddah
7775,24,15,2023-03-18 17:34:51.725,89.962,32.969,28.434,28.559,287.0,322.0,329.0,79.88372093023256,36.631461761429,0.7034883720930233,0.13372093023255813,0.12209302325581395,6.258720930232558,6,10695.578488372093,1078.6504253822443,12130,329,243.98837209302326,85,62.295682442577856,0.20930232558139536,0.5581395348837209,0.21220930232558138,0.020348837209302327,0.24709302325581395,344,35.0,Alfa Romeo,ZHOU Guanyu,Saudi Arabia,Jeddah,Jeddah
9161,24,2,2023-09-16 13:02:30.291,94.433,27.679,39.831,26.923,309.0,278.0,299.0,61.60339943342776,43.318996329052645,0.4730878186968839,0.24079320113314448,0.24362606232294617,4.895184135977337,7,9764.674220963172,1669.217489451041,12125,312,185.6458923512748,63,67.87762083806494,0.042492917847025496,0.37677053824362605,0.47875354107648727,0.10198300283286119,0.1954674220963173,353,50.0,Alfa Romeo,ZHOU Guanyu,Singapore,Singapore,Marina Bay
9161,40,14,2023-09-16 14:06:45.036,92.166,27.298,38.716,26.152,307.0,276.0,297.0,67.34366197183098,42.14007021381817,0.5380281690140845,0.23380281690140844,0.19436619718309858,4.75774647887324,7,10058.197183098591,1561.4868640323937,12167,310,191.19718309859155,66,65.12014531138564,0.028169014084507043,0.4253521126760563,0.4563380281690141,0.09014084507042254,0.2,355,47.0,AlphaTauri,Liam LAWSON,Singapore,Singapore,Marina Bay
9215,22,9,2023-10-06 17:17:35.026,86.662,32.103,29.185,25.374,240.0,286.0,316.0,72.12540192926045,39.56269460329282,0.5819935691318328,0.17041800643086816,0.13504823151125403,5.546623794212219,6,10552.475884244373,1079.8942713616832,12088,319,222.90032154340835,89,54.81928992866811,0.06752411575562701,0.594855305466238,0.3183279742765273,0.01929260450160772,0.10932475884244373,311,31.0,AlphaTauri,Yuki TSUNODA,Qatar,Lusail,Lusail
9112,10,20,2023-06-30 16:05:11.947,65.17,16.508,29.067,19.595,321.0,248.0,313.0,75.11244979919678,40.39386987415005,0.678714859437751,0.17670682730923695,0.1606425702811245,5.759036144578313,7,10630.489959839357,1011.0949594552845,11962,322,236.32128514056225,69,64.7804075191084,0.18473895582329317,0.570281124497992,0.20080321285140562,0.04417670682730924,0.3333333333333333,249,30.0,Alpine,Pierre GASLY,Austria,Spielberg,Spielberg
9112,11,18,2023-06-30 15:44:29.219,64.99,16.438,28.839,19.713,325.0,242.0,318.0,74.13333333333334,40.71842367094678,0.6705882352941176,0.12156862745098039,0.1568627450980392,6.0588235294117645,7,10525.588235294117,1042.2522209076992,12109,327,237.9607843137255,69,64.95375725898842,0.2,0.5607843137254902,0.2,0.0392156862745098,0.34509803921568627,255,35.0,Red Bull Racing,Sergio PEREZ,Austria,Spielberg,Spielberg
9161,16,5,2023-09-16 13:10:00.877,92.406,27.052,39.068,26.286,314.0,281.0,303.0,64.65994236311239,40.862375574223805,0.276657060518732,0.1440922190201729,0.207492795389049,4.9193083573487035,7,10005.308357348704,1559.30181872092,12093,317,189.85878962536023,64,67.41567373825453,0.05187319884726225,0.3861671469740634,0.47262247838616717,0.0893371757925072,0.18155619596541786,347,53.0,Ferrari,Charles LECLERC,Singapore,Singapore,Marina Bay
9161,16,20,2023-09-16 14:26:57.046,91.063,26.754,38.428,25.881,313.0,279.0,303.0,67.74777448071217,40.82641684003886,0.41543026706231456,0.1394658753709199,0.2166172106824926,4.970326409495549,7,10094.483679525223,1499.713564080295,12058,316,193.2225519287834,69,67.08750301900811,0.05934718100890208,0.39465875370919884,0.456973293768546,0.08902077151335312,0.18694362017804153,337,54.0,Ferrari,Charles LECLERC,Singapore,Singapore,Marina Bay
9207,1,11,2023-10-20 21:37:48.375,95.008,25.458,38.296,31.254,234.0,185.0,323.0,68.71159029649596,42.281046170854836,0.5902964959568733,0.19137466307277629,0.18598382749326145,5.226415094339623,6,10070.67654986523,1537.7975011543986,12221,324,206.33153638814017,78,70.48623060904141,0.08086253369272237,0.49326145552560646,0.33153638814016173,0.09433962264150944,0.16711590296495957,371,43.0,Red Bull Racing,Max VERSTAPPEN,United States,Austin,Austin
9207,2,7,2023-10-20 21:16:33.889,96.827,26.0,38.755,32.072,223.0,187.0,324.0,64.2554347826087,43.22572365665511,0.5461956521739131,0.2418478260869565,0.1956521739130435,5.274456521739131,6,10058.51902173913,1694.3936999813145,12433,325,200.4076086956522,70,72.50509441268224,0.08695652173913043,0.4375,0.3451086956521739,0.13043478260869565,0.16304347826086957,368,45.0,Williams,Logan SARGEANT,United States,Austin,Austin
9207,4,19,2023-10-20 21:58:26.470,94.853,25.485,38.111,31.257,232.0,192.0,323.0,65.69855072463768,42.540495388435424,0.005797101449275362,0.21739130434782608,0.18840579710144928,5.243478260869566,7,10273.084057971015,1354.3050721232764,12384,324,207.45217391304348,70,71.5101525738301,0.09565217391304348,0.48985507246376814,0.3130434782608696,0.10144927536231885,0.18840579710144928,345,45.0,McLaren,Lando NORRIS,United States,Austin,Austin
9207,10,2,2023-10-20 21:02:18.759,97.529,26.333,39.115,32.081,223.0,189.0,318.0,66.89973614775725,41.78719678017435,0.5197889182058048,0.22955145118733508,0.1662269129287599,4.912928759894459,7,10129.852242744064,1415.6617796657265,12435,320,201.93931398416888,76,70.0699122574086,0.07387862796833773,0.47493403693931396,0.35092348284960423,0.10026385224274406,0.17941952506596306,379,47.0,Alpine,Pierre GASLY,United States,Austin,Austin
9207,10,12,2023-10-20 21:38:50.359,95.496,25.583,38.334,31.579,229.0,191.0,322.0,67.79945054945055,42.19945947358285,0.554945054945055,0.22527472527472528,0.17032967032967034,5.049450549450549,7,10040.09065934066,1538.3512550925254,12411,323,204.6346153846154,75,71.14383064394714,0.08241758241758242,0.47802197802197804,0.3434065934065934,0.09615384615384616,0.18406593406593408,364,38.0,Alpine,Pierre GASLY,United States,Austin,Austin
9064,27,7,2023-04-28 13:39:44.603,102.791,36.249,41.312,25.23,235.0,230.0,319.0,68.82367758186398,42.57173557983774,0.6045340050377834,0.21158690176322417,0.2040302267002519,5.312342569269521,7,10249.64483627204,1589.8762728382744,12534,338,209.45843828715365,71,82.22199201115336,0.2141057934508816,0.3249370277078086,0.3778337531486146,0.08312342569269521,0.14357682619647355,397,53.0,Haas F1 Team,Nico HULKENBERG,Azerbaijan,Baku,Baku
9207,16,14,2023-10-20 21:36:44.610,95.004,25.503,38.232,31.269,230.0,192.0,326.0,70.14529914529915,38.28000558828105,0.11396011396011396,0.10826210826210826,0.20797720797720798,5.239316239316239,6,10141.68091168091,1535.668351716336,11942,327,203.15954415954417,75,70.6503475985194,0.07407407407407407,0.48148148148148145,0.3418803418803419,0.10256410256410256,0.1623931623931624,351,47.0,Ferrari,Charles LECLERC,United States,Austin,Austin
9207,23,5,2023-10-20 21:16:16.233,96.315,25.671,38.765,31.879,226.0,189.0,324.0,64.30853994490359,42.990987219607945,0.5261707988980716,0.23415977961432508,0.209366391184573,5.3856749311294765,6,10071.650137741048,1642.3454480189102,12393,325,202.77134986225894,74,72.56127191847575,0.09090909090909091,0.45454545454545453,0.33884297520661155,0.11570247933884298,0.1763085399449036,363,42.0,Williams,Alexander ALBON,United States,Austin,Austin
9153,18,6,2023-09-02 14:13:56.122,82.86,27.267,28.076,27.517,321.0,334.0,340.0,77.29166666666667,37.52180323643325,0.12179487179487179,0.07051282051282051,0.14743589743589744,6.3173076923076925,7,10922.304487179486,1212.658274316879,12506,341,247.21794871794873,69,73.65630577885182,0.34935897435897434,0.38461538461538464,0.21794871794871795,0.04807692307692308,0.17307692307692307,312,37.0,Aston Martin,Lance STROLL,Italy,Monza,Monza
9153,22,5,2023-09-02 14:09:32.125,82.13,27.032,27.828,27.27,319.0,334.0,341.0,79.10472972972973,37.72567140076597,0.7027027027027027,0.14527027027027026,0.12162162162162163,6.20945945945946,7,10844.611486486487,1118.353905843347,12150,342,251.96283783783784,70,72.84952197221608,0.3581081081081081,0.42905405405405406,0.16554054054054054,0.0472972972972973,0.19256756756756757,296,34.0,AlphaTauri,Yuki TSUNODA,Italy,Monza,Monza
9153,22,11,2023-09-02 14:28:43.831,81.768,27.173,27.48,27.115,320.0,335.0,344.0,80.1826923076923,37.13054170266464,0.7211538461538461,0.13782051282051283,0.10576923076923077,6.157051282051282,7,10890.108974358975,1189.5494652214302,12396,345,251.74358974358975,69,74.29357528448473,0.36538461538461536,0.42628205128205127,0.15384615384615385,0.05448717948717949,0.1955128205128205,312,32.0,AlphaTauri,Yuki TSUNODA,Italy,Monza,Monza
9153,22,14,2023-09-02 14:38:51.902,81.594,27.054,27.462,27.078,320.0,337.0,344.0,79.08053691275168,37.82362341975769,0.7013422818791947,0.14429530201342283,0.1174496644295302,6.281879194630872,7,10882.352348993289,1105.573328119706,12489,345,254.59060402684563,70,71.34272697733958,0.3523489932885906,0.45302013422818793,0.15100671140939598,0.0436241610738255,0.1912751677852349,298,34.0,AlphaTauri,Yuki TSUNODA,Italy,Monza,Monza
9153,24,7,2023-09-02 14:17:13.136,82.429,27.142,27.978,27.309,325.0,341.0,350.0,77.44372990353698,38.44521721473429,0.6816720257234726,0.1607717041800643,0.1414790996784566,6.392282958199357,7,10704.639871382637,1274.2579544209807,12421,350,251.41479099678457,68,74.681031230708,0.36977491961414793,0.3858520900321543,0.19935691318327975,0.04501607717041801,0.17684887459807075,311,32.0,Alfa Romeo,ZHOU Guanyu,Italy,Monza,Monza
9215,77,14,2023-10-06 17:38:13.004,85.297,31.569,28.702,25.026,241.0,285.0,312.0,74.70897832817337,38.17858672550192,0.5944272445820433,0.15789473684210525,0.15789473684210525,5.739938080495356,6,10773.547987616099,958.0832249119798,12435,315,228.3622291021672,92,52.05749983840571,0.06501547987616099,0.6470588235294118,0.2724458204334365,0.015479876160990712,0.10526315789473684,323,32.0,Alfa Romeo,Valtteri BOTTAS,Qatar,Lusail,Lusail
9215,81,11,2023-10-06 17:27:28.953,85.745,31.711,29.061,24.973,245.0,289.0,313.0,71.51384615384616,38.71162726455819,0.0,0.14461538461538462,0.21846153846153846,5.649230769230769,6,10743.427692307692,921.8805316649587,12018,314,226.71384615384616,97,53.08787228958717,0.07692307692307693,0.6153846153846154,0.30153846153846153,0.006153846153846154,0.1076923076923077,325,35.0,McLaren,Oscar PIASTRI,Qatar,Lusail,Lusail
9074,18,4,2023-05-06 20:10:27.737,88.568,29.816,33.696,25.056,221.0,193.0,336.0,70.18429003021149,39.62183964294673,0.21450151057401812,0.1510574018126888,0.18429003021148035,5.764350453172206,7,10276.555891238671,1485.047469617796,12386,336,219.99093655589124,66,82.79289555250915,0.21148036253776434,0.40483383685800606,0.27492447129909364,0.10876132930513595,0.22658610271903323,331,37.0,Aston Martin,Lance STROLL,United States,Miami,Miami
9074,20,14,2023-05-06 20:38:19.472,87.673,29.338,33.268,25.067,222.0,193.0,332.0,69.3951367781155,40.237201882106014,0.3282674772036474,0.17325227963525835,0.18541033434650456,5.547112462006079,7,10308.933130699088,1484.813541025413,12012,337,218.53495440729483,71,82.88163481928933,0.20972644376899696,0.3890577507598784,0.3130699088145897,0.08814589665653495,0.2188449848024316,329,32.0,Haas F1 Team,Kevin MAGNUSSEN,United States,Miami,Miami
9074,21,15,2023-05-06 20:38:50.519,88.395,29.453,33.758,25.184,223.0,192.0,331.0,70.93051359516616,41.283256632928925,0.5770392749244713,0.21148036253776434,0.17220543806646527,5.338368580060423,7,10517.20241691843,1371.9167695380054,12989,333,216.90936555891238,66,81.28183816235217,0.19637462235649547,0.3987915407854985,0.31722054380664655,0.08761329305135952,0.20241691842900303,331,36.0,AlphaTauri,Nyck DE VRIES,United States,Miami,Miami
9074,22,9,2023-05-06 20:16:42.964,88.429,29.609,33.691,25.129,221.0,190.0,334.0,70.81039755351682,40.694969038643954,0.5718654434250765,0.1712538226299694,0.12538226299694188,5.36697247706422,7,10579.131498470948,1321.3621914287244,12776,335,221.25076452599387,66,82.62810164785972,0.22018348623853212,0.4036697247706422,0.27217125382262997,0.10397553516819572,0.2324159021406728,327,35.0,AlphaTauri,Yuki TSUNODA,United States,Miami,Miami
9074,27,7,2023-05-06 20:13:00.328,87.957,29.477,33.512,24.968,223.0,194.0,336.0,68.30461538461539,41.24201542913694,0.556923076923077,0.16923076923076924,0.16923076923076924,5.56,7,10325.08,1580.6768943074767,12236,338,219.6276923076923,67,83.55204541181277,0.20615384615384616,0.4,0.29846153846153844,0.09538461538461539,0.2246153846153846,325,38.0,Haas F1 Team,Nico HULKENBERG,United States,Miami,Miami
9177,44,14,2023-10-28 21:50:55.105,77.688,27.461,30.212,20.015,312.0,293.0,343.0,61.50508474576271,42.77276385503884,0.4610169491525424,0.21694915254237288,0.22372881355932203,5.0508474576271185,7,10007.0,2017.236288811491,12683,345,195.6949152542373,63,85.26490418467641,0.1694915254237288,0.29152542372881357,0.376271186440678,0.16271186440677965,0.26440677966101694,295,28.0,Mercedes,Lewis HAMILTON,Mexico,Mexico City,Mexico City
9064,14,14,2023-04-28 13:58:07.169,101.37,35.673,40.763,24.934,240.0,243.0,317.0,69.23056994818653,41.72627187216276,0.08031088082901554,0.17357512953367876,0.18911917098445596,5.455958549222798,7,10277.82901554404,1487.1246401575427,12673,324,210.13730569948186,74,78.71239316928548,0.20984455958549222,0.3290155440414508,0.3911917098445596,0.06994818652849741,0.14248704663212436,386,62.0,Aston Martin,Fernando ALONSO,Azerbaijan,Baku,Baku
9064,16,2,2023-04-28 13:03:21.910,102.105,36.129,41.072,24.904,218.0,244.0,321.0,70.5880829015544,40.73332676767196,0.3316062176165803,0.14766839378238342,0.20984455958549222,5.323834196891192,7,10275.038860103627,1387.475766880551,11981,334,210.38082901554404,76,81.71119585235938,0.22020725388601037,0.31088082901554404,0.39896373056994816,0.06994818652849741,0.15025906735751296,386,58.0,Ferrari,Charles LECLERC,Azerbaijan,Baku,Baku
9064,18,8,2023-04-28 13:39:54.587,102.524,36.241,41.358,24.925,223.0,244.0,318.0,70.11083123425692,41.42399402976507,0.31738035264483627,0.19143576826196473,0.18639798488664988,5.392947103274559,7,10333.259445843829,1438.3661573882682,12233,331,209.78589420654913,73,80.41713849771386,0.2040302267002519,0.33753148614609574,0.37279596977329976,0.08564231738035265,0.14609571788413098,397,56.0,Aston Martin,Lance STROLL,Azerbaijan,Baku,Baku
9129,16,20,2023-07-22 14:58:26.215,76.992,27.863,27.278,21.851,282.0,250.0,303.0,66.84476534296029,39.96630487091993,0.0,0.09025270758122744,0.21660649819494585,5.046931407942238,6,10625.927797833934,1038.3641164091812,12195,315,202.7942238267148,97,57.989856395543946,0.039711191335740074,0.48375451263537905,0.4657039711191336,0.010830324909747292,0.1624548736462094,277,41.0,Ferrari,Charles LECLERC,Hungary,Hungaroring,Budapest
9129,18,4,2023-07-22 14:05:46.625,79.457,28.48,28.469,22.508,283.0,248.0,305.0,62.523809523809526,42.41501699834591,0.05396825396825397,0.24444444444444444,0.2507936507936508,5.104761904761904,6,10223.631746031746,1188.2531728594856,11848,317,195.0857142857143,88,60.758965308274625,0.050793650793650794,0.4126984126984127,0.5111111111111111,0.025396825396825397,0.15555555555555556,315,43.0,Aston Martin,Lance STROLL,Hungary,Hungaroring,Budapest
9169,4,2,2023-09-23 06:06:11.882,90.063,31.187,40.76,18.116,278.0,305.0,299.0,72.79178885630499,39.67693866455149,0.5483870967741935,0.1466275659824047,0.11730205278592376,5.865102639296188,6,10516.953079178886,1331.3044059573194,11985,329,230.39002932551318,72,64.28509858663402,0.15249266862170088,0.5747800586510264,0.20821114369501467,0.06451612903225806,0.0967741935483871,341,34.0,McLaren,Lando NORRIS,Japan,Suzuka,Suzuka
9169,4,5,2023-09-23 06:44:43.372,90.296,31.257,40.826,18.213,279.0,305.0,299.0,74.86186186186187,38.3558027861027,0.5345345345345346,0.13513513513513514,0.0990990990990991,5.867867867867868,6,10535.198198198199,1304.250413579402,11940,328,231.64264264264264,70,64.08316496202121,0.16516516516516516,0.5675675675675675,0.21021021021021022,0.057057057057057055,0.09009009009009009,333,34.0,McLaren,Lando NORRIS,Japan,Suzuka,Suzuka
9314,55,13,2023-11-18 08:33:43.049,93.338,26.458,31.023,35.857,188.0,215.0,343.0,75.38023952095809,38.69883368360068,0.46407185628742514,0.16467065868263472,0.15568862275449102,6.038922155688622,6,10543.997005988023,1396.474584178056,12349,348,234.07185628742516,94,83.4700909453783,0.3203592814371258,0.3383233532934132,0.2934131736526946,0.04790419161676647,0.15868263473053892,334,36.0,Ferrari,Carlos SAINZ,United States,Las Vegas,Las Vegas
9314,77,7,2023-11-18 08:13:21.634,94.305,26.979,31.267,36.059,185.0,215.0,341.0,74.55397727272727,39.74036013239528,0.6392045454545454,0.17329545454545456,0.16193181818181818,6.167613636363637,6,10394.4375,1680.7966455237809,12544,353,236.8409090909091,87,83.42239840292629,0.32670454545454547,0.34375,0.26988636363636365,0.05965909090909091,0.15056818181818182,352,35.0,Alfa Romeo,Valtteri BOTTAS,United States,Las Vegas,Las Vegas
9314,81,4,2023-11-18 08:06:57.203,95.158,27.018,31.759,36.381,184.0,213.0,339.0,70.87292817679558,41.19658145111056,0.024861878453038673,0.19889502762430938,0.15193370165745856,5.870165745856354,6,10381.89226519337,1455.0719269028539,12096,343,231.1961325966851,89,84.85782593326836,0.3149171270718232,0.32320441988950277,0.2983425414364641,0.06353591160220995,0.1712707182320442,362,38.0,McLaren,Oscar PIASTRI,United States,Las Vegas,Las Vegas
9112,55,15,2023-06-30 15:38:33.975,65.036,16.401,29.029,19.606,325.0,246.0,320.0,77.7375,35.25842802596174,0.10416666666666667,0.09583333333333334,0.17916666666666667,6.2,7,10578.333333333334,1184.2868152643293,12140,327,238.3375,67,66.860426109156,0.19583333333333333,0.5625,0.19166666666666668,0.05,0.3333333333333333,240,29.0,Ferrari,Carlos SAINZ,Austria,Spielberg,Spielberg
9207,44,8,2023-10-20 21:27:57.397,95.779,25.689,38.272,31.818,231.0,188.0,319.0,69.14520547945206,40.44828824906058,0.5397260273972603,0.16986301369863013,0.18356164383561643,5.471232876712329,7,10126.572602739727,1522.7713794173453,12854,321,205.2164383561644,76,71.01206950056005,0.08767123287671233,0.4767123287671233,0.33424657534246577,0.10136986301369863,0.1863013698630137,365,43.0,Mercedes,Lewis HAMILTON,United States,Austin,Austin
9112,23,14,2023-06-30 15:45:33.687,65.993,16.423,29.451,20.119,328.0,247.0,322.0,71.87854251012146,40.519309673335684,0.611336032388664,0.1700404858299595,0.18218623481781376,6.1214574898785425,7,10611.862348178138,1203.208517702776,12164,330,233.51417004048582,68,67.37866844183964,0.17408906882591094,0.5587044534412956,0.22267206477732793,0.044534412955465584,0.3157894736842105,247,35.0,Williams,Alexander ALBON,Austria,Spielberg,Spielberg
9193,1,5,2023-11-25 14:17:30.480,84.554,17.375,36.342,30.837,289.0,326.0,331.0,73.7398119122257,39.87225688554511,0.6363636363636364,0.13793103448275862,0.15047021943573669,5.6269592476489025,7,10400.147335423197,1256.447758082304,11847,333,222.92789968652036,68,69.80699676806091,0.14106583072100312,0.4890282131661442,0.31974921630094044,0.050156739811912224,0.2006269592476489,319,36.0,Red Bull Racing,Max VERSTAPPEN,United Arab Emirates,Yas Marina Circuit,Yas Island
9193,1,14,2023-11-25 14:58:37.655,83.55,17.078,35.975,30.497,291.0,324.0,330.0,76.21523178807946,38.637294995432015,0.6622516556291391,0.11920529801324503,0.1390728476821192,5.701986754966887,7,10494.586092715232,1195.2111995376783,11923,331,226.62582781456953,69,68.70357915843654,0.1357615894039735,0.5198675496688742,0.30132450331125826,0.04304635761589404,0.2119205298013245,302,33.0,Red Bull Racing,Max VERSTAPPEN,United Arab Emirates,Yas Marina Circuit,Yas Island
9193,14,8,2023-11-25 14:29:40.389,84.698,17.351,36.52,30.827,290.0,319.0,323.0,74.44585987261146,38.78669362826496,0.23248407643312102,0.14968152866242038,0.14968152866242038,5.745222929936306,7,10536.493630573248,1231.8877776666245,11953,326,221.79936305732485,61,70.64636224177127,0.13694267515923567,0.4968152866242038,0.321656050955414,0.044585987261146494,0.2229299363057325,314,46.0,Aston Martin,Fernando ALONSO,United Arab Emirates,Yas Marina Circuit,Yas Island
9129,2,2,2023-07-22 14:05:06.032,79.472,28.407,28.249,22.816,283.0,245.0,304.0,59.31612903225806,43.787328757580056,0.4870967741935484,0.23870967741935484,0.21935483870967742,5.1,6,10433.177419354839,1190.7616436739545,12249,314,199.55161290322582,96,58.23967536855038,0.04516129032258064,0.45483870967741935,0.4870967741935484,0.012903225806451613,0.16451612903225807,310,40.0,Williams,Logan SARGEANT,Hungary,Hungaroring,Budapest
9129,2,7,2023-07-22 14:16:30.884,79.248,28.491,28.141,22.616,282.0,246.0,301.0,60.08247422680412,43.63745704444026,0.4948453608247423,0.23711340206185566,0.21993127147766323,5.020618556701031,6,10366.41237113402,1206.8909022995083,12196,311,196.00343642611685,92,58.05624492125851,0.041237113402061855,0.4329896907216495,0.5085910652920962,0.01718213058419244,0.14432989690721648,291,37.0,Williams,Logan SARGEANT,Hungary,Hungaroring,Budapest
9129,4,5,2023-07-22 14:07:28.218,78.99,28.754,28.112,22.124,281.0,252.0,302.0,63.78983050847457,43.42766953525934,0.5016949152542373,0.25084745762711863,0.2033898305084746,4.959322033898305,6,10276.55593220339,1194.0934893536312,11932,312,198.1728813559322,91,59.489557279769855,0.03728813559322034,0.4440677966101695,0.5016949152542373,0.01694915254237288,0.15254237288135594,295,40.0,McLaren,Lando NORRIS,Hungary,Hungaroring,Budapest
9314,11,2,2023-11-18 08:02:50.332,95.323,27.246,31.518,36.559,186.0,213.0,345.0,72.16666666666667,41.1676436761293,0.6530054644808743,0.1721311475409836,0.16393442622950818,5.740437158469946,6,10410.453551912567,1470.5585973525915,12216,345,230.05464480874318,86,84.12392859304826,0.2978142076502732,0.34153005464480873,0.29508196721311475,0.06557377049180328,0.16120218579234974,366,43.0,Red Bull Racing,Sergio PEREZ,United States,Las Vegas,Las Vegas
9314,14,6,2023-11-18 08:13:09.431,94.616,26.69,31.884,36.042,185.0,212.0,344.0,72.42857142857143,40.90907222035736,0.27714285714285714,0.19142857142857142,0.16,5.911428571428571,7,10635.76857142857,1506.3020871677697,12757,346,231.3,82,85.81901893788648,0.32,0.32571428571428573,0.28,0.07428571428571429,0.17142857142857143,350,47.0,Aston Martin,Fernando ALONSO,United States,Las Vegas,Las Vegas
9064,1,7,2023-04-28 13:39:19.119,101.398,35.752,40.891,24.755,228.0,238.0,318.0,70.26701570680628,42.488187779451174,0.6308900523560209,0.21465968586387435,0.20157068062827224,5.332460732984293,7,10325.175392670157,1385.76587998967,12102,340,214.05497382198953,76,80.33296596908633,0.21465968586387435,0.3298429319371728,0.4005235602094241,0.0549738219895288,0.15968586387434555,382,51.0,Red Bull Racing,Max VERSTAPPEN,Azerbaijan,Baku,Baku
9064,2,8,2023-04-28 13:39:01.338,102.878,36.323,41.648,24.907,212.0,227.0,319.0,66.29023746701847,43.85087988108765,0.5857519788918206,0.2559366754617414,0.20844327176781002,5.319261213720317,7,10242.952506596306,1584.7703663750558,12930,337,207.15039577836413,75,82.66328121973054,0.21635883905013192,0.29815303430079154,0.40105540897097625,0.08443271767810026,0.15303430079155672,379,54.0,Williams,Logan SARGEANT,Azerbaijan,Baku,Baku
9314,23,5,2023-11-18 08:12:09.229,94.726,26.927,31.607,36.192,185.0,214.0,338.0,70.74444444444444,41.64548913996826,0.6083333333333333,0.18611111111111112,0.18333333333333332,5.961111111111111,6,10631.81388888889,1526.8507820576538,12805,347,233.35,88,84.91604734967963,0.325,0.33055555555555555,0.2833333333333333,0.06111111111111111,0.15555555555555556,360,38.0,Williams,Alexander ALBON,United States,Las Vegas,Las Vegas
9314,23,15,2023-11-18 08:38:56.606,93.588,26.576,31.285,35.727,183.0,217.0,344.0,71.93593314763231,41.11244719231355,0.6267409470752089,0.15041782729805014,0.17827298050139276,6.055710306406685,6,10784.902506963788,1497.9458799247864,12982,352,237.35654596100278,89,84.41398984700962,0.31754874651810583,0.34540389972144847,0.2924791086350975,0.04456824512534819,0.16991643454038996,359,38.0,Williams,Alexander ALBON,United States,Las Vegas,Las Vegas
9314,24,9,2023-11-18 08:17:00.848,95.607,27.759,31.763,36.085,186.0,217.0,314.0,70.64161849710983,41.74482735269376,0.6127167630057804,0.2023121387283237,0.18208092485549132,5.84393063583815,6,10431.635838150289,1463.1759402816695,12644,355,229.79479768786126,91,85.51685028696055,0.2976878612716763,0.31213872832369943,0.3265895953757225,0.06358381502890173,0.15028901734104047,346,47.0,Alfa Romeo,ZHOU Guanyu,United States,Las Vegas,Las Vegas
9314,27,9,2023-11-18 08:16:41.849,94.265,26.997,31.107,36.161,188.0,215.0,342.0,73.73020527859238,39.4712545772099,0.6392961876832844,0.1378299120234604,0.16422287390029325,5.914956011730205,6,10523.064516129032,1356.0286204040237,12329,346,232.7683284457478,88,83.04719951270826,0.30498533724340177,0.33724340175953077,0.30498533724340177,0.05278592375366569,0.1436950146627566,341,41.0,Haas F1 Team,Nico HULKENBERG,United States,Las Vegas,Las Vegas
9090,31,4,2023-05-27 14:05:08.916,74.156,19.452,34.868,19.836,208.0,198.0,280.0,51.67625899280576,44.45209417122042,0.37050359712230213,0.3273381294964029,0.3057553956834532,3.7446043165467624,7,9479.312949640287,1680.5857021975937,11863,286,158.23741007194243,43,67.26772660858663,0.0,0.29136690647482016,0.44964028776978415,0.2589928057553957,0.0683453237410072,278,38.0,Alpine,Esteban OCON,Monaco,Monte Carlo,Monaco
9090,44,6,2023-05-27 14:18:55.844,73.849,19.49,34.972,19.387,213.0,198.0,280.0,56.91843971631206,43.631713470051245,0.425531914893617,0.22695035460992907,0.24822695035460993,4.067375886524823,7,9707.67730496454,1766.2257865146496,12398,285,162.82269503546098,44,67.46041767476157,0.0,0.33687943262411346,0.41843971631205673,0.24468085106382978,0.08865248226950355,282,38.0,Mercedes,Lewis HAMILTON,Monaco,Monte Carlo,Monaco
9090,44,29,2023-05-27 15:05:54.078,71.725,18.757,33.929,19.039,220.0,203.0,280.0,56.908127208480565,43.952166589357745,0.4381625441696113,0.2332155477031802,0.254416961130742,4.130742049469965,8,9717.646643109541,1703.9706826885533,12194,288,163.62897526501766,47,67.69241140417553,0.0,0.3321554770318021,0.4275618374558304,0.24028268551236748,0.08480565371024736,283,42.0,Mercedes,Lewis HAMILTON,Monaco,Monte Carlo,Monaco
9090,55,2,2023-05-27 14:03:20.590,75.006,19.797,35.278,19.931,209.0,193.0,282.0,53.063973063973066,42.23693563054417,0.3501683501683502,0.21548821548821548,0.31313131313131315,3.9124579124579126,7,9516.653198653199,1843.7376873427268,12208,290,156.87878787878788,47,67.94934610696146,0.0,0.30303030303030304,0.4276094276094276,0.26936026936026936,0.06734006734006734,297,39.0,Ferrari,Carlos SAINZ,Monaco,Monte Carlo,Monaco
9090,63,19,2023-05-27 14:45:05.248,72.151,18.697,34.286,19.168,220.0,206.0,278.0,55.573584905660375,44.57062896422305,0.4339622641509434,0.29056603773584905,0.2641509433962264,4.060377358490566,7,9658.124528301887,1802.600307059144,12076,288,163.03396226415094,45,68.0959298370861,0.0,0.3283018867924528,0.4226415094339623,0.2490566037735849,0.0830188679245283,265,43.0,Mercedes,George RUSSELL,Monaco,Monte Carlo,Monaco
9215,1,13,2023-10-06 17:37:50.582,84.483,31.148,28.759,24.576,245.0,288.0,319.0,74.36363636363636,39.40563994774417,0.6300940438871473,0.12225705329153605,0.14733542319749215,5.736677115987461,6,10566.557993730408,1029.5234573816692,12038,321,229.53918495297805,92,53.221657653240825,0.07210031347962383,0.6394984326018809,0.27899686520376177,0.009404388714733543,0.10344827586206896,319,31.0,Red Bull Racing,Max VERSTAPPEN,Qatar,Lusail,Lusail
9215,11,12,2023-10-06 17:30:00.653,85.462,31.448,29.144,24.87,246.0,288.0,322.0,70.67307692307692,41.546574564291305,0.6282051282051282,0.11858974358974358,0.16666666666666666,5.663461538461538,6,10447.73717948718,1196.4816541467333,11998,324,225.7948717948718,89,56.18083090697668,0.07051282051282051,0.6089743589743589,0.30448717948717946,0.016025641025641024,0.10256410256410256,312,32.0,Red Bull Racing,Sergio PEREZ,Qatar,Lusail,Lusail
9074,44,8,2023-05-06 20:17:24.510,87.846,29.396,33.363,25.087,221.0,193.0,337.0,70.46827794561933,40.23899875698868,0.5921450151057401,0.13595166163141995,0.1691842900302115,5.842900302114804,7,10403.326283987915,1455.4612252013565,12395,338,222.8882175226586,68,82.29670754576851,0.22356495468277945,0.3987915407854985,0.28700906344410876,0.09063444108761329,0.23564954682779457,331,38.0,Mercedes,Lewis HAMILTON,United States,Miami,Miami
9074,77,12,2023-05-06 20:35:22.569,87.564,29.166,33.347,25.051,226.0,194.0,333.0,71.83382789317507,40.1110324436617,0.5934718100890207,0.14540059347181009,0.19287833827893175,5.753709198813056,6,10197.52818991098,1699.651991674812,12159,336,220.47181008902078,72,82.47077372281659,0.21068249258160238,0.39762611275964393,0.29673590504451036,0.09495548961424333,0.23738872403560832,337,29.0,Alfa Romeo,Valtteri BOTTAS,United States,Miami,Miami
9153,4,13,2023-09-02 14:31:47.657,81.911,27.315,27.544,27.052,319.0,332.0,339.0,76.45454545454545,38.81839298573125,0.003246753246753247,0.1396103896103896,0.12987012987012986,6.396103896103896,7,10731.23051948052,1239.1234984486202,12124,340,252.39935064935065,59,72.68798788409853,0.37012987012987014,0.42857142857142855,0.14935064935064934,0.05194805194805195,0.2012987012987013,308,30.0,McLaren,Lando NORRIS,Italy,Monza,Monza
9153,16,8,2023-09-02 14:16:09.058,81.788,27.095,27.668,27.025,323.0,343.0,342.0,78.39273927392739,36.82175897295321,0.3069306930693069,0.10561056105610561,0.1419141914191419,6.35973597359736,7,10785.369636963696,1373.866524504657,12233,344,252.05940594059405,68,75.91379152707881,0.37293729372937295,0.39603960396039606,0.18151815181518152,0.04950495049504951,0.20462046204620463,303,31.0,Ferrari,Charles LECLERC,Italy,Monza,Monza
9177,24,5,2023-10-28 21:17:35.190,81.829,28.284,30.436,23.109,301.0,295.0,347.0,56.58496732026144,43.04706881929775,0.4215686274509804,0.25163398692810457,0.22875816993464052,4.826797385620915,8,9578.437908496731,1814.1062066259767,12339,348,185.2156862745098,58,86.89986256484981,0.1437908496732026,0.2875816993464052,0.3660130718954248,0.20261437908496732,0.18627450980392157,306,34.0,Alfa Romeo,ZHOU Guanyu,Mexico,Mexico City,Mexico City
7775,16,10,2023-03-18 17:27:45.636,89.068,32.513,28.192,28.363,290.0,326.0,331.0,79.8141592920354,35.04119688872898,0.032448377581120944,0.05014749262536873,0.13274336283185842,6.289085545722714,6,10766.286135693215,934.9566759649724,12193,332,247.2536873156342,90,62.05452324131314,0.22123893805309736,0.5634218289085545,0.1976401179941003,0.017699115044247787,0.25073746312684364,339,34.0,Ferrari,Charles LECLERC,Saudi Arabia,Jeddah,Jeddah
9129,31,2,2023-07-22 14:01:42.378,79.658,28.456,28.463,22.739,283.0,249.0,299.0,61.95890410958904,43.618208737897525,0.4520547945205479,0.273972602739726,0.2602739726027397,4.7979452054794525,6,9892.660958904109,1277.6968290880357,11668,310,192.94520547945206,89,58.691549802085575,0.017123287671232876,0.4246575342465753,0.5273972602739726,0.030821917808219176,0.14383561643835616,292,43.0,Alpine,Esteban OCON,Hungary,Hungaroring,Budapest
9129,63,2,2023-07-22 14:03:55.908,79.029,28.483,28.236,22.31,278.0,246.0,303.0,63.44178082191781,42.6692711675793,0.4897260273972603,0.22945205479452055,0.2191780821917808,5.041095890410959,6,10419.657534246575,1175.9952599336186,11999,312,197.22260273972603,90,57.72682828508238,0.0410958904109589,0.4280821917808219,0.5034246575342466,0.0273972602739726,0.16095890410958905,292,39.0,Mercedes,George RUSSELL,Hungary,Hungaroring,Budapest
9129,77,2,2023-07-22 14:02:23.362,78.818,28.351,28.145,22.322,282.0,251.0,302.0,63.016891891891895,43.17787080503241,0.49324324324324326,0.23310810810810811,0.22972972972972974,5.111486486486487,6,10251.54054054054,1270.8029218362315,12362,313,198.4560810810811,94,58.66085892377268,0.04054054054054054,0.4391891891891892,0.4966216216216216,0.02364864864864865,0.1554054054054054,296,40.0,Alfa Romeo,Valtteri BOTTAS,Hungary,Hungaroring,Budapest
9129,77,19,2023-07-22 14:59:09.808,77.034,27.967,27.305,21.762,281.0,251.0,304.0,67.22064056939502,41.86715044914167,0.5302491103202847,0.2099644128113879,0.199288256227758,5.160142348754448,6,10461.384341637011,1183.4462364683425,12269,314,202.49466192170817,95,57.24609287955451,0.03558718861209965,0.48398576512455516,0.46619217081850534,0.014234875444839857,0.15658362989323843,281,37.0,Alfa Romeo,Valtteri BOTTAS,Hungary,Hungaroring,Budapest
9129,81,19,2023-07-22 14:58:53.527,76.905,28.052,27.033,21.82,279.0,256.0,303.0,65.83928571428571,42.064882801208014,0.09642857142857143,0.21428571428571427,0.18928571428571428,5.053571428571429,6,10422.792857142857,1206.7603331817422,12329,312,203.89285714285714,90,60.3863542263789,0.04642857142857143,0.46785714285714286,0.4642857142857143,0.02142857142857143,0.17142857142857143,280,36.0,McLaren,Oscar PIASTRI,Hungary,Hungaroring,Budapest
7775,44,20,2023-03-18 17:59:08.693,89.248,32.585,28.255,28.408,289.0,325.0,329.0,81.68501529051987,35.4215869753101,0.7125382262996942,0.10703363914373089,0.11314984709480122,6.470948012232416,6,10860.440366972478,956.3498355393069,12276,329,247.18960244648318,89,60.330384978731566,0.22629969418960244,0.5657492354740061,0.19571865443425077,0.012232415902140673,0.25688073394495414,327,38.0,Mercedes,Lewis HAMILTON,Saudi Arabia,Jeddah,Jeddah
9161,11,2,2023-09-16 13:02:50.885,92.563,27.256,39.015,26.292,309.0,278.0,300.0,64.26176470588236,43.25187611465075,0.5352941176470588,0.21764705882352942,0.22058823529411764,4.811764705882353,7,9839.058823529413,1545.3623424268312,11851,312,188.50294117647059,65,65.63349109689237,0.041176470588235294,0.4,0.47058823529411764,0.08823529411764706,0.19117647058823528,340,49.0,Red Bull Racing,Sergio PEREZ,Singapore,Singapore,Marina Bay
9177,1,14,2023-10-28 21:58:34.225,77.263,27.369,29.818,20.076,314.0,295.0,349.0,59.52739726027397,44.396633909349696,0.4794520547945205,0.2328767123287671,0.2191780821917808,4.941780821917808,7,9822.38698630137,1857.1185041312683,12336,351,195.73287671232876,63,86.24011800321313,0.1643835616438356,0.2945205479452055,0.3835616438356164,0.15753424657534246,0.273972602739726,292,30.0,Red Bull Racing,Max VERSTAPPEN,Mexico,Mexico City,Mexico City
9177,14,10,2023-10-28 21:29:01.167,79.645,28.062,30.977,20.606,312.0,289.0,344.0,59.53135313531353,43.060847605537596,0.3696369636963696,0.25412541254125415,0.18811881188118812,4.97029702970297,7,10157.69306930693,1772.0689225898518,12714,345,196.12211221122112,59,83.42138468845003,0.16831683168316833,0.29042904290429045,0.41254125412541254,0.12871287128712872,0.29042904290429045,303,36.0,Aston Martin,Fernando ALONSO,Mexico,Mexico City,Mexico City
7768,22,5,2023-03-04 15:14:51.827,91.747,29.361,39.391,22.995,240.0,270.0,315.0,70.94617563739376,42.140254768812525,0.603399433427762,0.2237960339943343,0.17563739376770537,5.203966005665722,7,10526.767705382435,1364.5765108048943,12436,318,211.92067988668555,66,69.04675168114906,0.0764872521246459,0.5354107648725213,0.3002832861189802,0.08781869688385269,0.22662889518413598,353,45.0,AlphaTauri,Yuki TSUNODA,Bahrain,Sakhir,Sakhir
9153,55,8,2023-09-02 14:17:10.417,82.086,27.304,27.688,27.094,325.0,343.0,350.0,77.90291262135922,37.735627150269536,0.5080906148867314,0.13268608414239483,0.15857605177993528,6.359223300970874,7,10782.84789644013,1387.798157798674,12470,351,251.6601941747573,62,74.98193116518728,0.3656957928802589,0.3851132686084142,0.20711974110032363,0.042071197411003236,0.18122977346278318,309,31.0,Ferrari,Carlos SAINZ,Italy,Monza,Monza
9153,77,7,2023-09-02 14:17:07.979,82.249,27.08,27.808,27.361,322.0,341.0,348.0,78.41747572815534,37.8268073718233,0.7022653721682848,0.11974110032362459,0.1488673139158576,6.433656957928803,7,10750.417475728156,1291.4831164530253,12319,349,251.76051779935275,73,73.22568472624283,0.34951456310679613,0.4174757281553398,0.18446601941747573,0.04854368932038835,0.17475728155339806,309,30.0,Alfa Romeo,Valtteri BOTTAS,Italy,Monza,Monza
9153,81,2,2023-09-02 14:02:55.348,83.003,27.581,28.083,27.339,318.0,330.0,332.0,77.40062111801242,38.06263569924101,0.19254658385093168,0.14285714285714285,0.11490683229813664,6.3354037267080745,7,10698.201863354037,1092.5133871858584,11872,335,249.93167701863354,68,71.9628343176917,0.35714285714285715,0.4192546583850932,0.17391304347826086,0.049689440993788817,0.17391304347826086,322,30.0,McLaren,Oscar PIASTRI,Italy,Monza,Monza
9064,63,8,2023-04-28 13:39:23.338,102.538,36.22,41.314,25.004,213.0,240.0,313.0,70.72236503856041,42.44529576450735,0.6272493573264781,0.2185089974293059,0.18508997429305912,5.5372750642673525,6,10242.64267352185,1566.7728400435053,12207,333,211.6375321336761,75,79.39127123640934,0.19023136246786632,0.35475578406169667,0.38817480719794345,0.06683804627249357,0.15681233933161953,389,51.0,Mercedes,George RUSSELL,Azerbaijan,Baku,Baku
9064,77,10,2023-04-28 13:44:01.397,102.582,36.069,41.333,25.18,224.0,226.0,314.0,69.57692307692308,43.027138931093354,0.6205128205128205,0.23076923076923078,0.20512820512820512,5.412820512820513,6,10150.028205128205,1578.7150014355636,12168,331,208.5948717948718,76,80.07146534392163,0.19487179487179487,0.33589743589743587,0.4025641025641026,0.06666666666666667,0.13846153846153847,390,46.0,Alfa Romeo,Valtteri BOTTAS,Azerbaijan,Baku,Baku
9064,77,13,2023-04-28 13:54:24.031,102.641,36.124,41.438,25.079,222.0,223.0,314.0,68.54780361757106,42.656170417620544,0.5968992248062015,0.2222222222222222,0.19896640826873385,5.4366925064599485,6,10076.139534883721,1599.54178709595,12157,333,208.03359173126614,76,80.8584857859368,0.18604651162790697,0.35142118863049093,0.39018087855297157,0.07235142118863049,0.1524547803617571,387,48.0,Alfa Romeo,Valtteri BOTTAS,Azerbaijan,Baku,Baku
9090,2,2,2023-05-27 14:01:46.559,75.987,20.076,35.551,20.36,208.0,194.0,283.0,50.319148936170215,44.75895411702932,0.37943262411347517,0.3475177304964539,0.29432624113475175,3.872340425531915,7,9544.035460992907,1880.585474865582,12411,290,157.40070921985816,43,68.4894910986663,0.0,0.3049645390070922,0.42907801418439717,0.26595744680851063,0.07092198581560284,282,43.0,Williams,Logan SARGEANT,Monaco,Monte Carlo,Monaco
9090,10,11,2023-05-27 14:26:20.996,73.25,19.142,34.582,19.526,219.0,202.0,283.0,55.37362637362637,45.12140038233335,0.4358974358974359,0.32967032967032966,0.23076923076923078,3.7252747252747254,7,9739.443223443224,1697.4546075646651,11851,289,161.75824175824175,43,68.42847392683869,0.0,0.32234432234432236,0.4249084249084249,0.25274725274725274,0.07326007326007326,273,40.0,Alpine,Pierre GASLY,Monaco,Monte Carlo,Monaco
9090,14,12,2023-05-27 14:38:16.675,72.222,18.787,34.164,19.271,221.0,201.0,279.0,53.03819444444444,43.78258686290764,0.20833333333333334,0.2708333333333333,0.2777777777777778,3.90625,7,9694.555555555555,1779.710694798897,12077,287,160.53819444444446,44,67.16145142123831,0.0,0.3194444444444444,0.4270833333333333,0.2534722222222222,0.0763888888888889,288,46.0,Aston Martin,Fernando ALONSO,Monaco,Monte Carlo,Monaco
9090,23,18,2023-05-27 14:50:11.214,72.527,19.019,34.347,19.161,213.0,203.0,283.0,52.375,45.40338877415564,0.39338235294117646,0.3492647058823529,0.29044117647058826,3.926470588235294,7,9847.132352941177,1850.5174356017376,12729,290,162.7058823529412,43,67.84877015117297,0.0,0.3235294117647059,0.4375,0.23897058823529413,0.07720588235294118,272,39.0,Williams,Alexander ALBON,Monaco,Monte Carlo,Monaco
9090,24,2,2023-05-27 14:02:11.075,74.846,19.668,35.346,19.832,209.0,196.0,281.0,50.822695035460995,44.22826324398534,0.36879432624113473,0.32978723404255317,0.28368794326241137,3.872340425531915,7,9455.343971631206,1735.448964683338,12170,289,156.8581560283688,46,66.7047546481739,0.0,0.3049645390070922,0.4326241134751773,0.2624113475177305,0.07446808510638298,282,46.0,Alfa Romeo,ZHOU Guanyu,Monaco,Monte Carlo,Monaco
9193,23,2,2023-11-25 14:05:54.101,84.58,17.307,36.175,31.098,293.0,325.0,333.0,70.67682926829268,40.90750900848926,0.6036585365853658,0.1676829268292683,0.1524390243902439,5.838414634146342,7,10458.021341463415,1286.9295189322197,12265,335,222.60060975609755,67,71.98442491830936,0.14634146341463414,0.46646341463414637,0.35060975609756095,0.036585365853658534,0.21646341463414634,328,41.0,Williams,Alexander ALBON,United Arab Emirates,Yas Marina Circuit,Yas Island
7768,1,8,2023-03-04 15:38:45.707,90.503,28.925,38.915,22.663,240.0,270.0,323.0,69.52046783625731,42.803765446948454,0.6052631578947368,0.2134502923976608,0.21052631578947367,5.213450292397661,7,10467.58187134503,1296.8014307346482,12007,324,212.50292397660817,66,69.74401238925506,0.0935672514619883,0.52046783625731,0.2953216374269006,0.09064327485380116,0.21929824561403508,342,48.0,Red Bull Racing,Max VERSTAPPEN,Bahrain,Sakhir,Sakhir
9161,44,12,2023-09-16 14:19:34.678,91.91,27.01,38.764,26.136,309.0,278.0,300.0,66.56417910447762,41.87464791698453,0.5194029850746269,0.1761194029850746,0.20298507462686566,5.014925373134329,7,10191.346268656716,1452.645084669506,12626,311,193.23582089552238,65,67.31804862817663,0.05373134328358209,0.42686567164179107,0.43582089552238806,0.08358208955223881,0.191044776119403,335,54.0,Mercedes,Lewis HAMILTON,Singapore,Singapore,Marina Bay
9161,55,2,2023-09-16 13:03:14.244,92.965,27.296,39.411,26.258,311.0,280.0,302.0,64.77448071216617,41.29946026592023,0.47774480712166173,0.17804154302670624,0.228486646884273,5.023738872403561,7,9860.445103857566,1666.4946773471117,12011,314,189.37388724035608,64,68.13936371527811,0.04451038575667656,0.3916913946587537,0.4688427299703264,0.09495548961424333,0.19881305637982197,337,44.0,Ferrari,Carlos SAINZ,Singapore,Singapore,Marina Bay
7775,20,16,2023-03-18 17:39:20.097,89.517,32.601,28.364,28.552,289.0,328.0,332.0,80.21597633136095,37.086843057554816,0.6952662721893491,0.13609467455621302,0.13313609467455623,6.168639053254438,7,10905.44674556213,932.9940502216622,12204,334,246.29881656804733,95,61.82872915835463,0.20414201183431951,0.5650887573964497,0.21893491124260356,0.011834319526627219,0.23668639053254437,338,39.0,Haas F1 Team,Kevin MAGNUSSEN,Saudi Arabia,Jeddah,Jeddah
7775,24,12,2023-03-18 17:26:49.824,90.262,32.988,28.569,28.705,287.0,321.0,326.0,80.14749262536873,35.93347837260994,0.696165191740413,0.11799410029498525,0.11799410029498525,6.312684365781711,6,10717.79646017699,1007.3957299263394,12057,328,245.49852507374632,89,60.96377693688174,0.20353982300884957,0.5722713864306784,0.20943952802359883,0.014749262536873156,0.25073746312684364,339,35.0,Alfa Romeo,ZHOU Guanyu,Saudi Arabia,Jeddah,Jeddah
7775,27,2,2023-03-18 17:02:23.513,89.875,32.784,28.379,28.712,291.0,328.0,334.0,78.86627906976744,37.38858468612464,0.438953488372093,0.14534883720930233,0.13662790697674418,6.188953488372093,6,10842.883720930233,1074.2745024230906,12257,335,244.6860465116279,85,65.50650587553237,0.23837209302325582,0.5203488372093024,0.2180232558139535,0.023255813953488372,0.2441860465116279,344,33.0,Haas F1 Team,Nico HULKENBERG,Saudi Arabia,Jeddah,Jeddah
7775,27,9,2023-03-18 17:17:00.659,89.547,32.706,28.312,28.529,291.0,328.0,333.0,78.84355828220859,37.44826262673887,0.5337423312883436,0.12883435582822086,0.147239263803681,6.1503067484662575,6,10849.41717791411,982.1688735631553,12318,335,244.34662576687117,87,62.33674879329188,0.21779141104294478,0.549079754601227,0.2147239263803681,0.018404907975460124,0.2361963190184049,326,38.0,Haas F1 Team,Nico HULKENBERG,Saudi Arabia,Jeddah,Jeddah
9161,24,5,2023-09-16 13:08:50.988,93.815,27.491,39.719,26.605,308.0,278.0,297.0,64.63532763532764,42.3133657349651,0.5042735042735043,0.22792022792022792,0.21937321937321938,4.997150997150997,7,9857.675213675213,1604.529427210322,12037,312,190.02849002849004,64,67.54109257333039,0.03133903133903134,0.42450142450142453,0.4472934472934473,0.09686609686609686,0.19658119658119658,351,47.0,Alfa Romeo,ZHOU Guanyu,Singapore,Singapore,Marina Bay
9161,31,11,2023-09-16 14:06:07.099,92.089,27.143,38.881,26.065,308.0,277.0,299.0,64.6638418079096,42.400658674367676,0.4858757062146893,0.23728813559322035,0.23163841807909605,4.576271186440678,7,9978.95197740113,1398.0256760476282,11808,312,188.5677966101695,65,65.62385027470089,0.025423728813559324,0.403954802259887,0.4830508474576271,0.08757062146892655,0.17231638418079095,354,54.0,Alpine,Esteban OCON,Singapore,Singapore,Marina Bay
9215,27,2,2023-10-06 17:09:17.097,87.153,32.341,29.104,25.708,241.0,287.0,313.0,70.67791411042944,39.06173342806113,0.5705521472392638,0.06748466257668712,0.15644171779141106,5.693251533742331,6,10587.128834355828,1000.7179831561815,12262,317,223.01840490797545,94,54.319337527696824,0.0736196319018405,0.5828220858895705,0.3312883435582822,0.012269938650306749,0.1196319018404908,326,36.0,Haas F1 Team,Nico HULKENBERG,Qatar,Lusail,Lusail
9215,31,20,2023-10-06 17:51:04.803,85.094,31.546,28.614,24.934,243.0,286.0,312.0,74.48286604361371,39.4132812229599,0.5981308411214953,0.18691588785046728,0.19626168224299065,5.595015576323988,6,10500.57320872274,957.7207097609319,12144,314,229.50467289719626,92,52.72310460647966,0.07165109034267912,0.6417445482866043,0.27102803738317754,0.01557632398753894,0.12149532710280374,321,31.0,Alpine,Esteban OCON,Qatar,Lusail,Lusail
9161,18,5,2023-09-16 13:09:43.127,93.397,27.33,39.549,26.518,311.0,278.0,303.0,62.83522727272727,41.94394723818573,0.002840909090909091,0.20170454545454544,0.23011363636363635,4.923295454545454,7,10072.150568181818,1556.7460063420076,12297,314,188.21875,65,66.81381530224243,0.048295454545454544,0.38920454545454547,0.46875,0.09375,0.1903409090909091,352,51.0,Aston Martin,Lance STROLL,Singapore,Singapore,Marina Bay
9207,1,8,2023-10-20 21:28:43.287,95.491,25.524,38.361,31.606,235.0,184.0,322.0,67.70555555555555,42.459575691893384,0.5722222222222222,0.20277777777777778,0.2,5.2027777777777775,6,10005.425,1579.8674691207718,12003,323,204.50555555555556,77,71.2597349824855,0.08055555555555556,0.48333333333333334,0.3333333333333333,0.10277777777777777,0.175,360,42.0,Red Bull Racing,Max VERSTAPPEN,United States,Austin,Austin
9207,16,2,2023-10-20 21:03:10.352,96.622,25.829,38.843,31.95,233.0,190.0,323.0,68.73770491803279,39.494574611701566,0.15846994535519127,0.12021857923497267,0.1885245901639344,5.240437158469946,6,10053.434426229509,1571.1946243998846,12209,324,201.224043715847,76,71.82802193701552,0.08196721311475409,0.4562841530054645,0.34153005464480873,0.12021857923497267,0.17486338797814208,366,48.0,Ferrari,Charles LECLERC,United States,Austin,Austin
9207,16,8,2023-10-20 21:17:05.498,96.061,25.622,38.765,31.674,228.0,191.0,327.0,67.63966480446928,40.31655263900985,0.1452513966480447,0.14804469273743018,0.20670391061452514,5.29608938547486,6,10056.005586592179,1627.4012346929653,12042,329,202.71787709497207,71,73.94445840503522,0.0893854748603352,0.4581005586592179,0.3268156424581006,0.12569832402234637,0.17318435754189945,358,45.0,Ferrari,Charles LECLERC,United States,Austin,Austin
9207,16,17,2023-10-20 21:50:21.210,94.829,25.497,38.185,31.147,232.0,192.0,322.0,72.51666666666667,37.06539804980555,0.11666666666666667,0.07222222222222222,0.18611111111111112,5.347222222222222,6,10231.519444444444,1490.8252728102752,11971,325,208.2888888888889,76,71.8332942327016,0.10555555555555556,0.48055555555555557,0.32222222222222224,0.09166666666666666,0.18888888888888888,360,48.0,Ferrari,Charles LECLERC,United States,Austin,Austin
7768,27,16,2023-03-04 16:03:33.836,91.055,29.132,39.069,22.854,242.0,270.0,315.0,70.4692082111437,41.65237535371206,0.25806451612903225,0.20234604105571846,0.1935483870967742,5.542521994134898,7,10330.510263929618,1542.6682282313145,12602,319,213.6041055718475,64,68.67689812473972,0.08504398826979472,0.533724340175953,0.2932551319648094,0.08797653958944282,0.2316715542521994,341,48.0,Haas F1 Team,Nico HULKENBERG,Bahrain,Sakhir,Sakhir
7768,31,11,2023-03-04 15:46:28.855,90.914,29.111,39.107,22.696,241.0,269.0,320.0,72.14782608695653,41.10619616302295,0.5971014492753624,0.19710144927536233,0.20579710144927535,5.185507246376812,7,10282.440579710144,1301.5036083448042,11833,321,213.57391304347826,68,69.0013137138461,0.0782608695652174,0.5304347826086957,0.30434782608695654,0.08695652173913043,0.23768115942028986,345,47.0,Alpine,Esteban OCON,Bahrain,Sakhir,Sakhir
7768,44,8,2023-03-04 15:38:23.317,90.901,28.94,39.166,22.795,242.0,271.0,322.0,72.36389684813754,40.464145655401076,0.5959885386819485,0.1833810888252149,0.18051575931232092,5.659025787965616,7,10358.272206303725,1625.9573335126145,12349,324,213.78510028653295,65,70.86235813426694,0.12034383954154727,0.49570200573065903,0.2979942693409742,0.08595988538681948,0.23209169054441262,349,50.0,Mercedes,Lewis HAMILTON,Bahrain,Sakhir,Sakhir
7768,44,11,2023-03-04 15:47:31.323,90.513,28.844,39.045,22.624,242.0,270.0,322.0,72.39655172413794,40.91008189621774,0.6120689655172413,0.1867816091954023,0.1752873563218391,5.635057471264368,7,10383.051724137931,1541.4171733233154,12296,323,214.1235632183908,71,69.74217001864464,0.10344827586206896,0.5114942528735632,0.2988505747126437,0.08620689655172414,0.23850574712643677,348,49.0,Mercedes,Lewis HAMILTON,Bahrain,Sakhir,Sakhir
7768,63,2,2023-03-04 15:15:15.108,91.057,28.967,39.224,22.866,242.0,271.0,320.0,71.40869565217392,41.13856950490635,0.6,0.2,0.19130434782608696,5.678260869565217,7,10333.710144927536,1530.2541560207815,12277,322,214.71304347826086,66,69.69786522256192,0.10144927536231885,0.5159420289855072,0.2985507246376812,0.08405797101449275,0.24347826086956523,345,47.0,Mercedes,George RUSSELL,Bahrain,Sakhir,Sakhir
9153,23,20,2023-09-02 14:59:32.170,80.76,26.672,27.364,26.724,322.0,339.0,347.0,76.99022801302931,38.75391486376702,0.6872964169381107,0.11726384364820847,0.1270358306188925,6.547231270358306,7,11024.964169381108,1225.2102001941073,12839,349,256.71661237785014,73,72.19346613920402,0.3973941368078176,0.40390879478827363,0.1563517915309446,0.04234527687296417,0.19218241042345277,307,29.0,Williams,Alexander ALBON,Italy,Monza,Monza
9153,27,9,2023-09-02 14:16:55.511,82.343,27.423,27.832,27.088,316.0,331.0,336.0,80.43790849673202,37.003469941917885,0.7189542483660131,0.12745098039215685,0.12418300653594772,6.362745098039215,7,10779.18954248366,1235.4960363186656,12541,339,251.1764705882353,72,71.54671683909214,0.3562091503267974,0.41830065359477125,0.17320261437908496,0.05228758169934641,0.20915032679738563,306,32.0,Haas F1 Team,Nico HULKENBERG,Italy,Monza,Monza
9169,40,12,2023-09-23 06:44:03.919,91.25,31.947,41.138,18.165,279.0,303.0,299.0,74.54896142433235,37.84442786784259,0.5786350148367952,0.16023738872403562,0.13056379821958458,5.774480712166172,7,10472.890207715134,1250.2483193084431,12377,325,228.97626112759644,70,63.60686101453274,0.14836795252225518,0.5667655786350149,0.2314540059347181,0.05341246290801187,0.09198813056379822,337,29.0,AlphaTauri,Liam LAWSON,Japan,Suzuka,Suzuka
9215,44,14,2023-10-06 17:39:17.253,84.381,31.148,28.437,24.796,244.0,287.0,317.0,76.85668789808918,35.14527363164918,0.5955414012738853,0.028662420382165606,0.1464968152866242,5.980891719745223,6,10730.149681528663,953.8491350376324,12204,319,229.343949044586,93,53.91677569447311,0.08598726114649681,0.6210191082802548,0.2770700636942675,0.01592356687898089,0.11146496815286625,314,36.0,Mercedes,Lewis HAMILTON,Qatar,Lusail,Lusail
9074,23,2,2023-05-06 20:01:50.246,90.967,31.047,34.427,25.493,216.0,184.0,338.0,66.08547008547009,40.85575447831891,0.5014245014245015,0.1794871794871795,0.18518518518518517,5.712250712250713,6,10000.481481481482,1799.6482812162653,12461,339,213.73219373219374,64,84.73317492004497,0.19658119658119658,0.3903133903133903,0.29914529914529914,0.11396011396011396,0.21652421652421652,351,34.0,Williams,Alexander ALBON,United States,Miami,Miami
9074,24,4,2023-05-06 20:05:41.945,88.949,30.085,33.751,25.113,221.0,192.0,338.0,67.55820895522388,40.84286431734226,0.5313432835820896,0.19701492537313434,0.1582089552238806,5.647761194029851,6,9988.626865671642,1774.6941124287434,12076,340,214.85373134328358,72,85.81420245984823,0.208955223880597,0.373134328358209,0.30149253731343284,0.11641791044776119,0.23283582089552238,335,31.0,Alfa Romeo,ZHOU Guanyu,United States,Miami,Miami
9074,24,2,2023-05-06 20:02:05.042,90.162,30.449,34.235,25.478,219.0,189.0,332.0,67.21203438395415,40.73908814680683,0.5214899713467048,0.1977077363896848,0.17478510028653296,5.541547277936963,6,9920.487106017192,1700.4439863023003,12016,334,209.81948424068767,67,82.00486436909095,0.17191977077363896,0.3982808022922636,0.3151862464183381,0.11461318051575932,0.19197707736389685,349,34.0,Alfa Romeo,ZHOU Guanyu,United States,Miami,Miami
9177,55,2,2023-10-28 21:08:40.118,78.755,27.831,30.529,20.395,315.0,297.0,347.0,62.80068728522337,40.98134310005752,0.020618556701030927,0.22336769759450173,0.21993127147766323,4.979381443298969,7,10035.676975945018,1703.7434804041925,12395,350,196.05154639175257,63,85.16904542922009,0.1718213058419244,0.281786941580756,0.422680412371134,0.12371134020618557,0.2646048109965636,291,30.0,Ferrari,Carlos SAINZ,Mexico,Mexico City,Mexico City
9177,55,7,2023-10-28 21:29:45.088,78.382,27.719,30.36,20.303,315.0,295.0,346.0,61.93493150684932,41.31181253145968,0.0136986301369863,0.19863013698630136,0.21232876712328766,5.113013698630137,7,9867.835616438357,1828.6332869033904,12336,347,196.63698630136986,64,85.04709672691239,0.1643835616438356,0.3013698630136986,0.3972602739726027,0.136986301369863,0.2671232876712329,292,32.0,Ferrari,Carlos SAINZ,Mexico,Mexico City,Mexico City
9064,18,13,2023-04-28 13:54:11.468,102.201,36.045,41.212,24.944,223.0,238.0,320.0,70.00262467191601,42.12540792791173,0.31496062992125984,0.2125984251968504,0.1994750656167979,5.47244094488189,7,10342.522309711287,1411.0815496039004,12273,334,212.88451443569554,73,79.77423602423558,0.2204724409448819,0.33070866141732286,0.3910761154855643,0.05774278215223097,0.1679790026246719,381,57.0,Aston Martin,Lance STROLL,Azerbaijan,Baku,Baku
9129,16,17,2023-07-22 14:50:51.486,77.157,27.894,27.449,21.814,282.0,248.0,305.0,68.21621621621621,39.48722866533363,0.010135135135135136,0.09797297297297297,0.20608108108108109,5.054054054054054,6,10616.68918918919,1009.2552034946542,12114,316,203.89527027027026,97,58.795876523765614,0.0472972972972973,0.46283783783783783,0.4797297297297297,0.010135135135135136,0.16554054054054054,296,41.0,Ferrari,Charles LECLERC,Hungary,Hungaroring,Budapest
9129,18,17,2023-07-22 14:38:16.385,78.144,28.337,27.618,22.189,281.0,252.0,302.0,63.333333333333336,42.67452381197003,0.041666666666666664,0.2326388888888889,0.21875,5.166666666666667,6,10304.354166666666,1141.9515844234586,11944,313,198.45138888888889,92,59.16625484471683,0.041666666666666664,0.4409722222222222,0.5,0.017361111111111112,0.16319444444444445,288,42.0,Aston Martin,Lance STROLL,Hungary,Hungaroring,Budapest
9169,10,8,2023-09-23 06:43:47.528,91.418,32.117,41.149,18.152,281.0,304.0,305.0,73.46107784431138,38.61175792275992,0.5778443113772455,0.15269461077844312,0.12574850299401197,5.661676646706587,7,10340.523952095808,1265.1770061070235,11941,329,227.9131736526946,70,66.9376134187497,0.16467065868263472,0.5329341317365269,0.23353293413173654,0.0688622754491018,0.10179640718562874,334,34.0,Alpine,Pierre GASLY,Japan,Suzuka,Suzuka
9314,31,7,2023-11-18 08:13:24.821,94.834,27.098,31.582,36.154,186.0,213.0,338.0,73.60906515580737,40.02087704445862,0.623229461756374,0.18696883852691218,0.19263456090651557,5.730878186968838,6,10233.529745042493,1514.7107058941056,12274,352,230.74787535410766,87,86.21617520054856,0.32577903682719545,0.3002832861189802,0.311614730878187,0.06232294617563739,0.1558073654390935,353,35.0,Alpine,Esteban OCON,United States,Las Vegas,Las Vegas
9314,63,14,2023-11-18 08:38:25.138,93.351,26.44,31.057,35.854,187.0,216.0,342.0,75.20498614958449,39.677338586294766,0.6759002770083102,0.1772853185595568,0.16897506925207756,6.146814404432133,6,10719.772853185596,1476.5561446355514,12680,346,239.5540166204986,90,83.69065387677375,0.3601108033240997,0.3185595567867036,0.2853185595567867,0.036011080332409975,0.16620498614958448,361,40.0,Mercedes,George RUSSELL,United States,Las Vegas,Las Vegas
9314,77,14,2023-11-18 08:38:40.232,93.809,26.716,31.141,35.952,186.0,214.0,347.0,72.33240997229917,40.94780250525335,0.631578947368421,0.18559556786703602,0.16897506925207756,6.199445983379501,6,10252.880886426592,1730.0760451158383,12471,352,236.09418282548475,83,85.94919038116409,0.3462603878116344,0.3047091412742382,0.3047091412742382,0.0443213296398892,0.1634349030470914,361,40.0,Alfa Romeo,Valtteri BOTTAS,United States,Las Vegas,Las Vegas
9112,27,17,2023-06-30 15:45:01.359,65.301,16.404,29.035,19.862,324.0,245.0,316.0,75.99604743083005,39.74566942804532,0.691699604743083,0.13438735177865613,0.14624505928853754,6.086956521739131,7,10766.05928853755,1108.2040921973648,12159,326,239.38735177865613,66,65.90463406899865,0.20553359683794467,0.5612648221343873,0.18972332015810275,0.043478260869565216,0.3557312252964427,253,30.0,Haas F1 Team,Nico HULKENBERG,Austria,Spielberg,Spielberg
9207,63,8,2023-10-20 21:28:07.663,95.759,25.621,38.464,31.674,230.0,192.0,316.0,69.89196675900277,40.968442689451734,0.5761772853185596,0.20221606648199447,0.1745152354570637,5.3988919667590025,6,10216.526315789473,1603.6178108680806,12174,318,204.5983379501385,73,69.48794377849478,0.08033240997229917,0.4930747922437673,0.3296398891966759,0.09695290858725762,0.17174515235457063,361,45.0,Mercedes,George RUSSELL,United States,Austin,Austin
9112,20,2,2023-06-30 15:01:30.843,66.006,16.553,29.423,20.03,323.0,242.0,315.0,74.0,39.79187659086904,0.2897959183673469,0.16326530612244897,0.16326530612244897,6.0653061224489795,6,10474.526530612246,1477.029241912757,12491,325,232.88979591836735,70,66.25138490633506,0.17551020408163265,0.5510204081632653,0.22448979591836735,0.04897959183673469,0.34285714285714286,245,23.0,Haas F1 Team,Kevin MAGNUSSEN,Austria,Spielberg,Spielberg
9112,20,6,2023-06-30 15:17:45.591,65.793,16.725,29.227,19.841,319.0,242.0,315.0,75.06614785992218,39.55938354068067,0.25680933852140075,0.15953307392996108,0.15953307392996108,6.120622568093385,7,10608.357976653697,1311.7512910140927,12548,321,236.42412451361866,67,65.07642053374197,0.17509727626459143,0.5758754863813229,0.20622568093385213,0.042801556420233464,0.3346303501945525,257,26.0,Haas F1 Team,Kevin MAGNUSSEN,Austria,Spielberg,Spielberg
9112,22,9,2023-06-30 15:23:18.101,65.863,16.634,29.329,19.9,320.0,244.0,314.0,74.775,40.51518905216974,0.6708333333333333,0.15833333333333333,0.14583333333333334,5.9,7,10616.8625,1102.9214276526295,12314,321,234.92916666666667,66,64.74629586126555,0.16666666666666666,0.5625,0.23333333333333334,0.0375,0.3416666666666667,240,33.0,AlphaTauri,Yuki TSUNODA,Austria,Spielberg,Spielberg
9112,23,20,2023-06-30 16:01:21.748,65.34,16.375,29.225,19.74,324.0,245.0,316.0,75.10788381742739,38.729897743902086,0.6431535269709544,0.12863070539419086,0.16182572614107885,6.153526970954357,7,10652.813278008298,1117.5963429713597,12089,325,234.82572614107883,68,66.76640499089363,0.1950207468879668,0.5560165975103735,0.2033195020746888,0.04564315352697095,0.3278008298755187,241,33.0,Williams,Alexander ALBON,Austria,Spielberg,Spielberg
9129,1,8,2023-07-22 14:16:58.493,78.318,28.189,27.933,22.196,282.0,249.0,303.0,63.26101694915254,43.419990603365065,0.511864406779661,0.19661016949152543,0.22033898305084745,4.9932203389830505,6,10142.677966101695,1354.1082971074245,12051,314,198.63728813559322,91,58.77045713686904,0.04067796610169491,0.4542372881355932,0.48135593220338985,0.023728813559322035,0.16271186440677965,295,37.0,Red Bull Racing,Max VERSTAPPEN,Hungary,Hungaroring,Budapest
9314,10,3,2023-11-18 08:04:07.456,95.784,27.324,32.097,36.363,183.0,213.0,334.0,73.7528409090909,40.20621690666918,0.6420454545454546,0.1846590909090909,0.16761363636363635,5.661931818181818,6,10285.071022727272,1568.5235560674735,12043,348,230.1306818181818,83,86.04136666012329,0.3039772727272727,0.3153409090909091,0.3096590909090909,0.07102272727272728,0.16761363636363635,352,37.0,Alpine,Pierre GASLY,United States,Las Vegas,Las Vegas
9314,11,5,2023-11-18 08:08:44.451,94.574,27.044,31.281,36.249,185.0,215.0,347.0,73.88919667590028,40.882336849760925,0.6703601108033241,0.16620498614958448,0.15789473684210525,5.82825484764543,6,10565.952908587258,1426.6693693504828,12288,349,235.67036011080333,87,83.01528930218525,0.32409972299168976,0.3379501385041551,0.28254847645429365,0.055401662049861494,0.16066481994459833,361,41.0,Red Bull Racing,Sergio PEREZ,United States,Las Vegas,Las Vegas
9064,4,16,2023-04-28 14:17:28.140,101.594,35.878,40.71,25.006,223.0,236.0,315.0,66.72151898734177,43.307933151201674,0.16962025316455695,0.22278481012658227,0.18734177215189873,5.318987341772152,7,10338.40253164557,1227.553411532943,12116,329,209.6987341772152,75,79.00898152001561,0.17974683544303796,0.3518987341772152,0.4,0.06835443037974684,0.14430379746835442,395,52.0,McLaren,Lando NORRIS,Azerbaijan,Baku,Baku
9314,16,10,2023-11-18 08:27:42.071,93.966,26.757,31.041,36.168,187.0,214.0,343.0,76.48641304347827,37.81036621210161,0.6494565217391305,0.06793478260869565,0.16576086956521738,6.002717391304348,6,10644.660326086956,1331.7824819129203,12356,347,236.61684782608697,92,83.52217437204975,0.3342391304347826,0.33695652173913043,0.26902173913043476,0.059782608695652176,0.16576086956521738,368,41.0,Ferrari,Charles LECLERC,United States,Las Vegas,Las Vegas
9314,23,20,2023-11-18 08:59:25.741,93.323,26.576,31.008,35.739,187.0,217.0,342.0,72.30790960451978,41.074637993163435,0.6299435028248588,0.18926553672316385,0.18361581920903955,6.019774011299435,6,10723.223163841807,1469.8275586067302,12888,350,235.79661016949152,91,84.43260644424885,0.3305084745762712,0.3220338983050847,0.3107344632768362,0.03672316384180791,0.1553672316384181,354,40.0,Williams,Alexander ALBON,United States,Las Vegas,Las Vegas
9090,44,8,2023-05-27 14:21:54.546,73.437,19.13,34.736,19.571,216.0,197.0,281.0,55.388489208633096,43.519365504135656,0.41007194244604317,0.25539568345323743,0.26258992805755393,3.9748201438848922,7,9731.431654676258,1809.8381244819384,12267,288,160.9820143884892,44,68.06083788559559,0.0,0.31654676258992803,0.4316546762589928,0.2517985611510791,0.07913669064748201,278,44.0,Mercedes,Lewis HAMILTON,Monaco,Monte Carlo,Monaco
9090,44,12,2023-05-27 14:27:57.791,72.872,19.042,34.519,19.311,,201.0,283.0,54.31785714285714,43.784938357075745,0.3821428571428571,0.2714285714285714,0.26785714285714285,4.121428571428571,8,9631.685714285713,1763.8279611395485,12623,290,161.26071428571427,45,68.31137774366047,0.0,0.325,0.4142857142857143,0.26071428571428573,0.07142857142857142,280,42.0,Mercedes,Lewis HAMILTON,Monaco,Monte Carlo,Monaco
9090,55,14,2023-05-27 14:38:02.847,72.303,18.957,34.217,19.129,218.0,202.0,281.0,57.835087719298244,42.88566724044026,0.34385964912280703,0.19649122807017544,0.2982456140350877,4.035087719298246,7,9774.38245614035,1784.3728879391358,12189,289,163.60350877192982,47,68.72311757373659,0.0,0.3333333333333333,0.42105263157894735,0.24561403508771928,0.07719298245614035,285,41.0,Ferrari,Carlos SAINZ,Monaco,Monte Carlo,Monaco
9090,63,6,2023-05-27 14:19:07.860,73.252,19.12,34.774,19.358,214.0,202.0,280.0,54.638297872340424,43.90669119407683,0.3971631205673759,0.2872340425531915,0.2907801418439716,3.982269503546099,7,9673.312056737588,1784.1658243422653,11960,288,160.5177304964539,43,67.48344759083976,0.0,0.30851063829787234,0.4397163120567376,0.25177304964539005,0.08156028368794327,282,48.0,Mercedes,George RUSSELL,Monaco,Monte Carlo,Monaco
9090,77,4,2023-05-27 14:05:20.651,74.004,19.376,35.071,19.557,216.0,199.0,280.0,55.36200716845878,44.25979700008978,0.4157706093189964,0.2616487455197133,0.2831541218637993,3.974910394265233,7,9715.72759856631,1847.452464607352,12223,287,161.84587813620072,45,69.27788825660355,0.0,0.32974910394265233,0.4050179211469534,0.26523297491039427,0.08243727598566308,279,41.0,Alfa Romeo,Valtteri BOTTAS,Monaco,Monte Carlo,Monaco
9090,77,2,2023-05-27 14:02:15.606,74.338,19.63,35.098,19.61,216.0,197.0,280.0,53.5177304964539,44.19571529398566,0.38652482269503546,0.30851063829787234,0.29432624113475175,3.9148936170212765,7,9636.670212765957,1846.8413068159161,12285,288,158.70921985815602,44,67.58077165592186,0.0,0.29432624113475175,0.450354609929078,0.2553191489361702,0.08156028368794327,282,44.0,Alfa Romeo,Valtteri BOTTAS,Monaco,Monte Carlo,Monaco
9169,20,5,2023-09-23 06:29:31.304,90.976,31.771,40.947,18.258,280.0,305.0,302.0,72.74183976261128,38.87351819482377,0.43026706231454004,0.1513353115727003,0.1513353115727003,5.943620178041543,7,10361.3293768546,1260.9464515545465,11846,332,227.64391691394658,70,66.08002161047385,0.16023738872403562,0.5400593471810089,0.2314540059347181,0.06824925816023739,0.09495548961424333,337,32.0,Haas F1 Team,Kevin MAGNUSSEN,Japan,Suzuka,Suzuka
9215,4,2,2023-10-06 17:03:53.587,86.043,31.778,29.243,25.022,241.0,288.0,316.0,70.91891891891892,40.003945995530046,0.003003003003003003,0.17417417417417416,0.12612612612612611,5.654654654654655,6,10693.93993993994,983.1462815063469,12108,317,226.34234234234233,84,54.648740684048036,0.08408408408408409,0.6006006006006006,0.29429429429429427,0.021021021021021023,0.11711711711711711,333,36.0,McLaren,Lando NORRIS,Qatar,Lusail,Lusail
9215,11,2,2023-10-06 17:01:45.792,88.495,32.96,30.083,25.452,231.0,288.0,315.0,67.02064896755162,41.93404427669813,0.5634218289085545,0.14749262536873156,0.14454277286135694,5.513274336283186,6,10340.433628318584,1152.7451378471685,12126,318,219.2890855457227,83,56.522699781427804,0.06784660766961652,0.5663716814159292,0.3421828908554572,0.02359882005899705,0.10324483775811209,339,35.0,Red Bull Racing,Sergio PEREZ,Qatar,Lusail,Lusail
9074,31,8,2023-05-06 20:16:56.292,87.872,29.476,33.44,24.956,222.0,193.0,339.0,69.5122699386503,39.933847256152006,0.5429447852760736,0.15337423312883436,0.18404907975460122,5.401840490797546,7,10127.401840490798,1388.8129678131008,11785,340,219.28220858895705,66,83.77622274772456,0.22699386503067484,0.3803680981595092,0.294478527607362,0.09815950920245399,0.2331288343558282,326,36.0,Alpine,Esteban OCON,United States,Miami,Miami
9074,55,2,2023-05-06 20:05:29.242,88.732,29.911,33.704,25.117,223.0,194.0,332.0,71.10479041916167,38.413247383950335,0.059880239520958084,0.1317365269461078,0.18862275449101795,5.68562874251497,7,10116.131736526946,1554.364118996963,12102,336,218.0688622754491,71,83.07678376359726,0.20359281437125748,0.4101796407185629,0.2694610778443114,0.11676646706586827,0.23652694610778444,334,34.0,Ferrari,Carlos SAINZ,United States,Miami,Miami
9153,1,11,2023-09-02 14:28:35.347,81.035,26.962,27.27,26.803,319.0,333.0,339.0,80.4448051948052,37.30838391548716,0.7402597402597403,0.11688311688311688,0.12337662337662338,6.444805194805195,7,10823.785714285714,1012.3183954352621,12059,340,257.3961038961039,71,69.6512409032586,0.37012987012987014,0.4448051948051948,0.1396103896103896,0.045454545454545456,0.2012987012987013,308,30.0,Red Bull Racing,Max VERSTAPPEN,Italy,Monza,Monza
9153,1,14,2023-09-02 14:39:41.308,80.937,26.897,27.357,26.683,321.0,338.0,344.0,77.91390728476821,39.51541024051788,0.7218543046357616,0.1291390728476821,0.13245033112582782,6.367549668874172,7,10799.870860927153,1105.4493711479274,12238,345,255.61258278145695,69,73.18314694855496,0.39072847682119205,0.40728476821192056,0.15562913907284767,0.046357615894039736,0.19536423841059603,302,31.0,Red Bull Racing,Max VERSTAPPEN,Italy,Monza,Monza
9153,4,22,2023-09-02 14:59:13.014,81.028,26.9,27.379,26.749,319.0,332.0,341.0,79.54849498327759,36.77858869850087,0.030100334448160536,0.13043478260869565,0.10702341137123746,6.498327759197324,7,10867.95652173913,979.1680012200975,12238,343,258.3511705685619,72,66.48293233792664,0.36454849498327757,0.46153846153846156,0.14381270903010032,0.030100334448160536,0.20735785953177258,299,29.0,McLaren,Lando NORRIS,Italy,Monza,Monza
9177,22,2,2023-10-28 21:04:50.495,78.89,27.839,30.616,20.435,309.0,292.0,340.0,60.41,43.48792051557799,0.44,0.27,0.20333333333333334,4.933333333333334,7,9813.92,1833.9856245812196,12102,341,194.0,64,83.16225024745745,0.15666666666666668,0.30333333333333334,0.38333333333333336,0.15666666666666668,0.2733333333333333,300,31.0,AlphaTauri,Yuki TSUNODA,Mexico,Mexico City,Mexico City
7775,10,18,2023-03-18 17:49:41.230,89.655,32.557,28.44,28.658,287.0,317.0,328.0,80.17888563049853,36.74979343585562,0.7155425219941349,0.1495601173020528,0.10850439882697947,5.9501466275659824,6,10684.8211143695,919.3992157413521,11975,330,243.88856304985336,92,58.97815561205428,0.18475073313782991,0.5894428152492669,0.21407624633431085,0.011730205278592375,0.2316715542521994,341,32.0,Alpine,Pierre GASLY,Saudi Arabia,Jeddah,Jeddah
7775,10,22,2023-03-18 17:59:04.036,89.357,32.403,28.357,28.597,289.0,320.0,325.0,79.51840490797547,37.063579036384425,0.7116564417177914,0.1441717791411043,0.09815950920245399,5.975460122699387,6,10705.503067484662,945.5301671092456,12046,328,246.20245398773005,91,60.93761344539967,0.2116564417177914,0.5613496932515337,0.2085889570552147,0.018404907975460124,0.25766871165644173,326,34.0,Alpine,Pierre GASLY,Saudi Arabia,Jeddah,Jeddah
7775,14,9,2023-03-18 17:26:59.152,88.757,32.176,28.074,28.507,292.0,320.0,326.0,81.40963855421687,34.70733439629371,0.26506024096385544,0.10542168674698796,0.09036144578313253,6.515060240963855,6,10754.653614457831,1002.7745183437123,11990,327,248.05421686746988,90,60.2441915089173,0.20180722891566266,0.6054216867469879,0.17771084337349397,0.015060240963855422,0.25,332,36.0,Aston Martin,Fernando ALONSO,Saudi Arabia,Jeddah,Jeddah
7775,16,4,2023-03-18 17:08:13.743,89.376,32.544,28.337,28.495,289.0,327.0,331.0,79.75892857142857,34.24980545600205,0.02976190476190476,0.047619047619047616,0.14285714285714285,6.199404761904762,6,10794.982142857143,939.1179251255469,12110,332,243.13392857142858,88,62.89590958425441,0.20238095238095238,0.5476190476190477,0.22916666666666666,0.020833333333333332,0.2261904761904762,336,38.0,Ferrari,Charles LECLERC,Saudi Arabia,Jeddah,Jeddah
7775,16,12,2023-03-18 17:31:58.227,88.903,32.355,28.197,28.351,289.0,325.0,329.0,82.03823529411764,32.88894798456609,0.03235294117647059,0.03823529411764706,0.12352941176470589,6.294117647058823,6,10811.079411764706,900.4048235002659,12231,330,246.6235294117647,90,61.356875013321115,0.2,0.5735294117647058,0.2088235294117647,0.01764705882352941,0.2411764705882353,340,38.0,Ferrari,Charles LECLERC,Saudi Arabia,Jeddah,Jeddah
9129,44,2,2023-07-22 14:03:49.049,79.184,28.612,28.182,22.39,277.0,245.0,301.0,68.13013698630137,39.586481725159146,0.5171232876712328,0.10616438356164383,0.2089041095890411,5.1438356164383565,7,10331.671232876712,1186.1161959826525,12352,310,199.04109589041096,87,58.31180280664643,0.0410958904109589,0.4589041095890411,0.4691780821917808,0.030821917808219176,0.16095890410958905,292,45.0,Mercedes,Lewis HAMILTON,Hungary,Hungaroring,Budapest
9129,81,7,2023-07-22 14:13:47.245,78.464,28.493,27.859,22.112,279.0,252.0,301.0,61.73986486486486,43.578371621734746,0.11486486486486487,0.2533783783783784,0.21283783783783783,4.9324324324324325,6,10285.631756756757,1227.6181773503406,11832,310,197.59121621621622,92,58.958805991467734,0.033783783783783786,0.4560810810810811,0.49324324324324326,0.016891891891891893,0.14189189189189189,296,37.0,McLaren,Oscar PIASTRI,Hungary,Hungaroring,Budapest
9161,1,5,2023-09-16 13:09:26.581,92.398,27.144,39.064,26.19,310.0,277.0,301.0,65.82369942196532,42.68259142346484,0.5404624277456648,0.2138728323699422,0.1994219653179191,4.80635838150289,7,9967.760115606936,1548.8067712766663,12276,312,190.40462427745663,67,67.46226755580834,0.049132947976878616,0.3959537572254335,0.4653179190751445,0.08959537572254335,0.1791907514450867,346,49.0,Red Bull Racing,Max VERSTAPPEN,Singapore,Singapore,Marina Bay
9161,1,10,2023-09-16 13:55:07.548,92.307,27.25,38.931,26.126,305.0,277.0,300.0,64.93913043478261,42.9000230978935,0.527536231884058,0.21159420289855072,0.19710144927536233,4.718840579710145,7,10057.898550724638,1485.3929765926202,12264,307,190.1710144927536,68,65.01741515684174,0.03768115942028986,0.40869565217391307,0.4579710144927536,0.09565217391304348,0.17681159420289855,345,50.0,Red Bull Racing,Max VERSTAPPEN,Singapore,Singapore,Marina Bay
9177,2,5,2023-10-28 21:17:21.456,79.965,27.903,30.91,21.152,302.0,287.0,348.0,57.728476821192054,43.3766527483655,0.3344370860927152,0.25496688741721857,0.2251655629139073,4.97682119205298,7,9923.470198675497,1929.9989131491163,12820,348,192.7019867549669,62,84.56005314214167,0.1423841059602649,0.31788079470198677,0.38079470198675497,0.15894039735099338,0.20860927152317882,302,34.0,Williams,Logan SARGEANT,Mexico,Mexico City,Mexico City
7768,16,16,2023-03-04 15:59:35.856,90.0,28.825,38.614,22.561,243.0,273.0,322.0,73.41520467836257,38.56422608500911,0.21052631578947367,0.06140350877192982,0.18421052631578946,5.526315789473684,7,10325.558479532163,1409.3247320551905,12077,325,215.2719298245614,63,71.23678476047131,0.10526315789473684,0.5263157894736842,0.27485380116959063,0.0935672514619883,0.21929824561403508,342,47.0,Ferrari,Charles LECLERC,Bahrain,Sakhir,Sakhir
7768,20,2,2023-03-04 15:14:09.547,92.07,29.414,39.561,23.095,240.0,270.0,316.0,70.54829545454545,41.90768510858506,0.5994318181818182,0.21306818181818182,0.20170454545454544,5.582386363636363,7,10226.357954545454,1451.9743341206445,11955,320,212.9715909090909,66,69.86918415387356,0.09659090909090909,0.5227272727272727,0.29545454545454547,0.08522727272727272,0.23863636363636365,352,45.0,Haas F1 Team,Kevin MAGNUSSEN,Bahrain,Sakhir,Sakhir
9153,77,2,2023-09-02 14:03:50.082,82.658,27.26,28.048,27.35,321.0,337.0,344.0,77.99674267100977,37.99815082973536,0.6905537459283387,0.10097719869706841,0.15309446254071662,6.355048859934853,7,10657.693811074918,1320.8613094312445,12243,345,249.1530944625407,71,76.25614310537901,0.36807817589576547,0.38436482084690554,0.18241042345276873,0.06514657980456026,0.1791530944625407,307,31.0,Alfa Romeo,Valtteri BOTTAS,Italy,Monza,Monza
9064,44,16,2023-04-28 14:01:53.275,101.65,35.772,40.918,24.96,227.0,242.0,313.0,70.87467362924282,41.458614459684526,0.6161879895561357,0.17232375979112272,0.19321148825065274,5.652741514360313,7,10304.715404699738,1499.8898825017754,12212,333,213.06005221932114,77,79.36468313294694,0.206266318537859,0.34986945169712796,0.38903394255874674,0.05483028720626632,0.15926892950391644,383,51.0,Mercedes,Lewis HAMILTON,Azerbaijan,Baku,Baku
9064,55,17,2023-04-28 14:06:07.132,101.369,35.701,40.879,24.789,223.0,243.0,318.0,71.2084432717678,40.477589755788465,0.5778364116094987,0.1741424802110818,0.19525065963060687,5.427440633245382,7,10230.5963060686,1576.8961184384048,12161,335,210.94459102902374,76,81.64262419683115,0.21899736147757257,0.3324538258575198,0.36675461741424803,0.08179419525065963,0.16358839050131926,379,48.0,Ferrari,Carlos SAINZ,Azerbaijan,Baku,Baku
9064,63,16,2023-04-28 14:02:08.541,101.654,35.794,40.933,24.927,228.0,240.0,313.0,69.7598944591029,42.635689101667126,0.6226912928759895,0.23218997361477572,0.18469656992084432,5.493403693931398,6,10211.786279683378,1571.3671243181757,12209,333,209.0131926121372,75,79.45107532606521,0.18997361477572558,0.3403693931398417,0.38522427440633245,0.08443271767810026,0.14511873350923482,379,49.0,Mercedes,George RUSSELL,Azerbaijan,Baku,Baku
9193,31,5,2023-11-25 14:16:51.856,84.565,17.235,36.26,31.07,292.0,322.0,328.0,74.34824281150159,39.192696268726515,0.6230031948881789,0.16293929712460065,0.16613418530351437,5.5111821086261985,7,10312.485623003195,1230.5839714746537,11758,330,223.18210862619807,67,70.35679718152332,0.13738019169329074,0.48881789137380194,0.33865814696485624,0.03514376996805112,0.21725239616613418,313,37.0,Alpine,Esteban OCON,United Arab Emirates,Yas Marina Circuit,Yas Island
9090,1,26,2023-05-27 15:05:15.625,71.654,18.759,33.937,18.958,218.0,203.0,279.0,56.32014388489208,45.457105070860656,0.45323741007194246,0.29136690647482016,0.26618705035971224,3.9568345323741005,7,9865.942446043166,1701.5380864063738,12029,286,165.31654676258992,43,67.70775339368856,0.0,0.33093525179856115,0.43884892086330934,0.2302158273381295,0.07913669064748201,278,37.0,Red Bull Racing,Max VERSTAPPEN,Monaco,Monte Carlo,Monaco
9090,4,21,2023-05-27 15:06:44.046,72.254,18.923,34.258,19.073,221.0,203.0,279.0,52.50714285714286,45.1726272984033,0.16428571428571428,0.30357142857142855,0.2392857142857143,3.9392857142857145,7,9766.992857142857,1695.1335173153338,12859,287,162.68571428571428,43,68.03257555322692,0.0,0.33214285714285713,0.4035714285714286,0.2642857142857143,0.07142857142857142,280,37.0,McLaren,Lando NORRIS,Monaco,Monte Carlo,Monaco
9090,14,24,2023-05-27 15:08:56.404,71.449,18.496,33.844,19.109,223.0,206.0,280.0,56.31636363636363,43.94993320887264,0.16,0.2109090909090909,0.26181818181818184,4.050909090909091,7,9792.134545454546,1770.5267165717175,12238,288,165.35636363636362,46,68.82122922883619,0.0,0.33454545454545453,0.41818181818181815,0.24727272727272728,0.09090909090909091,275,47.0,Aston Martin,Fernando ALONSO,Monaco,Monte Carlo,Monaco
9090,18,11,2023-05-27 14:26:56.995,72.722,18.853,34.314,19.555,221.0,199.0,280.0,53.604395604395606,43.65671882144473,0.02197802197802198,0.2673992673992674,0.27106227106227104,4.175824175824176,8,9557.19413919414,1740.4750732353973,11903,287,163.05494505494505,45,67.80183538597264,0.0,0.34065934065934067,0.41025641025641024,0.2490842490842491,0.08424908424908426,273,51.0,Aston Martin,Lance STROLL,Monaco,Monte Carlo,Monaco
9090,18,18,2023-05-27 14:48:10.465,72.623,18.871,34.172,19.58,220.0,201.0,279.0,55.592727272727274,43.48656917646203,0.03636363636363636,0.24,0.26545454545454544,4.123636363636364,8,9567.530909090909,1770.9051053880091,12000,286,163.02545454545455,45,68.77040033939076,0.0,0.33090909090909093,0.41818181818181815,0.2509090909090909,0.08,275,49.0,Aston Martin,Lance STROLL,Monaco,Monte Carlo,Monaco
9090,22,4,2023-05-27 14:04:58.667,74.324,19.493,35.063,19.768,214.0,199.0,280.0,53.05755395683453,44.89647454406913,0.38848920863309355,0.3381294964028777,0.2589928057553957,3.647482014388489,7,9719.26618705036,1923.8898025120768,12811,286,156.48561151079136,44,67.30890700270714,0.0,0.27697841726618705,0.4568345323741007,0.26618705035971224,0.07194244604316546,278,36.0,AlphaTauri,Yuki TSUNODA,Monaco,Monte Carlo,Monaco
9090,22,7,2023-05-27 14:19:52.375,73.116,19.179,34.547,19.39,219.0,204.0,280.0,57.20494699646643,44.59868780764572,0.42402826855123676,0.31448763250883394,0.2226148409893993,3.7738515901060072,7,9866.81625441696,1824.80611662745,12972,285,161.79858657243815,47,66.98707188266687,0.0,0.31448763250883394,0.4452296819787986,0.24028268551236748,0.0636042402826855,283,38.0,AlphaTauri,Yuki TSUNODA,Monaco,Monte Carlo,Monaco
9193,18,5,2023-11-25 14:16:01.513,84.405,17.182,36.277,30.946,288.0,320.0,324.0,74.91428571428571,38.273599593475346,0.04126984126984127,0.12063492063492064,0.15555555555555556,5.857142857142857,7,10489.126984126984,1278.47080096466,12039,327,223.9206349206349,64,70.60432981149685,0.14285714285714285,0.5142857142857142,0.30793650793650795,0.03492063492063492,0.21587301587301588,315,41.0,Aston Martin,Lance STROLL,United Arab Emirates,Yas Marina Circuit,Yas Island
9193,22,5,2023-11-25 14:16:08.950,84.286,17.352,36.262,30.672,288.0,321.0,322.0,75.19620253164557,39.62305868032208,0.6518987341772152,0.16455696202531644,0.12974683544303797,5.474683544303797,7,10641.943037974683,1179.9864230785834,12163,324,224.15506329113924,68,68.06134958708235,0.12974683544303797,0.5158227848101266,0.31962025316455694,0.03481012658227848,0.21518987341772153,316,39.0,AlphaTauri,Yuki TSUNODA,United Arab Emirates,Yas Marina Circuit,Yas Island
9193,22,11,2023-11-25 14:38:03.349,84.207,17.222,36.341,30.644,289.0,319.0,323.0,77.784375,37.08374500787073,0.66875,0.1375,0.11875,5.51875,7,10598.10625,1183.688478869266,12248,324,223.79375,68,69.62052060071609,0.1375,0.49375,0.334375,0.034375,0.21875,320,39.0,AlphaTauri,Yuki TSUNODA,United Arab Emirates,Yas Marina Circuit,Yas Island
9161,55,16,2023-09-16 14:18:47.414,91.17,26.881,38.477,25.812,313.0,280.0,303.0,65.46706586826348,40.99495089852926,0.038922155688622756,0.1467065868263473,0.24251497005988024,4.952095808383233,7,10001.784431137725,1592.0399670529064,12076,313,190.21556886227546,66,66.478122550984,0.038922155688622756,0.40119760479041916,0.46706586826347307,0.09281437125748503,0.17365269461077845,334,45.0,Ferrari,Carlos SAINZ,Singapore,Singapore,Marina Bay
7775,16,18,2023-03-18 17:59:15.833,88.42,32.154,28.027,28.239,290.0,327.0,331.0,81.93230769230769,33.10563483653085,0.09230769230769231,0.027692307692307693,0.12,6.246153846153846,6,10865.415384615384,881.3441595315427,12681,332,246.76615384615386,91,62.15954749456712,0.2276923076923077,0.5507692307692308,0.20307692307692307,0.018461538461538463,0.25846153846153846,325,39.0,Ferrari,Charles LECLERC,Saudi Arabia,Jeddah,Jeddah
7775,18,19,2023-03-18 17:58:58.724,88.945,32.068,28.137,28.74,293.0,317.0,317.0,82.33024691358025,34.45604116398546,0.040123456790123455,0.09876543209876543,0.12345679012345678,6.4753086419753085,6,10849.317901234568,982.1954719227493,11990,321,246.52777777777777,89,59.90546603341897,0.2006172839506173,0.5802469135802469,0.19753086419753085,0.021604938271604937,0.2623456790123457,324,38.0,Aston Martin,Lance STROLL,Saudi Arabia,Jeddah,Jeddah
7775,20,4,2023-03-18 17:06:40.073,89.872,32.667,28.409,28.796,289.0,328.0,333.0,78.69254658385093,37.56035898825359,0.5434782608695652,0.14906832298136646,0.14906832298136646,6.208074534161491,6,10836.546583850932,1040.7998868011289,12216,334,245.6086956521739,88,63.99870266530148,0.2111801242236025,0.5590062111801242,0.2111801242236025,0.018633540372670808,0.2453416149068323,322,38.0,Haas F1 Team,Kevin MAGNUSSEN,Saudi Arabia,Jeddah,Jeddah
9161,27,11,2023-09-16 13:55:30.751,92.348,27.141,38.998,26.209,313.0,280.0,301.0,65.20738636363636,41.5740804084758,0.5,0.056818181818181816,0.19318181818181818,4.863636363636363,7,10084.911931818182,1573.334874573603,12501,317,189.78125,64,67.08429353774763,0.04261363636363636,0.4090909090909091,0.4659090909090909,0.08238636363636363,0.20170454545454544,352,50.0,Haas F1 Team,Nico HULKENBERG,Singapore,Singapore,Marina Bay
9161,40,2,2023-09-16 13:02:19.948,93.601,27.57,39.348,26.683,306.0,276.0,296.0,64.95965417867436,43.0541209066878,0.5187319884726225,0.26512968299711814,0.2219020172910663,4.688760806916426,7,9953.873198847263,1676.622751523735,12487,309,187.11239193083574,62,66.1090056372281,0.023054755043227664,0.4092219020172911,0.4668587896253602,0.10086455331412104,0.18155619596541786,347,47.0,AlphaTauri,Liam LAWSON,Singapore,Singapore,Marina Bay
9161,40,8,2023-09-16 13:17:19.651,92.215,27.328,38.742,26.145,308.0,277.0,297.0,65.9193083573487,42.77301768983356,0.5273775216138329,0.2507204610951009,0.21902017291066284,4.780979827089337,7,10073.224783861671,1564.8664207030888,12192,311,191.328530259366,64,65.46213103662862,0.040345821325648415,0.41210374639769454,0.46397694524495675,0.08357348703170028,0.1873198847262248,347,48.0,AlphaTauri,Liam LAWSON,Singapore,Singapore,Marina Bay
9161,40,17,2023-09-16 14:19:05.601,92.811,27.376,39.092,26.343,306.0,276.0,297.0,66.15223880597014,42.93440323912383,0.5402985074626866,0.24776119402985075,0.22686567164179106,4.7791044776119405,7,10060.737313432835,1567.3901005162536,12459,309,191.644776119403,66,65.14485766439587,0.03283582089552239,0.42388059701492536,0.4537313432835821,0.08955223880597014,0.20597014925373133,335,46.0,AlphaTauri,Liam LAWSON,Singapore,Singapore,Marina Bay
9215,18,4,2023-10-06 17:05:50.194,87.287,31.92,29.872,25.495,238.0,287.0,323.0,68.61963190184049,41.443672036441065,0.024539877300613498,0.1687116564417178,0.1441717791411043,5.644171779141105,7,10669.334355828221,999.8628960708173,12169,324,219.48466257668713,87,56.564447200662755,0.07668711656441718,0.549079754601227,0.35276073619631904,0.02147239263803681,0.10429447852760736,326,40.0,Aston Martin,Lance STROLL,Qatar,Lusail,Lusail
9215,27,8,2023-10-06 17:28:31.639,85.783,31.872,28.959,24.952,242.0,286.0,317.0,73.57538461538462,38.35745630175599,0.6153846153846154,0.06461538461538462,0.15692307692307692,5.769230769230769,6,10696.486153846154,914.2031630982273,12193,320,226.8153846153846,96,52.63843954885679,0.07076923076923076,0.6184615384615385,0.30153846153846153,0.009230769230769232,0.10461538461538461,325,32.0,Haas F1 Team,Nico HULKENBERG,Qatar,Lusail,Lusail
9112,1,11,2023-06-30 15:23:41.351,65.339,16.38,29.17,19.789,327.0,247.0,320.0,73.91735537190083,41.09034409735652,0.6611570247933884,0.16942148760330578,0.16115702479338842,5.971074380165289,7,10624.02479338843,1065.8096329347927,11905,329,236.58677685950414,69,66.53519574297358,0.2024793388429752,0.5330578512396694,0.2231404958677686,0.04132231404958678,0.33884297520661155,242,32.0,Red Bull Racing,Max VERSTAPPEN,Austria,Spielberg,Spielberg
9112,1,17,2023-06-30 15:38:05.273,64.951,16.474,28.943,19.534,323.0,247.0,319.0,74.56962025316456,40.970747174145146,0.6877637130801688,0.17721518987341772,0.16877637130801687,6.071729957805907,7,10574.012658227848,1036.9138102268141,11917,325,239.18143459915612,68,65.0064924499474,0.19831223628691982,0.5738396624472574,0.18565400843881857,0.04219409282700422,0.33755274261603374,237,33.0,Red Bull Racing,Max VERSTAPPEN,Austria,Spielberg,Spielberg
9112,4,6,2023-06-30 15:13:48.330,65.617,16.503,29.303,19.811,319.0,247.0,314.0,72.35627530364373,40.913186286165754,0.004048582995951417,0.16194331983805668,0.145748987854251,5.947368421052632,7,10611.813765182187,1115.8533564689762,12094,320,234.80161943319837,70,63.84251709665501,0.1659919028340081,0.5951417004048583,0.19433198380566802,0.044534412955465584,0.3319838056680162,247,33.0,McLaren,Lando NORRIS,Austria,Spielberg,Spielberg
9112,11,12,2023-06-30 15:32:46.935,65.028,16.469,28.971,19.588,324.0,246.0,319.0,75.85887096774194,40.16605514317606,0.6975806451612904,0.13306451612903225,0.14112903225806453,6.048387096774194,7,10608.354838709678,1070.3879216104451,11885,326,239.91129032258064,65,63.8525010966997,0.18548387096774194,0.5846774193548387,0.18951612903225806,0.04032258064516129,0.3588709677419355,248,33.0,Red Bull Racing,Sergio PEREZ,Austria,Spielberg,Spielberg
9112,14,11,2023-06-30 15:22:36.117,67.499,16.632,29.497,21.37,320.0,246.0,313.0,71.736,41.61636687612064,0.524,0.196,0.188,6.012,7,10508.364,1218.3839778880451,12025,321,227.728,65,64.76734712038191,0.14,0.572,0.24,0.048,0.324,250,38.0,Aston Martin,Fernando ALONSO,Austria,Spielberg,Spielberg
9112,14,14,2023-06-30 15:33:03.653,65.382,16.546,29.217,19.619,319.0,247.0,314.0,75.05645161290323,40.712341814515426,0.5564516129032258,0.1975806451612903,0.1532258064516129,6.157258064516129,7,10605.79435483871,1227.122546025439,12132,320,234.78225806451613,62,65.94833709602317,0.1774193548387097,0.5725806451612904,0.1975806451612903,0.05241935483870968,0.34274193548387094,248,37.0,Aston Martin,Fernando ALONSO,Austria,Spielberg,Spielberg
9207,10,9,2023-10-20 21:29:05.318,95.621,25.508,38.518,31.595,235.0,190.0,320.0,69.45901639344262,41.41195926947573,0.5737704918032787,0.2103825136612022,0.16393442622950818,4.994535519125683,7,10218.459016393443,1242.919429920801,12142,321,205.4071038251366,80,71.16552847093945,0.08469945355191257,0.4918032786885246,0.31420765027322406,0.1092896174863388,0.18032786885245902,366,50.0,Alpine,Pierre GASLY,United States,Austin,Austin
9169,81,13,2023-09-23 07:12:21.244,89.54,30.952,40.641,17.947,281.0,307.0,303.0,73.71130952380952,37.93383859456928,0.041666666666666664,0.13392857142857142,0.11011904761904762,5.839285714285714,7,10697.080357142857,1190.7818387737145,12050,331,233.0,71,65.59554953960661,0.17261904761904762,0.5714285714285714,0.19345238095238096,0.0625,0.10119047619047619,336,34.0,McLaren,Oscar PIASTRI,Japan,Suzuka,Suzuka
9153,23,2,2023-09-02 14:03:39.395,82.123,27.087,27.84,27.196,323.0,337.0,345.0,76.86241610738254,38.89021754124544,0.6812080536912751,0.12751677852348994,0.13758389261744966,6.456375838926174,7,10870.879194630872,1282.0914017578089,12687,346,251.48993288590603,65,74.10513211230843,0.36577181208053694,0.40604026845637586,0.17785234899328858,0.050335570469798654,0.1912751677852349,298,30.0,Williams,Alexander ALBON,Italy,Monza,Monza
9169,44,14,2023-09-23 07:04:25.046,90.719,31.697,40.833,18.189,280.0,304.0,302.0,76.23723723723724,35.89141330416869,0.5885885885885885,0.0960960960960961,0.13213213213213212,6.117117117117117,6,10480.525525525525,1306.417377623755,12139,324,229.54354354354354,74,63.83979899403077,0.14714714714714713,0.5735735735735735,0.21621621621621623,0.06306306306306306,0.09009009009009009,333,37.0,Mercedes,Lewis HAMILTON,Japan,Suzuka,Suzuka
9169,44,17,2023-09-23 07:13:00.087,89.908,31.312,40.616,17.98,279.0,303.0,301.0,77.19266055045871,35.350691040065776,0.6055045871559633,0.0856269113149847,0.11926605504587157,6.125382262996942,7,10589.48012232416,1223.2319751766065,12243,325,230.88379204892968,72,65.21196171884745,0.1620795107033639,0.5596330275229358,0.21712538226299694,0.06116207951070336,0.11009174311926606,327,37.0,Mercedes,Lewis HAMILTON,Japan,Suzuka,Suzuka
9169,55,10,2023-09-23 06:52:04.273,90.067,31.278,40.68,18.109,282.0,305.0,304.0,75.13690476190476,36.51054651888028,0.15178571428571427,0.10416666666666667,0.17559523809523808,6.089285714285714,6,10353.247023809523,1395.8215689084043,12029,332,231.6577380952381,73,66.4938026487387,0.17857142857142858,0.5416666666666666,0.21726190476190477,0.0625,0.10119047619047619,336,28.0,Ferrari,Carlos SAINZ,Japan,Suzuka,Suzuka
9215,40,9,2023-10-06 17:16:47.698,86.635,32.007,29.407,25.221,239.0,286.0,314.0,72.76996805111821,40.269183901767384,0.6006389776357828,0.19488817891373802,0.18210862619808307,5.552715654952077,6,10591.862619808307,1099.0901002073874,12156,317,224.18530351437698,84,54.68432873284696,0.07348242811501597,0.597444089456869,0.30990415335463256,0.019169329073482427,0.11501597444089456,313,31.0,AlphaTauri,Liam LAWSON,Qatar,Lusail,Lusail
9215,77,11,2023-10-06 17:27:45.484,85.854,31.736,28.95,25.168,241.0,286.0,311.0,74.5679012345679,38.66340844051249,0.6141975308641975,0.16049382716049382,0.16049382716049382,5.7746913580246915,6,10732.41975308642,933.8141847396578,12234,314,227.81172839506172,95,52.51494009542725,0.06172839506172839,0.6358024691358025,0.2932098765432099,0.009259259259259259,0.11419753086419752,324,36.0,Alfa Romeo,Valtteri BOTTAS,Qatar,Lusail,Lusail
9074,20,4,2023-05-06 20:06:33.272,88.627,29.848,33.644,25.135,223.0,190.0,336.0,67.4319526627219,41.25634327313499,0.3343195266272189,0.1834319526627219,0.1893491124260355,5.588757396449704,7,10221.710059171597,1602.9697028350581,12060,340,216.5532544378698,68,84.5338683626653,0.21893491124260356,0.3698224852071006,0.2988165680473373,0.11242603550295859,0.21597633136094674,338,33.0,Haas F1 Team,Kevin MAGNUSSEN,United States,Miami,Miami
9074,20,2,2023-05-06 20:02:25.683,89.358,30.281,33.886,25.191,221.0,191.0,338.0,67.01479289940828,41.37958204470376,0.3165680473372781,0.1952662721893491,0.1804733727810651,5.600591715976331,7,10061.582840236686,1726.836113231323,12115,342,215.7603550295858,67,85.7443510395009,0.21005917159763313,0.3757396449704142,0.30177514792899407,0.11242603550295859,0.20118343195266272,338,30.0,Haas F1 Team,Kevin MAGNUSSEN,United States,Miami,Miami
9074,22,4,2023-05-06 20:05:54.632,89.534,30.299,33.94,25.295,218.0,191.0,333.0,68.48985507246377,41.18019867679527,0.5594202898550724,0.19710144927536233,0.1391304347826087,5.269565217391304,7,10305.617391304348,1510.175955688118,12264,335,213.63478260869564,66,84.18331987272015,0.19710144927536233,0.3855072463768116,0.2956521739130435,0.12173913043478261,0.20869565217391303,345,35.0,AlphaTauri,Yuki TSUNODA,United States,Miami,Miami
9074,27,4,2023-05-06 20:06:38.584,89.091,30.316,33.654,25.121,223.0,193.0,338.0,68.15882352941176,40.974537871391256,0.5529411764705883,0.1676470588235294,0.18235294117647058,5.6117647058823525,7,10259.855882352942,1621.6823668440277,12091,341,219.74117647058824,66,84.89878102340928,0.21764705882352942,0.40294117647058825,0.26176470588235295,0.11764705882352941,0.22647058823529412,340,32.0,Haas F1 Team,Nico HULKENBERG,United States,Miami,Miami
9177,55,13,2023-10-28 21:50:19.074,77.233,27.344,29.9,19.989,316.0,297.0,347.0,62.734693877551024,41.29860074658831,0.017006802721088437,0.17346938775510204,0.22448979591836735,5.068027210884353,7,10081.823129251701,1701.85570549624,12383,349,197.91496598639455,64,83.72131721456718,0.16666666666666666,0.29591836734693877,0.41836734693877553,0.11904761904761904,0.272108843537415,294,32.0,Ferrari,Carlos SAINZ,Mexico,Mexico City,Mexico City
9177,81,5,2023-10-28 21:13:51.505,78.241,27.783,30.029,20.429,311.0,296.0,344.0,58.84280936454849,43.48229648393962,0.0,0.2709030100334448,0.20735785953177258,4.973244147157191,7,10031.364548494983,1607.6955362033675,12142,345,196.4648829431438,64,84.36049166879208,0.16722408026755853,0.31438127090301005,0.38461538461538464,0.13377926421404682,0.26421404682274247,299,32.0,McLaren,Oscar PIASTRI,Mexico,Mexico City,Mexico City
9129,23,7,2023-07-22 14:16:24.915,78.917,28.395,27.989,22.533,280.0,247.0,301.0,63.76027397260274,42.39420708571395,0.4863013698630137,0.2226027397260274,0.21575342465753425,5.1438356164383565,6,10406.40410958904,1235.0520674571303,12104,310,199.0205479452055,92,59.338098095653315,0.04452054794520548,0.4452054794520548,0.4965753424657534,0.0136986301369863,0.16095890410958905,292,39.0,Williams,Alexander ALBON,Hungary,Hungaroring,Budapest
9314,55,18,2023-11-18 08:50:18.735,93.043,26.27,31.033,35.74,188.0,216.0,345.0,75.81976744186046,38.44328015228462,0.47093023255813954,0.1569767441860465,0.15406976744186046,6.034883720930233,6,10640.793604651162,1336.8565609538653,12493,352,237.375,96,83.90972215603622,0.34011627906976744,0.3226744186046512,0.3168604651162791,0.020348837209302327,0.1744186046511628,344,38.0,Ferrari,Carlos SAINZ,United States,Las Vegas,Las Vegas
9314,63,21,2023-11-18 08:59:20.882,93.112,26.364,30.99,35.758,188.0,217.0,344.0,76.26062322946176,39.021847852680594,0.6798866855524079,0.1671388101983003,0.16147308781869688,6.0821529745042495,6,10757.456090651558,1452.0605182900329,12799,347,238.02549575070822,91,83.73576491197021,0.35127478753541075,0.311614730878187,0.3031161473087819,0.0339943342776204,0.1671388101983003,353,40.0,Mercedes,George RUSSELL,United States,Las Vegas,Las Vegas
9314,77,18,2023-11-18 08:59:15.413,93.525,26.393,31.214,35.918,188.0,216.0,347.0,73.99435028248588,40.498591893143406,0.6610169491525424,0.1864406779661017,0.1638418079096045,6.11864406779661,6,10388.158192090395,1619.6503287342505,12439,350,236.41242937853107,89,85.08851890260463,0.3446327683615819,0.3220338983050847,0.2796610169491525,0.05367231638418079,0.1638418079096045,354,40.0,Alfa Romeo,Valtteri BOTTAS,United States,Las Vegas,Las Vegas
9112,44,21,2023-06-30 15:59:03.969,65.061,16.329,29.09,19.642,320.0,246.0,312.0,78.4047619047619,37.24778205572212,0.6944444444444444,0.11904761904761904,0.15476190476190477,6.257936507936508,7,10720.619047619048,1180.5159676660983,12123,322,237.234126984127,64,64.92720982553332,0.17857142857142858,0.5714285714285714,0.20634920634920634,0.04365079365079365,0.34523809523809523,252,33.0,Mercedes,Lewis HAMILTON,Austria,Spielberg,Spielberg
9112,44,24,2023-06-30 16:05:27.197,64.819,16.312,28.975,19.532,321.0,247.0,314.0,77.25403225806451,38.5222474218224,0.6895161290322581,0.13306451612903225,0.1532258064516129,6.306451612903226,7,10702.625,1176.6325107200641,12146,323,238.1451612903226,67,65.84390737521137,0.1935483870967742,0.5685483870967742,0.1935483870967742,0.04435483870967742,0.3387096774193548,248,34.0,Mercedes,Lewis HAMILTON,Austria,Spielberg,Spielberg
9112,55,21,2023-06-30 15:56:23.066,64.927,16.533,28.915,19.479,322.0,246.0,316.0,77.92592592592592,35.471829508854405,0.11522633744855967,0.09053497942386832,0.1646090534979424,6.316872427983539,7,10535.477366255143,1233.221543148511,12044,323,241.67489711934155,69,64.07463742097856,0.19753086419753085,0.588477366255144,0.1728395061728395,0.0411522633744856,0.3497942386831276,243,28.0,Ferrari,Carlos SAINZ,Austria,Spielberg,Spielberg
9112,63,20,2023-06-30 15:44:21.547,65.428,16.6,29.124,19.704,320.0,246.0,315.0,75.93650793650794,38.456939448439904,0.6626984126984127,0.1349206349206349,0.1626984126984127,6.2103174603174605,7,10667.269841269841,1209.1044950225105,12567,322,235.27380952380952,70,65.44868453484808,0.1746031746031746,0.5634920634920635,0.21428571428571427,0.047619047619047616,0.3333333333333333,252,33.0,Mercedes,George RUSSELL,Austria,Spielberg,Spielberg
9112,81,6,2023-06-30 15:17:59.700,65.683,16.62,29.286,19.777,319.0,247.0,313.0,74.27131782945736,39.00658468566848,0.0,0.16666666666666666,0.15891472868217055,6.096899224806202,7,10586.422480620155,1046.0292102773017,11895,321,237.36046511627907,67,63.100854260010905,0.1511627906976744,0.6201550387596899,0.1937984496124031,0.03488372093023256,0.3333333333333333,258,30.0,McLaren,Oscar PIASTRI,Austria,Spielberg,Spielberg
9207,31,17,2023-10-20 21:51:06.710,95.96,25.728,38.591,31.641,231.0,190.0,321.0,69.57262569832402,41.21466695677773,0.5642458100558659,0.2011173184357542,0.19832402234636873,5.100558659217877,7,9991.927374301677,1478.7553799402824,11883,322,205.72346368715083,73,70.85602285285205,0.07541899441340782,0.5083798882681564,0.31564245810055863,0.1005586592178771,0.1787709497206704,358,46.0,Alpine,Esteban OCON,United States,Austin,Austin
9207,44,17,2023-10-20 21:59:47.391,94.862,25.429,38.164,31.269,236.0,189.0,318.0,68.50145772594752,41.128942487614765,0.5568513119533528,0.17201166180758018,0.19533527696793002,5.577259475218659,6,10025.131195335276,1619.0780416520006,12055,321,205.85422740524783,75,70.54849253760317,0.07871720116618076,0.5043731778425656,0.3236151603498542,0.09329446064139942,0.16909620991253643,343,43.0,Mercedes,Lewis HAMILTON,United States,Austin,Austin
9207,55,17,2023-10-20 21:58:36.658,94.945,25.47,38.178,31.297,238.0,190.0,325.0,68.9304347826087,40.13771099959684,0.14782608695652175,0.14202898550724638,0.20579710144927535,5.43768115942029,6,10101.08115942029,1562.1095193265871,12027,327,206.49855072463768,77,71.25209603761813,0.08405797101449275,0.5043478260869565,0.3101449275362319,0.10144927536231885,0.17391304347826086,345,44.0,Ferrari,Carlos SAINZ,United States,Austin,Austin
9207,63,5,2023-10-20 21:16:26.624,96.165,25.726,38.808,31.631,230.0,188.0,318.0,69.41828254847645,40.60253958036985,0.5650969529085873,0.19390581717451524,0.18005540166204986,5.32409972299169,6,10158.493074792244,1581.6213009235928,11934,321,203.1578947368421,75,69.80058898191496,0.07756232686980609,0.4930747922437673,0.33518005540166207,0.09418282548476455,0.15789473684210525,361,47.0,Mercedes,George RUSSELL,United States,Austin,Austin
9207,63,14,2023-10-20 21:51:28.428,95.682,25.592,38.61,31.48,233.0,191.0,315.0,69.47025495750708,41.247656189509655,0.5864022662889519,0.20396600566572237,0.19830028328611898,5.314447592067989,6,10165.895184135978,1636.642800551195,12042,317,202.86968838526911,72,70.02694298174472,0.0764872521246459,0.48725212464589235,0.34560906515580736,0.0906515580736544,0.1671388101983003,353,45.0,Mercedes,George RUSSELL,United States,Austin,Austin
9207,77,5,2023-10-20 21:08:27.395,96.952,25.857,39.128,31.967,224.0,185.0,325.0,67.30470914127424,41.28876905387967,0.5318559556786704,0.12742382271468145,0.18559556786703602,5.260387811634349,6,9998.459833795014,1703.1667202169072,12063,327,199.70637119113573,75,71.28192998669789,0.08310249307479224,0.4487534626038781,0.3490304709141274,0.11911357340720222,0.16620498614958448,361,43.0,Alfa Romeo,Valtteri BOTTAS,United States,Austin,Austin
9112,18,18,2023-06-30 15:45:07.156,65.121,16.416,29.081,19.624,322.0,246.0,315.0,74.40711462450592,40.52870172441956,0.22924901185770752,0.15810276679841898,0.18972332015810275,6.122529644268774,7,10727.494071146246,1119.2542040032706,12064,324,234.72727272727272,64,66.45526547085873,0.1857707509881423,0.549407114624506,0.22134387351778656,0.043478260869565216,0.3359683794466403,253,32.0,Aston Martin,Lance STROLL,Austria,Spielberg,Spielberg
9112,81,15,2023-06-30 15:38:15.195,65.678,16.531,29.405,19.742,320.0,245.0,314.0,73.93697478991596,39.42102368164818,0.0,0.16806722689075632,0.13865546218487396,6.0966386554621845,7,10625.63025210084,1101.9792042080962,12006,322,237.26470588235293,68,63.74197470887255,0.18067226890756302,0.5756302521008403,0.20588235294117646,0.037815126050420166,0.3487394957983193,238,30.0,McLaren,Oscar PIASTRI,Austria,Spielberg,Spielberg
9129,4,16,2023-07-22 14:50:22.892,76.904,27.925,27.193,21.786,279.0,251.0,303.0,65.54295532646049,42.35523877781335,0.4948453608247423,0.2268041237113402,0.1958762886597938,5.054982817869416,6,10453.85910652921,1106.003818075607,12038,312,202.3573883161512,97,57.61437894086677,0.041237113402061855,0.4742268041237113,0.4742268041237113,0.010309278350515464,0.14776632302405499,291,37.0,McLaren,Lando NORRIS,Hungary,Hungaroring,Budapest
9129,10,4,2023-07-22 14:04:46.892,79.396,28.522,28.376,22.498,283.0,247.0,299.0,65.13333333333334,42.14430801284828,0.4866666666666667,0.24,0.19,4.706666666666667,7,10201.586666666666,1212.3147470749802,12268,309,194.74666666666667,86,57.88509973611882,0.02666666666666667,0.44,0.51,0.023333333333333334,0.15333333333333332,300,36.0,Alpine,Pierre GASLY,Hungary,Hungaroring,Budapest
9129,10,2,2023-07-22 14:01:35.675,79.827,28.619,28.544,22.664,282.0,244.0,295.0,62.61952861952862,43.0623372288928,0.48484848484848486,0.25252525252525254,0.20875420875420875,4.771043771043771,7,10236.131313131313,1173.6907540221089,12303,307,198.41414141414143,93,59.119612508274976,0.030303030303030304,0.47474747474747475,0.4781144781144781,0.016835016835016835,0.1717171717171717,297,30.0,Alpine,Pierre GASLY,Hungary,Hungaroring,Budapest
9129,14,4,2023-07-22 14:06:03.157,79.138,28.46,28.262,22.416,284.0,249.0,305.0,63.20322580645161,42.766854841753826,0.09032258064516129,0.22903225806451613,0.2064516129032258,5.161290322580645,7,10281.748387096774,1105.7238551869223,11857,316,198.89354838709679,87,60.42046544281279,0.04838709677419355,0.44193548387096776,0.4774193548387097,0.03225806451612903,0.16451612903225807,310,51.0,Aston Martin,Fernando ALONSO,Hungary,Hungaroring,Budapest
9129,14,2,2023-07-22 14:02:39.253,79.475,28.562,28.459,22.454,282.0,249.0,303.0,62.82666666666667,42.580279742686514,0.07666666666666666,0.23666666666666666,0.20666666666666667,5.11,6,10295.51,1187.4625837724448,12133,314,197.92666666666668,89,59.936376151517024,0.04666666666666667,0.44333333333333336,0.4866666666666667,0.023333333333333334,0.15333333333333332,300,45.0,Aston Martin,Fernando ALONSO,Hungary,Hungaroring,Budapest
9129,14,7,2023-07-22 14:13:41.323,78.58,28.305,28.105,22.17,282.0,249.0,306.0,62.1554054054054,42.82723873263613,0.09797297297297297,0.23648648648648649,0.2195945945945946,5.199324324324325,6,10264.077702702703,1131.4222715916856,12105,316,198.5810810810811,91,59.22276400552765,0.04054054054054054,0.4391891891891892,0.5067567567567568,0.013513513513513514,0.15878378378378377,296,47.0,Aston Martin,Fernando ALONSO,Hungary,Hungaroring,Budapest
9314,1,2,2023-11-18 08:05:16.720,94.987,27.083,31.542,36.362,184.0,212.0,339.0,73.89772727272727,41.04268912976256,0.6761363636363636,0.17329545454545456,0.17897727272727273,5.911931818181818,6,10549.767045454546,1411.4960854139215,12277,348,237.5681818181818,89,83.5136913837285,0.34375,0.32670454545454547,0.2784090909090909,0.05113636363636364,0.17329545454545456,352,39.0,Red Bull Racing,Max VERSTAPPEN,United States,Las Vegas,Las Vegas
9314,1,16,2023-11-18 08:50:39.047,93.104,26.289,30.828,35.987,188.0,215.0,346.0,74.61224489795919,40.41746440057107,0.673469387755102,0.15743440233236153,0.16034985422740525,5.903790087463557,6,10620.59475218659,1354.5256789098469,12265,348,237.85422740524783,93,82.62931936795374,0.3323615160349854,0.34402332361516036,0.2886297376093295,0.03498542274052478,0.17201166180758018,343,36.0,Red Bull Racing,Max VERSTAPPEN,United States,Las Vegas,Las Vegas
9314,3,17,2023-11-18 08:38:52.700,94.308,27.149,31.202,35.957,186.0,215.0,342.0,71.48895027624309,41.925156101444465,0.6298342541436464,0.20441988950276244,0.17403314917127072,5.69060773480663,7,10624.417127071823,1296.5621878504203,12285,347,232.0110497237569,91,84.09024231523327,0.31215469613259667,0.32044198895027626,0.3149171270718232,0.052486187845303865,0.15193370165745856,362,44.0,AlphaTauri,Daniel RICCIARDO,United States,Las Vegas,Las Vegas
9314,11,10,2023-11-18 08:27:58.118,93.965,26.683,31.096,36.186,187.0,215.0,348.0,73.73641304347827,40.64485086803817,0.6684782608695652,0.14130434782608695,0.15760869565217392,5.823369565217392,6,10473.728260869566,1477.3548300269815,12288,348,233.35326086956522,91,82.13665883777217,0.3125,0.34782608695652173,0.296195652173913,0.043478260869565216,0.15489130434782608,368,39.0,Red Bull Racing,Sergio PEREZ,United States,Las Vegas,Las Vegas
9314,14,3,2023-11-18 08:07:47.999,95.05,27.022,31.712,36.316,186.0,214.0,340.0,73.17270194986072,40.52667555457625,0.24512534818941503,0.18662952646239556,0.1532033426183844,6.013927576601671,7,10639.969359331477,1411.3410108046887,12601,343,234.47632311977716,89,81.65131528029075,0.3203342618384401,0.35376044568245124,0.28133704735376047,0.04456824512534819,0.15877437325905291,359,47.0,Aston Martin,Fernando ALONSO,United States,Las Vegas,Las Vegas
9314,18,13,2023-11-18 08:28:43.242,95.004,27.01,31.472,36.522,185.0,214.0,336.0,73.5,39.32301096526898,0.15591397849462366,0.15591397849462366,0.17204301075268819,6.021505376344086,6,10518.39247311828,1497.7397010583938,12495,338,231.76612903225808,89,82.7481916191651,0.3172043010752688,0.3279569892473118,0.30376344086021506,0.051075268817204304,0.1639784946236559,372,40.0,Aston Martin,Lance STROLL,United States,Las Vegas,Las Vegas
9314,20,15,2023-11-18 08:34:03.283,93.664,26.248,30.979,36.437,187.0,215.0,337.0,75.71052631578948,39.392615162501556,0.6695906432748538,0.1695906432748538,0.14619883040935672,6.064327485380117,6,10620.149122807017,1281.450611525582,12178,342,237.11988304093566,90,81.18492132787146,0.3216374269005848,0.347953216374269,0.28654970760233917,0.043859649122807015,0.1783625730994152,342,39.0,Haas F1 Team,Kevin MAGNUSSEN,United States,Las Vegas,Las Vegas
9314,23,7,2023-11-18 08:15:59.021,94.634,26.972,31.625,36.037,181.0,214.0,338.0,70.41076487252124,42.111912557408886,0.6118980169971672,0.1954674220963173,0.18696883852691218,6.048158640226629,6,10668.331444759207,1567.4359656169538,12974,350,236.37677053824362,89,85.84345704798962,0.34277620396600567,0.32011331444759206,0.2747875354107649,0.06232294617563739,0.1643059490084986,353,41.0,Williams,Alexander ALBON,United States,Las Vegas,Las Vegas
9090,63,8,2023-05-27 14:22:14.905,73.029,19.05,34.668,19.311,216.0,203.0,280.0,53.562724014336915,44.41889595355688,0.4050179211469534,0.2939068100358423,0.2974910394265233,3.996415770609319,7,9658.498207885305,1844.2139458951583,12114,288,162.11111111111111,44,69.34045803644102,0.0,0.34050179211469533,0.40860215053763443,0.25089605734767023,0.07526881720430108,279,45.0,Mercedes,George RUSSELL,Monaco,Monte Carlo,Monaco
9090,77,18,2023-05-27 14:43:08.140,72.684,18.98,34.526,19.178,218.0,203.0,280.0,55.2059925093633,44.28240160350815,0.4044943820224719,0.2808988764044944,0.2808988764044944,3.9812734082397006,7,9788.479400749064,1797.6924375815754,12358,287,163.10861423220973,47,68.5390468313766,0.0,0.3333333333333333,0.4157303370786517,0.250936329588015,0.07116104868913857,267,40.0,Alfa Romeo,Valtteri BOTTAS,Monaco,Monte Carlo,Monaco
9169,16,7,2023-09-23 06:42:08.936,90.456,31.572,40.776,18.108,282.0,305.0,303.0,75.08579881656804,35.86979883343503,0.20414201183431951,0.04437869822485207,0.15384615384615385,5.9733727810650885,6,10346.621301775149,1361.2917189184416,12124,329,228.67751479289942,74,66.86626559866383,0.15680473372781065,0.5384615384615384,0.23076923076923078,0.07396449704142012,0.09763313609467456,338,30.0,Ferrari,Charles LECLERC,Japan,Suzuka,Suzuka
9169,22,14,2023-09-23 07:04:43.311,91.113,31.857,41.134,18.122,279.0,302.0,303.0,73.125,39.60426443192739,0.5803571428571429,0.18154761904761904,0.125,5.6726190476190474,7,10581.714285714286,1229.5046722234085,12525,325,227.88392857142858,69,64.01474814247209,0.1488095238095238,0.5535714285714286,0.23511904761904762,0.0625,0.09226190476190477,336,31.0,AlphaTauri,Yuki TSUNODA,Japan,Suzuka,Suzuka
9215,2,2,2023-10-06 17:03:03.307,87.562,32.522,29.562,25.478,238.0,287.0,315.0,67.59402985074627,41.35492599885004,0.5522388059701493,0.191044776119403,0.16119402985074627,5.7522388059701495,6,10632.035820895522,1001.4832346932745,12256,317,221.6686567164179,93,55.48485850787842,0.06865671641791045,0.5761194029850746,0.34328358208955223,0.011940298507462687,0.10746268656716418,335,35.0,Williams,Logan SARGEANT,Qatar,Lusail,Lusail
9215,10,2,2023-10-06 17:03:21.509,86.799,32.186,29.302,25.311,238.0,284.0,312.0,70.91891891891892,39.65919615664948,0.5555555555555556,0.16816816816816818,0.13513513513513514,5.408408408408408,6,10450.186186186185,1013.3654422009662,11953,314,221.67267267267266,95,53.261440914767135,0.06306306306306306,0.5885885885885885,0.33633633633633636,0.012012012012012012,0.10510510510510511,333,35.0,Alpine,Pierre GASLY,Qatar,Lusail,Lusail
9153,11,5,2023-09-02 14:08:03.298,81.911,27.218,27.691,27.002,321.0,334.0,342.0,78.54982817869416,38.57987806291884,0.7285223367697594,0.12714776632302405,0.13745704467353953,6.2646048109965635,7,10745.092783505155,1197.2589880493626,12115,342,252.01030927835052,63,73.13848388083235,0.36082474226804123,0.4261168384879725,0.16494845360824742,0.048109965635738834,0.1958762886597938,291,32.0,Red Bull Racing,Sergio PEREZ,Italy,Monza,Monza
9153,11,8,2023-09-02 14:14:17.091,81.942,27.14,27.767,27.035,321.0,337.0,342.0,77.36538461538461,39.37193191859807,0.7211538461538461,0.13141025641025642,0.1346153846153846,6.339743589743589,7,10705.464743589744,1183.8900640010659,12207,343,252.5,67,73.66387553940896,0.375,0.40705128205128205,0.16666666666666666,0.05128205128205128,0.1955128205128205,312,32.0,Red Bull Racing,Sergio PEREZ,Italy,Monza,Monza
9153,11,14,2023-09-02 14:39:52.527,81.24,26.933,27.578,26.729,320.0,337.0,345.0,79.20792079207921,38.09876938227844,0.7326732673267327,0.11221122112211221,0.11551155115511551,6.32013201320132,7,10785.227722772277,1157.1010065510059,12364,346,255.12541254125412,69,72.99540115976448,0.37293729372937295,0.42244224422442245,0.1551155115511551,0.04950495049504951,0.19141914191419143,303,32.0,Red Bull Racing,Sergio PEREZ,Italy,Monza,Monza
9177,22,6,2023-10-28 21:15:49.316,79.194,27.825,30.256,21.113,311.0,292.0,342.0,61.792642140468224,42.770228300790116,0.4682274247491639,0.25418060200668896,0.1939799331103679,4.909698996655519,7,9864.210702341137,1776.772008697736,12116,343,194.14046822742475,65,83.24924371009934,0.1605351170568562,0.29431438127090304,0.38127090301003347,0.16387959866220736,0.27424749163879597,299,35.0,AlphaTauri,Yuki TSUNODA,Mexico,Mexico City,Mexico City
9177,24,8,2023-10-28 21:30:04.260,78.729,27.813,30.474,20.442,313.0,293.0,346.0,60.358620689655176,42.69108086748533,0.4517241379310345,0.2413793103448276,0.22758620689655173,5.086206896551724,7,9740.272413793104,1856.6182501844667,12654,347,193.59310344827585,66,85.50853346206772,0.15862068965517243,0.296551724137931,0.40344827586206894,0.1413793103448276,0.27586206896551724,290,28.0,Alfa Romeo,ZHOU Guanyu,Mexico,Mexico City,Mexico City
7775,10,3,2023-03-18 17:09:11.040,90.631,33.22,28.551,28.86,288.0,325.0,327.0,78.46884272997033,37.49055130362312,0.6884272997032641,0.14836795252225518,0.13056379821958458,5.922848664688427,7,10642.008902077152,934.1768960613416,11972,329,243.1186943620178,73,62.57289207076623,0.19287833827893175,0.5786350148367952,0.19584569732937684,0.032640949554896145,0.2551928783382789,337,36.0,Alpine,Pierre GASLY,Saudi Arabia,Jeddah,Jeddah
7775,11,9,2023-03-18 17:31:39.821,88.874,32.296,28.197,28.381,292.0,330.0,333.0,79.7433628318584,37.816149479276305,0.7522123893805309,0.09734513274336283,0.13864306784660768,6.088495575221239,6,10856.250737463128,1015.8091444803046,12085,334,247.05014749262537,90,60.822959390607096,0.2182890855457227,0.56047197640118,0.20648967551622419,0.014749262536873156,0.23008849557522124,339,33.0,Red Bull Racing,Sergio PEREZ,Saudi Arabia,Jeddah,Jeddah
7775,11,12,2023-03-18 17:39:30.066,88.635,32.222,28.147,28.266,293.0,331.0,335.0,79.1508875739645,37.83210232816734,0.7366863905325444,0.09763313609467456,0.1390532544378698,6.124260355029586,6,10923.186390532544,961.7445129462318,12191,336,249.39644970414201,90,61.54313523681084,0.24260355029585798,0.5414201183431953,0.19822485207100593,0.01775147928994083,0.2514792899408284,338,35.0,Red Bull Racing,Sergio PEREZ,Saudi Arabia,Jeddah,Jeddah
9129,77,4,2023-07-22 14:05:51.500,78.775,28.541,27.867,22.367,281.0,250.0,303.0,66.47435897435898,41.725708025133564,0.5160256410256411,0.1762820512820513,0.23076923076923078,5.157051282051282,6,10324.38141025641,1256.158052720823,12415,314,200.76923076923077,91,59.13952613792199,0.04487179487179487,0.4583333333333333,0.47435897435897434,0.022435897435897436,0.17307692307692307,312,38.0,Alfa Romeo,Valtteri BOTTAS,Hungary,Hungaroring,Budapest
9129,81,2,2023-07-22 14:02:57.159,79.233,28.479,28.254,22.5,280.0,251.0,303.0,63.352159468438536,42.51786569966189,0.17940199335548174,0.23588039867109634,0.19601328903654486,4.9634551495016614,6,10323.043189368771,1173.6348671805015,12667,314,197.75747508305648,89,58.86060639853742,0.04318936877076412,0.4318936877076412,0.5016611295681063,0.023255813953488372,0.14950166112956811,301,39.0,McLaren,Oscar PIASTRI,Hungary,Hungaroring,Budapest
9074,1,8,2023-05-06 20:26:47.454,87.11,29.13,33.129,24.851,225.0,192.0,340.0,68.43558282208589,41.70718983356611,0.5674846625766872,0.18098159509202455,0.1687116564417178,5.585889570552148,7,10179.030674846626,1563.9569280841183,12058,341,219.8926380368098,66,83.53687794264256,0.2085889570552147,0.401840490797546,0.29141104294478526,0.09815950920245399,0.22085889570552147,326,32.0,Red Bull Racing,Max VERSTAPPEN,United States,Miami,Miami
9074,14,16,2023-05-06 20:50:25.319,87.202,29.14,33.257,24.805,222.0,196.0,338.0,70.2,39.86942212609424,0.2636363636363636,0.15454545454545454,0.15151515151515152,5.678787878787879,7,10258.051515151516,1560.990123130629,12409,338,218.13030303030303,69,82.89663606217451,0.19696969696969696,0.4,0.3,0.10303030303030303,0.21515151515151515,330,40.0,Aston Martin,Fernando ALONSO,United States,Miami,Miami
7775,31,3,2023-03-18 17:08:55.743,90.299,32.802,28.661,28.836,287.0,316.0,323.0,78.89820359281437,37.738731147126046,0.6916167664670658,0.1347305389221557,0.15868263473053892,6.032934131736527,6,10527.51497005988,1036.0567155292435,11694,327,243.17365269461078,89,61.15431002035099,0.18562874251497005,0.5778443113772455,0.2245508982035928,0.011976047904191617,0.24850299401197604,334,34.0,Alpine,Esteban OCON,Saudi Arabia,Jeddah,Jeddah
7775,31,23,2023-03-18 17:58:47.443,89.078,32.301,28.3,28.477,289.0,319.0,326.0,80.05740181268882,36.882857534302204,0.7009063444108762,0.1419939577039275,0.13293051359516617,6.021148036253776,6,10597.574018126888,1009.7163852268736,11849,329,245.4320241691843,88,61.503023343863156,0.2054380664652568,0.56797583081571,0.2084592145015106,0.01812688821752266,0.2537764350453172,331,34.0,Alpine,Esteban OCON,Saudi Arabia,Jeddah,Jeddah
7775,63,4,2023-03-18 17:09:05.133,89.592,32.581,28.305,28.706,290.0,321.0,328.0,79.99090909090908,36.88373966195235,0.7151515151515152,0.1393939393939394,0.1393939393939394,6.36969696969697,6,10898.593939393939,1108.8129795738168,12432,328,246.36969696969697,85,61.398516287769574,0.21515151515151515,0.5757575757575758,0.19090909090909092,0.01818181818181818,0.2545454545454545,330,35.0,Mercedes,George RUSSELL,Saudi Arabia,Jeddah,Jeddah
7775,63,9,2023-03-18 17:27:54.980,89.512,32.6,28.294,28.618,290.0,326.0,330.0,79.72106824925817,37.306795165520626,0.7151335311572701,0.1543026706231454,0.142433234421365,6.311572700296736,6,10941.047477744807,1030.2588111621528,12417,330,244.97626112759644,86,60.98594222502812,0.20178041543026706,0.5727002967359051,0.21068249258160238,0.01483679525222552,0.23738872403560832,337,38.0,Mercedes,George RUSSELL,Saudi Arabia,Jeddah,Jeddah
7775,81,2,2023-03-18 17:02:42.278,90.6,33.045,28.649,28.906,285.0,313.0,317.0,79.29585798816568,36.358845151833755,0.0,0.12721893491124261,0.12130177514792899,6.15680473372781,6,10780.30177514793,965.007346444161,12024,321,244.48816568047337,89,58.33771659090468,0.19822485207100593,0.5857988165680473,0.20118343195266272,0.014792899408284023,0.2455621301775148,338,36.0,McLaren,Oscar PIASTRI,Saudi Arabia,Jeddah,Jeddah
7768,18,8,2023-03-04 15:37:31.240,92.305,29.581,39.779,22.945,241.0,267.0,316.0,69.0415512465374,41.584665200157275,0.0,0.21606648199445982,0.19390581717451524,5.551246537396122,7,10238.706371191136,1460.6006516302218,12415,317,209.09972299168976,63,67.70594939336121,0.0664819944598338,0.5263157894736842,0.32132963988919666,0.08587257617728532,0.23822714681440443,361,47.0,Aston Martin,Lance STROLL,Bahrain,Sakhir,Sakhir
9153,44,5,2023-09-02 14:11:29.202,82.233,27.348,27.712,27.173,318.0,332.0,337.0,78.92567567567568,36.963672723862686,0.6993243243243243,0.08445945945945946,0.12162162162162163,6.543918918918919,7,10840.945945945947,1327.0402483711907,12447,339,251.8581081081081,68,72.94251371400011,0.36824324324324326,0.4189189189189189,0.15878378378378377,0.05405405405405406,0.19594594594594594,296,32.0,Mercedes,Lewis HAMILTON,Italy,Monza,Monza
9153,44,17,2023-09-02 14:52:03.753,81.298,27.035,27.356,26.907,319.0,332.0,337.0,81.8112582781457,35.47542510599897,0.7417218543046358,0.10596026490066225,0.10264900662251655,6.579470198675497,7,10918.023178807947,1259.8879806210748,12421,339,254.52980132450332,70,71.23003845312374,0.3741721854304636,0.41721854304635764,0.16225165562913907,0.046357615894039736,0.20860927152317882,302,32.0,Mercedes,Lewis HAMILTON,Italy,Monza,Monza
9153,44,20,2023-09-02 14:59:50.920,80.82,26.807,27.201,26.812,319.0,332.0,338.0,81.44444444444444,35.864387357238066,0.7450980392156863,0.09477124183006536,0.1111111111111111,6.728758169934641,6,10895.058823529413,1365.532518405744,12494,341,257.79411764705884,68,68.99950176612151,0.3758169934640523,0.4477124183006536,0.13398692810457516,0.042483660130718956,0.19934640522875818,306,28.0,Mercedes,Lewis HAMILTON,Italy,Monza,Monza
9153,63,8,2023-09-02 14:17:00.698,82.34,27.392,27.859,27.089,317.0,332.0,336.0,79.47231270358306,38.21073809046662,0.742671009771987,0.15309446254071662,0.13029315960912052,6.615635179153094,6,10877.110749185667,1411.3375154320015,12407,339,254.76872964169382,69,69.6400310233269,0.36807817589576547,0.42671009771986973,0.16612377850162866,0.03908794788273615,0.19218241042345277,307,32.0,Mercedes,George RUSSELL,Italy,Monza,Monza
9153,77,4,2023-09-02 14:06:58.221,82.726,27.26,27.995,27.471,321.0,334.0,345.0,78.74410774410775,37.524431329241324,0.6936026936026936,0.10774410774410774,0.1414141414141414,6.417508417508418,7,10768.902356902357,1240.7539041118303,12480,345,251.94612794612794,73,73.06751639998416,0.35353535353535354,0.4107744107744108,0.1919191919191919,0.04377104377104377,0.2053872053872054,297,32.0,Alfa Romeo,Valtteri BOTTAS,Italy,Monza,Monza
9193,31,11,2023-11-25 14:38:24.098,84.391,17.197,36.271,30.923,292.0,322.0,327.0,75.11838006230529,39.06482999281581,0.6479750778816199,0.1588785046728972,0.16510903426791276,5.507788161993769,7,10333.06230529595,1204.6692813199475,11784,328,223.94392523364485,69,69.87459728538259,0.13395638629283488,0.5046728971962616,0.3333333333333333,0.028037383177570093,0.22741433021806853,321,39.0,Alpine,Esteban OCON,United Arab Emirates,Yas Marina Circuit,Yas Island
9193,63,14,2023-11-25 14:51:36.553,84.152,17.256,36.42,30.476,291.0,319.0,324.0,75.29605263157895,38.74641920059849,0.6480263157894737,0.15789473684210525,0.14144736842105263,5.8980263157894735,7,10471.381578947368,1286.7245798328458,12239,325,224.6184210526316,67,69.13352787212985,0.13157894736842105,0.506578947368421,0.3190789473684211,0.04276315789473684,0.21052631578947367,304,39.0,Mercedes,George RUSSELL,United Arab Emirates,Yas Marina Circuit,Yas Island
9090,16,22,2023-05-27 15:01:21.159,71.759,18.791,33.903,19.065,219.0,203.0,281.0,58.66789667896679,42.80767111512135,0.05904059040590406,0.1992619926199262,0.25092250922509224,3.959409594095941,7,9908.616236162361,1757.1407963238976,12928,288,166.0590405904059,46,69.23601758426014,0.0,0.35793357933579334,0.39114391143911437,0.25092250922509224,0.08487084870848709,271,45.0,Ferrari,Charles LECLERC,Monaco,Monte Carlo,Monaco
9090,22,10,2023-05-27 14:24:42.326,72.642,18.927,34.43,19.285,223.0,205.0,278.0,58.50367647058823,44.719626618341444,0.45588235294117646,0.3088235294117647,0.22058823529411764,3.7205882352941178,7,9977.801470588236,1798.0162759848188,12430,286,162.00735294117646,47,67.51449168734938,0.0,0.3272058823529412,0.41544117647058826,0.25735294117647056,0.08088235294117647,272,38.0,AlphaTauri,Yuki TSUNODA,Monaco,Monte Carlo,Monaco
9090,23,9,2023-05-27 14:21:37.327,73.346,19.162,34.759,19.425,217.0,198.0,281.0,52.70175438596491,44.72961212817124,0.3894736842105263,0.3333333333333333,0.3017543859649123,4.0,7,9805.870175438597,1749.497749050082,12399,289,162.79649122807018,46,67.9661316985725,0.0,0.3298245614035088,0.4421052631578947,0.22807017543859648,0.08421052631578947,285,39.0,Williams,Alexander ALBON,Monaco,Monte Carlo,Monaco
9090,24,4,2023-05-27 14:05:15.963,73.776,19.268,34.841,19.667,215.0,201.0,281.0,54.20802919708029,43.90779309268695,0.38321167883211676,0.30656934306569344,0.24452554744525548,3.832116788321168,7,9672.38686131387,1748.9092686614401,12442,288,158.55109489051094,44,67.15794582505865,0.0,0.3029197080291971,0.44525547445255476,0.2518248175182482,0.072992700729927,274,44.0,Alfa Romeo,ZHOU Guanyu,Monaco,Monte Carlo,Monaco
9090,24,7,2023-05-27 14:19:13.344,73.771,19.292,34.891,19.588,217.0,200.0,281.0,53.79225352112676,43.966207026245996,0.3767605633802817,0.30985915492957744,0.2746478873239437,3.897887323943662,7,9665.785211267606,1736.7020570537895,12572,287,160.38732394366198,46,67.62308224398951,0.0,0.323943661971831,0.4119718309859155,0.2640845070422535,0.06690140845070422,284,45.0,Alfa Romeo,ZHOU Guanyu,Monaco,Monte Carlo,Monaco
9193,18,2,2023-11-25 14:07:03.069,85.201,17.461,36.765,30.975,288.0,313.0,321.0,73.125,39.038410889180355,0.006578947368421052,0.12828947368421054,0.1513157894736842,5.809210526315789,7,10448.871710526315,1209.8458020242126,12544,322,219.96381578947367,62,69.1655736199055,0.125,0.48355263157894735,0.35526315789473684,0.03618421052631579,0.21710526315789475,304,44.0,Aston Martin,Lance STROLL,United Arab Emirates,Yas Marina Circuit,Yas Island
9193,18,11,2023-11-25 14:38:12.692,84.422,17.235,36.378,30.809,288.0,318.0,323.0,75.43478260869566,37.96034701210852,0.027950310559006212,0.12111801242236025,0.13664596273291926,5.785714285714286,7,10571.291925465839,1297.7282337683982,12118,325,222.9751552795031,62,70.09921320773445,0.13975155279503104,0.5062111801242236,0.30745341614906835,0.046583850931677016,0.20496894409937888,322,39.0,Aston Martin,Lance STROLL,United Arab Emirates,Yas Marina Circuit,Yas Island
9193,22,8,2023-11-25 14:28:58.140,84.551,17.397,36.322,30.832,287.0,321.0,323.0,75.80254777070064,38.73089585599093,0.6464968152866242,0.16878980891719744,0.14331210191082802,5.515923566878981,7,10574.42356687898,1176.612010482978,12160,324,223.86624203821657,68,68.09067395116116,0.1337579617834395,0.5,0.33121019108280253,0.03503184713375796,0.21019108280254778,314,40.0,AlphaTauri,Yuki TSUNODA,United Arab Emirates,Yas Marina Circuit,Yas Island
9193,27,11,2023-11-25 14:37:23.756,84.213,17.309,36.26,30.644,286.0,320.0,325.0,73.57492354740062,39.80288527218938,0.5168195718654435,0.1529051987767584,0.14067278287461774,5.678899082568807,7,10494.804281345565,1221.01172657077,12102,328,222.4678899082569,72,69.7394232551668,0.13761467889908258,0.4892966360856269,0.3241590214067278,0.04892966360856269,0.21100917431192662,327,36.0,Haas F1 Team,Nico HULKENBERG,United Arab Emirates,Yas Marina Circuit,Yas Island
7768,11,8,2023-03-04 15:38:53.129,90.746,28.964,38.997,22.785,240.0,270.0,323.0,69.8533724340176,42.488914423498244,0.6187683284457478,0.21407624633431085,0.19648093841642228,5.266862170087976,7,10502.639296187683,1330.5023494391257,12173,324,213.4574780058651,69,69.3098888078896,0.0967741935483871,0.5073313782991202,0.30498533724340177,0.09090909090909091,0.2287390029325513,341,44.0,Red Bull Racing,Sergio PEREZ,Bahrain,Sakhir,Sakhir
7775,18,9,2023-03-18 17:27:06.527,89.25,32.424,28.299,28.527,291.0,318.0,324.0,81.1572700296736,35.07036569053619,0.05934718100890208,0.12462908011869436,0.11275964391691394,6.4094955489614245,6,10878.415430267063,945.7069883724214,12059,326,246.41246290801186,89,61.10557967995373,0.20178041543026706,0.5816023738872403,0.20474777448071216,0.011869436201780416,0.2522255192878338,337,40.0,Aston Martin,Lance STROLL,Saudi Arabia,Jeddah,Jeddah
7775,22,9,2023-03-18 17:17:26.690,89.939,32.665,28.598,28.676,289.0,322.0,326.0,80.5323076923077,36.32954919001167,0.7107692307692308,0.13230769230769232,0.09538461538461539,6.003076923076923,6,10839.526153846155,1027.9346532343557,12517,327,242.77846153846153,88,60.79707314142762,0.18461538461538463,0.5784615384615385,0.21846153846153846,0.018461538461538463,0.23076923076923078,325,33.0,AlphaTauri,Yuki TSUNODA,Saudi Arabia,Jeddah,Jeddah
7775,24,2,2023-03-18 17:02:46.435,90.698,33.284,28.631,28.783,288.0,324.0,335.0,78.30239520958084,37.99938588423601,0.6796407185628742,0.1467065868263473,0.1407185628742515,6.179640718562874,6,10694.248502994013,1096.120908553853,12160,337,241.98502994011977,84,63.60253184824175,0.18862275449101795,0.5688622754491018,0.218562874251497,0.023952095808383235,0.218562874251497,334,37.0,Alfa Romeo,ZHOU Guanyu,Saudi Arabia,Jeddah,Jeddah
9161,27,2,2023-09-16 13:02:13.635,93.708,27.39,39.689,26.629,312.0,280.0,301.0,65.07428571428571,41.57728566880907,0.5057142857142857,0.10285714285714286,0.18857142857142858,4.785714285714286,7,10153.46,1503.611925390874,12422,316,188.76857142857142,64,67.92428479566088,0.05142857142857143,0.3914285714285714,0.45714285714285713,0.1,0.18857142857142858,350,51.0,Haas F1 Team,Nico HULKENBERG,Singapore,Singapore,Marina Bay
9161,27,17,2023-09-16 14:18:20.383,92.537,27.206,39.069,26.262,311.0,279.0,300.0,65.5233918128655,41.98579961257172,0.5263157894736842,0.05263157894736842,0.2134502923976608,4.883040935672515,7,10106.771929824561,1571.1282945448572,12058,316,190.9766081871345,66,67.52689944878026,0.049707602339181284,0.4093567251461988,0.4473684210526316,0.0935672514619883,0.20175438596491227,342,51.0,Haas F1 Team,Nico HULKENBERG,Singapore,Singapore,Marina Bay
9161,31,17,2023-09-16 14:27:12.108,91.673,26.986,38.703,25.984,309.0,277.0,300.0,66.12941176470588,42.43503818461408,0.5088235294117647,0.23529411764705882,0.21764705882352942,4.647058823529412,7,9964.05,1424.6356840613273,11764,312,190.81764705882352,67,66.87960155078586,0.04411764705882353,0.40294117647058825,0.4676470588235294,0.08529411764705883,0.19705882352941176,340,49.0,Alpine,Esteban OCON,Singapore,Singapore,Marina Bay
9215,22,4,2023-10-06 17:06:15.038,86.729,32.225,29.258,25.246,239.0,286.0,311.0,72.4423676012461,39.28991536484833,0.5794392523364486,0.17133956386292834,0.14953271028037382,5.520249221183801,6,10598.196261682244,1063.3849324144016,12133,314,223.26791277258567,90,54.491253871078854,0.06853582554517133,0.5887850467289719,0.32398753894080995,0.018691588785046728,0.1059190031152648,321,30.0,AlphaTauri,Yuki TSUNODA,Qatar,Lusail,Lusail
9215,22,15,2023-10-06 17:38:41.878,85.301,31.587,28.905,24.809,240.0,286.0,311.0,76.13271604938272,38.54093128805661,0.6388888888888888,0.14814814814814814,0.1388888888888889,5.546296296296297,6,10767.462962962964,1044.5846146674107,12291,314,227.55555555555554,88,52.90420105401919,0.06481481481481481,0.6481481481481481,0.26851851851851855,0.018518518518518517,0.1111111111111111,324,28.0,AlphaTauri,Yuki TSUNODA,Qatar,Lusail,Lusail
9112,4,22,2023-06-30 16:05:03.447,64.658,16.358,28.808,19.492,323.0,248.0,315.0,76.0860655737705,39.38379231630428,0.0,0.15163934426229508,0.14344262295081966,6.233606557377049,7,10789.245901639344,926.4358741950132,12111,324,244.58196721311475,74,60.36873528764184,0.20491803278688525,0.5942622950819673,0.1680327868852459,0.03278688524590164,0.3729508196721312,244,33.0,McLaren,Lando NORRIS,Austria,Spielberg,Spielberg
9112,11,9,2023-06-30 15:21:17.603,65.177,16.505,29.113,19.559,325.0,244.0,319.0,74.59760956175299,40.908500757946975,0.6852589641434262,0.1394422310756972,0.1553784860557769,6.107569721115538,6,10443.366533864542,1291.9060248777919,11907,327,238.72509960159363,68,64.27179885058483,0.18725099601593626,0.5816733067729084,0.1952191235059761,0.035856573705179286,0.3386454183266932,251,32.0,Red Bull Racing,Sergio PEREZ,Austria,Spielberg,Spielberg
9112,11,6,2023-06-30 15:14:35.516,65.926,16.599,29.369,19.958,325.0,242.0,318.0,72.96610169491525,41.49646120844111,0.6610169491525424,0.1483050847457627,0.16101694915254236,6.029661016949152,6,10306.927966101695,1418.821881336502,11901,326,234.5,66,67.88278382937408,0.19491525423728814,0.5338983050847458,0.2245762711864407,0.046610169491525424,0.3220338983050847,236,33.0,Red Bull Racing,Sergio PEREZ,Austria,Spielberg,Spielberg
9161,20,11,2023-09-16 13:55:16.423,92.17,27.184,38.776,26.21,312.0,279.0,302.0,65.9393063583815,41.79181410149933,0.4046242774566474,0.21676300578034682,0.1994219653179191,4.817919075144508,7,10236.991329479768,1321.7826971462928,11951,316,190.33526011560693,66,66.96914950187595,0.04335260115606936,0.4161849710982659,0.4421965317919075,0.09826589595375723,0.1994219653179191,346,49.0,Haas F1 Team,Kevin MAGNUSSEN,Singapore,Singapore,Marina Bay
9207,3,2,2023-10-20 21:08:40.020,97.222,26.167,39.037,32.018,224.0,185.0,318.0,67.08539944903582,41.69722332055058,0.5399449035812672,0.22589531680440772,0.16804407713498623,4.9449035812672175,7,10250.112947658403,1306.5218855739959,12490,320,201.8512396694215,74,71.64129428480139,0.09090909090909091,0.44077134986225897,0.3581267217630854,0.11019283746556474,0.18457300275482094,363,50.0,AlphaTauri,Daniel RICCIARDO,United States,Austin,Austin
9064,22,22,2023-04-28 14:25:24.994,101.581,35.717,40.835,25.029,222.0,241.0,315.0,72.17232375979113,41.927593615256654,0.6449086161879896,0.21409921671018275,0.18276762402088773,5.073107049608355,7,10573.942558746736,1380.8023511051545,12717,335,210.24281984334203,76,78.6184106729442,0.18798955613577023,0.35509138381201044,0.39425587467362927,0.06266318537859007,0.14360313315926893,383,53.0,AlphaTauri,Yuki TSUNODA,Azerbaijan,Baku,Baku
9064,27,2,2023-04-28 13:01:55.988,104.305,36.846,42.319,25.14,225.0,236.0,317.0,67.19899244332494,42.95402991397844,0.5818639798488665,0.2216624685138539,0.20906801007556675,5.340050377833753,7,10112.201511335013,1630.8855095159881,12246,334,207.28967254408062,72,83.03616237375851,0.19143576826196473,0.33249370277078083,0.3677581863979849,0.10831234256926953,0.15113350125944586,397,52.0,Haas F1 Team,Nico HULKENBERG,Azerbaijan,Baku,Baku
9064,31,13,2023-04-28 13:54:16.515,102.179,36.119,41.167,24.893,223.0,239.0,318.0,68.15968586387434,43.2201001637985,0.5,0.24083769633507854,0.2356020942408377,5.141361256544503,7,10068.193717277487,1450.5280726029546,11998,335,208.60732984293193,73,80.51307093759173,0.18586387434554974,0.337696335078534,0.40575916230366493,0.07068062827225131,0.1544502617801047,382,52.0,Alpine,Esteban OCON,Azerbaijan,Baku,Baku
7768,24,11,2023-03-04 15:46:40.120,91.473,29.041,39.427,23.005,240.0,267.0,318.0,72.33908045977012,41.23273330020229,0.6293103448275862,0.20689655172413793,0.1925287356321839,5.514367816091954,7,10087.350574712644,1538.9379821988996,11922,321,210.43965517241378,68,70.28398001370323,0.07183908045977011,0.5316091954022989,0.2988505747126437,0.09770114942528736,0.23563218390804597,348,46.0,Alfa Romeo,ZHOU Guanyu,Bahrain,Sakhir,Sakhir
7768,27,13,2023-03-04 15:46:34.761,90.809,29.042,38.957,22.81,241.0,270.0,317.0,71.6907514450867,41.297854469469954,0.2630057803468208,0.1994219653179191,0.18786127167630057,5.583815028901734,7,10359.251445086706,1468.6796921185307,12215,322,215.63005780346822,67,68.00282703839623,0.09826589595375723,0.5317919075144508,0.2976878612716763,0.07225433526011561,0.2514450867052023,346,46.0,Haas F1 Team,Nico HULKENBERG,Bahrain,Sakhir,Sakhir
7768,63,5,2023-03-04 15:25:11.581,91.718,29.295,39.432,22.991,241.0,271.0,318.0,69.32361516034986,42.05214942310236,0.5714285714285714,0.22740524781341107,0.21282798833819241,5.556851311953353,7,10218.241982507288,1582.470740946453,12231,320,210.0,62,69.40713851753999,0.09037900874635568,0.4897959183673469,0.3323615160349854,0.08746355685131195,0.21865889212827988,343,48.0,Mercedes,George RUSSELL,Bahrain,Sakhir,Sakhir
9153,18,8,2023-09-02 14:17:03.901,82.883,27.281,28.239,27.363,322.0,336.0,343.0,79.35048231511254,35.881381524255765,0.07395498392282958,0.028938906752411574,0.12861736334405144,6.418006430868167,7,11007.334405144695,1169.236529537978,12676,344,251.9742765273312,67,71.90593753159386,0.35691318327974275,0.40836012861736337,0.19935691318327975,0.03536977491961415,0.18971061093247588,311,37.0,Aston Martin,Lance STROLL,Italy,Monza,Monza
9153,31,2,2023-09-02 14:06:19.533,83.276,27.558,28.206,27.512,320.0,334.0,342.0,78.51495016611295,38.01057671772655,0.7009966777408638,0.14950166112956811,0.15282392026578073,6.132890365448505,7,10583.926910299004,1097.9690651258911,12366,343,248.9468438538206,67,72.94740455747696,0.3388704318936877,0.4119601328903654,0.19933554817275748,0.04983388704318937,0.2026578073089701,301,32.0,Alpine,Esteban OCON,Italy,Monza,Monza
9169,31,8,2023-09-23 06:43:55.622,91.375,31.959,41.154,18.262,283.0,307.0,307.0,72.95209580838323,39.50357240594367,0.5838323353293413,0.15568862275449102,0.17664670658682635,5.697604790419161,7,10204.691616766468,1274.9553477861216,11911,330,226.85928143712576,72,67.30233846937328,0.15868263473053892,0.5299401197604791,0.23353293413173654,0.07784431137724551,0.09580838323353294,334,36.0,Alpine,Esteban OCON,Japan,Suzuka,Suzuka
9169,40,9,2023-09-23 06:30:37.928,90.425,31.585,40.755,18.085,281.0,303.0,301.0,76.0179104477612,37.50105357950353,0.6059701492537314,0.14925373134328357,0.11641791044776119,5.823880597014925,7,10549.629850746269,1229.8568415076904,12684,327,231.88358208955225,75,62.307919444108926,0.1582089552238806,0.573134328358209,0.21492537313432836,0.05373134328358209,0.08656716417910448,335,29.0,AlphaTauri,Liam LAWSON,Japan,Suzuka,Suzuka
9169,44,11,2023-09-23 06:52:27.585,90.04,31.247,40.714,18.079,280.0,304.0,302.0,76.35757575757576,35.64105953537681,0.5909090909090909,0.09090909090909091,0.12727272727272726,6.115151515151515,6,10541.957575757575,1259.3100699581723,12199,326,229.53636363636363,72,62.990761701101796,0.15454545454545454,0.5636363636363636,0.22727272727272727,0.05454545454545454,0.08484848484848485,330,34.0,Mercedes,Lewis HAMILTON,Japan,Suzuka,Suzuka
9215,77,17,2023-10-06 17:49:50.460,85.586,31.655,28.779,25.152,242.0,285.0,307.0,75.9214501510574,37.935429897749316,0.6163141993957704,0.16314199395770393,0.1510574018126888,5.676737160120846,6,10821.196374622357,884.3445239711309,12346,310,226.53776435045316,96,51.09095507762895,0.06042296072507553,0.6374622356495468,0.2930513595166163,0.00906344410876133,0.11782477341389729,331,34.0,Alfa Romeo,Valtteri BOTTAS,Qatar,Lusail,Lusail
9074,18,2,2023-05-06 20:06:29.928,89.106,30.16,33.818,25.128,219.0,193.0,332.0,67.3731778425656,41.09176128763211,0.18075801749271136,0.1836734693877551,0.17201166180758018,5.635568513119534,7,10215.180758017492,1564.069424949357,12378,334,216.15743440233237,68,83.06038630728501,0.21282798833819241,0.37900874635568516,0.29737609329446063,0.11078717201166181,0.21574344023323616,343,41.0,Aston Martin,Lance STROLL,United States,Miami,Miami
9074,21,9,2023-05-06 20:16:52.027,88.845,29.771,33.829,25.245,225.0,191.0,338.0,69.08734939759036,41.23422400393705,0.5481927710843374,0.20481927710843373,0.16566265060240964,5.319277108433735,7,10455.25,1453.5703540486725,13001,339,215.43975903614458,66,84.73441350101916,0.21686746987951808,0.37349397590361444,0.29819277108433734,0.11144578313253012,0.21385542168674698,332,36.0,AlphaTauri,Nyck DE VRIES,United States,Miami,Miami
9074,23,7,2023-05-06 20:12:06.172,88.234,29.568,33.497,25.169,225.0,189.0,332.0,69.14984709480122,40.99908937685264,0.5626911314984709,0.18654434250764526,0.17737003058103976,5.819571865443425,6,10167.532110091743,1675.8194968220673,12259,335,219.77981651376146,69,82.19160889636099,0.20795107033639143,0.40672782874617736,0.290519877675841,0.09480122324159021,0.21712538226299694,327,33.0,Williams,Alexander ALBON,United States,Miami,Miami
9177,31,5,2023-10-28 21:17:46.112,79.353,28.038,30.5,20.815,312.0,292.0,343.0,59.972972972972975,43.250620992261084,0.4358108108108108,0.2668918918918919,0.24662162162162163,4.756756756756757,7,9836.783783783783,1535.833723965047,11988,344,193.36486486486487,62,84.27997318450973,0.15878378378378377,0.2972972972972973,0.38513513513513514,0.15878378378378377,0.27702702702702703,296,37.0,Alpine,Esteban OCON,Mexico,Mexico City,Mexico City
9177,44,11,2023-10-28 21:39:00.051,77.571,27.567,29.868,20.136,312.0,294.0,344.0,61.63414634146341,42.63442686874144,0.45993031358885017,0.17770034843205576,0.22996515679442509,5.083623693379791,7,10037.487804878048,1964.0354700585128,12631,344,196.95818815331012,61,84.59916799045817,0.1602787456445993,0.31010452961672474,0.3797909407665505,0.14982578397212543,0.27526132404181186,287,29.0,Mercedes,Lewis HAMILTON,Mexico,Mexico City,Mexico City
9129,20,4,2023-07-22 14:06:34.859,79.681,28.426,28.552,22.703,283.0,247.0,308.0,64.38235294117646,42.773527308137005,0.5163398692810458,0.23202614379084968,0.21241830065359477,5.124183006535947,6,10178.898692810457,1310.7998132281461,12408,322,197.22222222222223,92,59.848247680741494,0.042483660130718956,0.4477124183006536,0.4934640522875817,0.016339869281045753,0.16666666666666666,306,33.0,Haas F1 Team,Kevin MAGNUSSEN,Hungary,Hungaroring,Budapest
9129,20,7,2023-07-22 14:16:47.977,79.206,28.353,28.488,22.365,281.0,245.0,303.0,62.354729729729726,43.98897216881839,0.5101351351351351,0.2635135135135135,0.25,5.152027027027027,6,10201.135135135135,1213.176464583354,12108,316,198.75,94,57.63554400023816,0.05067567567567568,0.44256756756756754,0.4966216216216216,0.010135135135135136,0.16216216216216217,296,34.0,Haas F1 Team,Kevin MAGNUSSEN,Hungary,Hungaroring,Budapest
9129,24,7,2023-07-22 14:13:18.620,78.143,28.249,27.817,22.077,280.0,250.0,303.0,67.39249146757679,41.395431200203525,0.515358361774744,0.21843003412969283,0.20136518771331058,5.174061433447099,6,10167.078498293515,1269.079149483015,11986,312,199.35494880546077,91,59.39209985413031,0.04436860068259386,0.447098976109215,0.48464163822525597,0.023890784982935155,0.15017064846416384,293,37.0,Alfa Romeo,ZHOU Guanyu,Hungary,Hungaroring,Budapest
9129,24,21,2023-07-22 14:59:04.887,76.971,27.858,27.276,21.837,279.0,253.0,304.0,68.0072463768116,42.18064982935125,0.5615942028985508,0.2318840579710145,0.213768115942029,5.282608695652174,6,10307.445652173914,1182.9505732927962,11929,312,204.0036231884058,98,57.64067365629972,0.036231884057971016,0.4927536231884058,0.463768115942029,0.007246376811594203,0.15942028985507245,276,35.0,Alfa Romeo,ZHOU Guanyu,Hungary,Hungaroring,Budapest
9314,31,9,2023-11-18 08:16:59.442,95.101,27.869,31.227,36.005,187.0,212.0,337.0,74.40289855072464,39.8693723557206,0.6434782608695652,0.17971014492753623,0.1855072463768116,5.791304347826087,6,10249.15652173913,1544.2927348825813,12135,350,231.1942028985507,80,85.65140253955911,0.3072463768115942,0.34202898550724636,0.28695652173913044,0.06376811594202898,0.15942028985507245,345,39.0,Alpine,Esteban OCON,United States,Las Vegas,Las Vegas
9314,44,11,2023-11-18 08:32:38.754,93.837,26.833,31.187,35.817,188.0,216.0,344.0,74.88,39.37778816252973,0.6457142857142857,0.12857142857142856,0.14857142857142858,6.08,6,10707.817142857142,1538.5790436733441,12753,347,236.91714285714286,89,84.46627643194367,0.3485714285714286,0.30857142857142855,0.2914285714285714,0.05142857142857143,0.16857142857142857,350,38.0,Mercedes,Lewis HAMILTON,United States,Las Vegas,Las Vegas
9314,55,10,2023-11-18 08:27:22.259,94.146,26.774,31.241,36.131,187.0,214.0,345.0,74.91621621621621,39.022278491991074,0.5054054054054054,0.16216216216216217,0.15135135135135136,6.045945945945946,6,10548.713513513514,1413.157802445871,12400,348,236.34864864864866,91,83.86487428649919,0.3324324324324324,0.32972972972972975,0.3,0.03783783783783784,0.17027027027027028,370,41.0,Ferrari,Carlos SAINZ,United States,Las Vegas,Las Vegas
9314,63,18,2023-11-18 08:53:36.278,93.567,26.523,31.002,36.042,188.0,216.0,338.0,75.86455331412104,39.39853559401763,0.6829971181556196,0.17002881844380405,0.14121037463976946,6.069164265129683,6,10701.487031700288,1455.0869873403756,12568,342,236.48703170028818,90,82.52704394091766,0.34293948126801155,0.3256484149855908,0.2910662824207493,0.040345821325648415,0.1786743515850144,347,41.0,Mercedes,George RUSSELL,United States,Las Vegas,Las Vegas
9314,77,4,2023-11-18 08:05:58.595,95.168,27.158,31.867,36.143,185.0,214.0,346.0,72.60224089635854,40.217998591359766,0.6078431372549019,0.17647058823529413,0.17647058823529413,6.050420168067227,6,10290.355742296919,1757.8111866852353,12497,352,232.2577030812325,84,86.18021181334198,0.3137254901960784,0.32492997198879553,0.28851540616246496,0.07282913165266107,0.1568627450980392,357,38.0,Alfa Romeo,Valtteri BOTTAS,United States,Las Vegas,Las Vegas
9090,81,19,2023-05-27 14:47:21.606,72.396,18.839,34.467,19.09,219.0,204.0,282.0,51.64944649446495,44.97224236154821,0.3800738007380074,0.31365313653136534,0.2767527675276753,3.848708487084871,7,9879.169741697417,1662.4782440145752,12292,289,162.59040590405905,42,68.09115717470358,0.0,0.3284132841328413,0.41697416974169743,0.25461254612546125,0.07011070110701106,271,38.0,McLaren,Oscar PIASTRI,Monaco,Monte Carlo,Monaco
9112,27,23,2023-06-30 16:04:45.635,65.09,16.392,28.94,19.758,323.0,245.0,315.0,73.64462809917356,41.05483823871644,0.6570247933884298,0.1652892561983471,0.19421487603305784,6.0,7,10745.48347107438,1107.9735276169438,12330,323,235.76859504132233,71,66.4955943794536,0.19008264462809918,0.5537190082644629,0.2066115702479339,0.049586776859504134,0.34297520661157027,242,29.0,Haas F1 Team,Nico HULKENBERG,Austria,Spielberg,Spielberg
9112,31,8,2023-06-30 15:22:49.008,65.729,16.681,29.296,19.752,320.0,247.0,315.0,77.23553719008264,38.21057479904898,0.6694214876033058,0.1446280991735537,0.15702479338842976,5.7727272727272725,7,10469.404958677685,1094.300167264401,11977,321,234.00413223140495,66,66.81345169389286,0.1859504132231405,0.5537190082644629,0.21074380165289255,0.049586776859504134,0.359504132231405,242,30.0,Alpine,Esteban OCON,Austria,Spielberg,Spielberg
9112,44,8,2023-06-30 15:16:56.623,65.753,16.533,29.448,19.772,318.0,244.0,314.0,77.77083333333333,36.69907001394481,0.6625,0.11666666666666667,0.17083333333333334,6.2375,7,10626.9625,1201.2314473987365,12516,320,233.82083333333333,65,66.64667643982108,0.1875,0.5375,0.225,0.05,0.3458333333333333,240,33.0,Mercedes,Lewis HAMILTON,Austria,Spielberg,Spielberg
9112,44,6,2023-06-30 15:14:00.564,65.673,16.464,29.338,19.871,320.0,246.0,314.0,76.87704918032787,38.074451187537036,0.6721311475409836,0.13114754098360656,0.14344262295081966,6.266393442622951,7,10655.012295081968,1214.3731959770305,12093,322,236.6762295081967,66,64.95853131547202,0.1885245901639344,0.5532786885245902,0.21721311475409835,0.040983606557377046,0.36065573770491804,244,34.0,Mercedes,Lewis HAMILTON,Austria,Spielberg,Spielberg
9112,81,9,2023-06-30 15:22:58.992,65.838,16.603,29.341,19.894,319.0,246.0,313.0,73.3045267489712,39.171136754381784,0.0,0.15637860082304528,0.13580246913580246,6.102880658436214,7,10571.781893004116,1140.2952413110963,11994,320,236.1851851851852,70,65.73408322148939,0.18518518518518517,0.5761316872427984,0.19753086419753085,0.0411522633744856,0.36213991769547327,243,30.0,McLaren,Oscar PIASTRI,Austria,Spielberg,Spielberg
9207,31,11,2023-10-20 21:29:41.974,95.6,25.643,38.38,31.577,233.0,190.0,322.0,69.33149171270718,41.0175363144016,0.5469613259668509,0.20165745856353592,0.20718232044198895,5.151933701657459,7,9986.182320441989,1429.614480283074,11833,323,206.39226519337018,73,71.43166539353163,0.08839779005524862,0.48066298342541436,0.3287292817679558,0.10220994475138122,0.17955801104972377,362,48.0,Alpine,Esteban OCON,United States,Austin,Austin
9112,18,15,2023-06-30 15:38:19.804,65.506,16.522,29.245,19.739,322.0,244.0,316.0,73.54201680672269,41.261800758358824,0.20588235294117646,0.18907563025210083,0.1722689075630252,6.1722689075630255,7,10726.96218487395,1140.0256245910964,12073,323,235.7436974789916,65,65.26186671426473,0.1638655462184874,0.5798319327731093,0.21428571428571427,0.04201680672268908,0.3403361344537815,238,36.0,Aston Martin,Lance STROLL,Austria,Spielberg,Spielberg
9193,3,2,2023-11-25 14:05:58.648,84.84,17.492,36.521,30.827,287.0,322.0,324.0,73.85060975609755,40.01657454304616,0.6432926829268293,0.17378048780487804,0.14634146341463414,5.469512195121951,7,10580.463414634147,1182.3045054517675,12056,326,223.17073170731706,65,67.96280775988214,0.12804878048780488,0.5060975609756098,0.3353658536585366,0.03048780487804878,0.21951219512195122,328,42.0,AlphaTauri,Daniel RICCIARDO,United Arab Emirates,Yas Marina Circuit,Yas Island
9193,4,7,2023-11-25 14:30:28.357,83.92,17.128,36.314,30.478,291.0,321.0,322.0,72.14860681114551,40.05767840233223,0.058823529411764705,0.17337461300309598,0.15479876160990713,5.746130030959752,7,10386.91640866873,1188.9685345797004,11946,325,223.29721362229103,65,68.0878010865989,0.13003095975232198,0.5077399380804953,0.33436532507739936,0.02786377708978328,0.19814241486068113,323,34.0,McLaren,Lando NORRIS,United Arab Emirates,Yas Marina Circuit,Yas Island
9193,4,15,2023-11-25 14:57:57.640,83.952,17.076,36.087,30.789,291.0,319.0,322.0,74.41830065359477,39.01796381224388,0.07516339869281045,0.13725490196078433,0.13398692810457516,5.784313725490196,7,10390.254901960785,1230.7152793178368,11940,324,224.63398692810458,70,70.28039874430735,0.13398692810457516,0.5065359477124183,0.3235294117647059,0.03594771241830065,0.21568627450980393,306,34.0,McLaren,Lando NORRIS,United Arab Emirates,Yas Marina Circuit,Yas Island
9193,11,2,2023-11-25 14:06:31.273,84.74,17.235,36.468,31.037,289.0,326.0,330.0,73.45283018867924,40.8068773373012,0.660377358490566,0.1509433962264151,0.1540880503144654,5.588050314465409,7,10467.9213836478,1219.3492977355995,12126,332,223.36163522012578,68,69.21797080593389,0.1289308176100629,0.5031446540880503,0.32075471698113206,0.04716981132075472,0.20440251572327045,318,38.0,Red Bull Racing,Sergio PEREZ,United Arab Emirates,Yas Marina Circuit,Yas Island
9193,11,13,2023-11-25 14:50:45.226,84.171,17.309,36.259,30.603,290.0,324.0,329.0,73.60063897763578,39.776260470616094,0.645367412140575,0.12460063897763578,0.12779552715654952,5.559105431309904,7,10392.121405750799,1229.0040153835077,11931,331,222.40575079872204,70,69.19578016370173,0.12460063897763578,0.5047923322683706,0.33226837060702874,0.038338658146964855,0.19488817891373802,313,40.0,Red Bull Racing,Sergio PEREZ,United Arab Emirates,Yas Marina Circuit,Yas Island
9314,1,10,2023-11-18 08:32:51.707,93.607,26.624,30.994,35.989,187.0,215.0,344.0,73.93447293447294,40.90132700877258,0.6666666666666666,0.15669515669515668,0.16809116809116809,5.92022792022792,6,10564.356125356126,1401.4877365391103,12299,349,236.53846153846155,92,83.58939151367464,0.33618233618233617,0.33048433048433046,0.2934472934472934,0.039886039886039885,0.1623931623931624,351,35.0,Red Bull Racing,Max VERSTAPPEN,United States,Las Vegas,Las Vegas
9314,2,13,2023-11-18 08:29:06.101,94.372,26.927,31.46,35.985,185.0,214.0,346.0,71.06811989100818,41.84721419727983,0.6376021798365122,0.20708446866485014,0.16621253405994552,6.0272479564032695,6,10666.141689373297,1557.0508681795786,12836,348,234.96457765667574,88,84.95329059759482,0.335149863760218,0.3215258855585831,0.2888283378746594,0.05449591280653951,0.16621253405994552,367,40.0,Williams,Logan SARGEANT,United States,Las Vegas,Las Vegas
9064,4,2,2023-04-28 13:03:05.003,102.791,36.437,41.278,25.076,221.0,232.0,315.0,66.73107049608355,43.212227407785136,0.08616187989556136,0.2349869451697128,0.20365535248041775,5.195822454308094,7,10364.94778067885,1308.1713396227985,12243,328,208.53524804177545,75,78.70451855665043,0.18276762402088773,0.34203655352480417,0.4046997389033943,0.07049608355091384,0.14882506527415143,383,57.0,McLaren,Lando NORRIS,Azerbaijan,Baku,Baku
9064,11,17,2023-04-28 14:16:54.218,100.563,35.319,40.365,24.879,235.0,243.0,316.0,70.0,42.94359826072971,0.6377952755905512,0.1889763779527559,0.19160104986876642,5.304461942257218,6,10290.188976377953,1457.247876896812,12535,336,211.80839895013122,77,78.60602985313531,0.18635170603674542,0.3569553805774278,0.4015748031496063,0.05511811023622047,0.14698162729658792,381,52.0,Red Bull Racing,Sergio PEREZ,Azerbaijan,Baku,Baku
9314,16,4,2023-11-18 08:06:44.156,94.072,26.743,31.193,36.136,187.0,213.0,342.0,76.13850415512465,38.21180281566022,0.6509695290858726,0.08033240997229917,0.1634349030470914,5.930747922437673,6,10677.02216066482,1339.7246377756503,12535,349,236.21883656509695,90,83.44884846937602,0.32132963988919666,0.3490304709141274,0.27977839335180055,0.04986149584487535,0.16897506925207756,361,41.0,Ferrari,Charles LECLERC,United States,Las Vegas,Las Vegas
9314,16,7,2023-11-18 08:12:33.338,93.617,26.578,31.046,35.993,184.0,214.0,343.0,77.33521126760563,37.67528187033127,0.6563380281690141,0.0647887323943662,0.16901408450704225,6.019718309859155,6,10732.560563380282,1241.0546629405428,12400,348,239.18591549295775,90,82.29356520720565,0.3464788732394366,0.3323943661971831,0.28450704225352114,0.036619718309859155,0.16619718309859155,355,40.0,Ferrari,Charles LECLERC,United States,Las Vegas,Las Vegas
9314,20,9,2023-11-18 08:16:24.021,94.337,26.529,31.499,36.309,184.0,214.0,341.0,74.49709302325581,39.997886135581425,0.6656976744186046,0.18023255813953487,0.1569767441860465,5.979651162790698,6,10553.15988372093,1351.9049557376784,12327,347,233.50581395348837,88,83.17167584516018,0.3168604651162791,0.3372093023255814,0.28488372093023256,0.061046511627906974,0.16279069767441862,344,37.0,Haas F1 Team,Kevin MAGNUSSEN,United States,Las Vegas,Las Vegas
9090,31,14,2023-05-27 14:38:07.659,72.248,18.953,34.106,19.189,214.0,202.0,280.0,53.028169014084504,44.589362160015895,0.38028169014084506,0.323943661971831,0.29577464788732394,3.75,7,9635.834507042253,1569.8141426551008,11764,288,160.93661971830986,46,66.63743096409442,0.0,0.31690140845070425,0.44014084507042256,0.24295774647887325,0.07042253521126761,284,39.0,Alpine,Esteban OCON,Monaco,Monte Carlo,Monaco
9090,63,28,2023-05-27 15:09:01.904,71.988,18.665,34.214,19.109,217.0,207.0,280.0,55.450184501845015,44.41917660161918,0.42435424354243545,0.2952029520295203,0.2767527675276753,3.974169741697417,7,9766.066420664207,1810.040323680589,12310,290,163.17343173431735,44,68.59356542299604,0.0,0.33948339483394835,0.3985239852398524,0.26199261992619927,0.08118081180811808,271,46.0,Mercedes,George RUSSELL,Monaco,Monte Carlo,Monaco
9169,16,4,2023-09-23 06:24:09.026,90.393,31.528,40.746,18.119,281.0,302.0,301.0,78.63609467455622,32.89567357864543,0.14497041420118342,0.023668639053254437,0.1301775147928994,6.035502958579881,6,10436.103550295858,1310.9931376821442,12059,330,232.38165680473372,74,64.75293759068931,0.17455621301775148,0.5621301775147929,0.19822485207100593,0.0650887573964497,0.10059171597633136,338,29.0,Ferrari,Charles LECLERC,Japan,Suzuka,Suzuka
9169,24,5,2023-09-23 06:29:06.945,91.379,31.774,41.407,18.198,278.0,301.0,299.0,74.81360946745562,38.4435019338642,0.6153846153846154,0.15384615384615385,0.1390532544378698,5.946745562130178,6,10341.136094674555,1359.9397042617115,12189,327,228.0207100591716,73,65.74997275285926,0.15680473372781065,0.5414201183431953,0.22781065088757396,0.07396449704142012,0.10946745562130178,338,32.0,Alfa Romeo,ZHOU Guanyu,Japan,Suzuka,Suzuka
9215,14,17,2023-10-06 17:50:27.163,85.257,31.234,29.189,24.834,247.0,287.0,319.0,73.30745341614907,38.53406318142961,0.2422360248447205,0.12111801242236025,0.14596273291925466,6.024844720496894,6,10595.17701863354,970.9960279649925,11937,321,227.77950310559007,92,55.596940252898946,0.08695652173913043,0.6055900621118012,0.2950310559006211,0.012422360248447204,0.12111801242236025,322,38.0,Aston Martin,Fernando ALONSO,Qatar,Lusail,Lusail
9074,44,2,2023-05-06 20:02:51.323,90.547,30.201,33.898,26.448,213.0,193.0,336.0,66.976401179941,41.57775247196081,0.5457227138643068,0.168141592920354,0.1592920353982301,5.6047197640118,8,10135.421828908555,1741.2143680144836,12374,337,213.3834808259587,45,85.48570155351435,0.20353982300884957,0.37168141592920356,0.2949852507374631,0.12979351032448377,0.22123893805309736,339,38.0,Mercedes,Lewis HAMILTON,United States,Miami,Miami
9153,4,2,2023-09-02 14:03:06.942,82.496,27.416,27.925,27.155,319.0,330.0,333.0,76.19182389937107,38.57612813187871,0.018867924528301886,0.1320754716981132,0.1320754716981132,6.427672955974843,7,10797.896226415094,1079.3507184526256,12089,335,253.91194968553458,68,72.74477952566224,0.4025157232704403,0.3867924528301887,0.16666666666666666,0.0440251572327044,0.2169811320754717,318,35.0,McLaren,Lando NORRIS,Italy,Monza,Monza
9153,4,16,2023-09-02 14:39:44.230,81.717,27.117,27.608,26.992,322.0,339.0,346.0,76.90163934426229,38.07372735114037,0.006557377049180328,0.14754098360655737,0.13114754098360656,6.324590163934427,7,10867.904918032787,1136.7880974173163,12239,348,253.65573770491804,69,74.63818102887684,0.380327868852459,0.4,0.1737704918032787,0.04590163934426229,0.1901639344262295,305,36.0,McLaren,Lando NORRIS,Italy,Monza,Monza
9177,20,5,2023-10-28 21:09:06.211,79.163,27.68,30.898,20.585,316.0,294.0,352.0,58.647260273972606,43.86407730354619,0.3047945205479452,0.2671232876712329,0.22602739726027396,4.924657534246576,7,10085.339041095891,1751.6640585463877,12506,352,195.73972602739727,62,87.12936661301495,0.1815068493150685,0.2808219178082192,0.363013698630137,0.17465753424657535,0.2671232876712329,292,32.0,Haas F1 Team,Kevin MAGNUSSEN,Mexico,Mexico City,Mexico City
9177,24,14,2023-10-28 21:54:38.431,78.05,27.67,30.115,20.265,313.0,291.0,341.0,62.857638888888886,42.58032635284914,0.4895833333333333,0.2326388888888889,0.20833333333333334,5.0625,7,9903.628472222223,1759.1580057972988,12268,343,196.85416666666666,70,84.28994002576485,0.1701388888888889,0.3020833333333333,0.3923611111111111,0.13541666666666666,0.2881944444444444,288,31.0,Alfa Romeo,ZHOU Guanyu,Mexico,Mexico City,Mexico City
7775,16,8,2023-03-18 17:16:52.425,93.164,32.964,28.418,31.782,289.0,328.0,332.0,77.07440476190476,36.611275478764,0.09523809523809523,0.08630952380952381,0.15178571428571427,6.008928571428571,7,10662.21130952381,1188.370287532309,12132,333,237.20535714285714,73,68.78026509644859,0.19345238095238096,0.5297619047619048,0.2261904761904762,0.050595238095238096,0.19940476190476192,336,39.0,Ferrari,Charles LECLERC,Saudi Arabia,Jeddah,Jeddah
9129,44,10,2023-07-22 14:30:22.421,77.712,28.283,27.651,21.778,279.0,250.0,303.0,69.57597173144876,39.19279119414501,0.5229681978798587,0.12367491166077739,0.1978798586572438,5.19434628975265,6,10382.812720848056,1148.7581161772032,12034,314,200.13074204946997,94,57.65365416700932,0.0353356890459364,0.46996466431095407,0.4840989399293286,0.01060070671378092,0.15901060070671377,283,42.0,Mercedes,Lewis HAMILTON,Hungary,Hungaroring,Budapest
9129,44,16,2023-07-22 14:51:20.142,76.738,27.828,27.281,21.629,280.0,250.0,304.0,70.4914089347079,38.50995073029095,0.5292096219931272,0.12371134020618557,0.21305841924398625,5.2646048109965635,6,10469.879725085912,1066.8448757585788,12280,313,203.81786941580756,94,57.10689755667355,0.044673539518900345,0.4742268041237113,0.4639175257731959,0.01718213058419244,0.15807560137457044,291,42.0,Mercedes,Lewis HAMILTON,Hungary,Hungaroring,Budapest
9074,2,7,2023-05-06 20:12:20.422,88.763,29.886,33.833,25.044,215.0,188.0,338.0,66.56880733944953,41.7195648529318,0.5290519877675841,0.21712538226299694,0.18654434250764526,5.706422018348624,6,10079.042813455657,1753.1230462632388,12435,340,215.48929663608564,66,85.21484419021522,0.21100917431192662,0.3669724770642202,0.308868501529052,0.11314984709480122,0.21100917431192662,327,39.0,Williams,Logan SARGEANT,United States,Miami,Miami
9074,10,8,2023-05-06 20:17:13.370,88.061,29.456,33.226,25.379,217.0,194.0,336.0,69.8036253776435,40.55965436951335,0.5589123867069486,0.1782477341389728,0.14501510574018128,5.238670694864048,7,10325.06344410876,1388.4425650954058,12511,336,216.46223564954684,63,82.11090574497067,0.19939577039274925,0.3867069486404834,0.32326283987915405,0.09063444108761329,0.2084592145015106,331,36.0,Alpine,Pierre GASLY,United States,Miami,Miami
9074,16,13,2023-05-06 20:37:19.786,86.964,29.245,32.935,24.784,224.0,194.0,336.0,72.50308641975309,36.3388335855436,0.027777777777777776,0.018518518518518517,0.15432098765432098,5.580246913580247,7,10364.41975308642,1342.6011753834855,11990,338,219.90123456790124,71,83.83990418693737,0.22530864197530864,0.36728395061728397,0.32098765432098764,0.08641975308641975,0.23148148148148148,324,35.0,Ferrari,Charles LECLERC,United States,Miami,Miami
7775,44,9,2023-03-18 17:27:51.527,89.695,32.725,28.41,28.56,288.0,322.0,327.0,80.93805309734513,35.99859050146056,0.7079646017699115,0.11209439528023599,0.12094395280235988,6.421828908554573,6,10817.67256637168,1049.0099088758534,12036,327,243.89380530973452,84,61.21961091291622,0.20058997050147492,0.5693215339233039,0.21238938053097345,0.017699115044247787,0.24188790560471976,339,36.0,Mercedes,Lewis HAMILTON,Saudi Arabia,Jeddah,Jeddah
9161,10,2,2023-09-16 13:08:59.331,92.654,27.26,39.321,26.073,306.0,277.0,299.0,65.10174418604652,43.00909927975301,0.5145348837209303,0.25290697674418605,0.2180232558139535,4.558139534883721,7,10071.037790697674,1436.6784441622508,11863,310,190.04360465116278,65,64.39931789676959,0.03197674418604651,0.41569767441860467,0.4680232558139535,0.08430232558139535,0.18023255813953487,344,47.0,Alpine,Pierre GASLY,Singapore,Singapore,Marina Bay
9161,10,8,2023-09-16 13:56:54.874,92.279,27.206,39.047,26.026,308.0,277.0,299.0,65.00854700854701,42.93460057738892,0.5128205128205128,0.2564102564102564,0.18518518518518517,4.56980056980057,7,10125.339031339032,1404.135199692345,12212,311,191.48433048433048,67,65.50043977644434,0.037037037037037035,0.41025641025641024,0.47863247863247865,0.07407407407407407,0.19943019943019943,351,49.0,Alpine,Pierre GASLY,Singapore,Singapore,Marina Bay
9177,1,5,2023-10-28 21:16:19.253,80.438,27.915,30.124,22.399,314.0,297.0,347.0,56.75247524752475,43.3979138435486,0.43234323432343236,0.24092409240924093,0.20462046204620463,4.874587458745874,7,9516.178217821782,1932.6624229235995,12356,348,188.06600660066007,60,84.95629339632431,0.13861386138613863,0.29372937293729373,0.3927392739273927,0.17491749174917492,0.23102310231023102,303,27.0,Red Bull Racing,Max VERSTAPPEN,Mexico,Mexico City,Mexico City
9177,3,14,2023-10-28 21:58:08.632,77.533,27.492,29.888,20.153,312.0,293.0,343.0,62.148275862068964,43.48139737212095,0.49310344827586206,0.25517241379310346,0.20344827586206896,5.027586206896552,7,9869.762068965518,1746.0485418988153,12266,344,198.94482758620688,63,83.43895510616683,0.16551724137931034,0.32068965517241377,0.38620689655172413,0.12758620689655173,0.27586206896551724,290,31.0,AlphaTauri,Daniel RICCIARDO,Mexico,Mexico City,Mexico City
9177,11,15,2023-10-28 21:58:21.210,77.423,27.46,29.884,20.079,316.0,295.0,351.0,59.93493150684932,44.10187221632414,0.4897260273972603,0.23972602739726026,0.2089041095890411,4.897260273972603,7,9888.150684931506,1857.689842546162,12355,351,196.18493150684932,67,85.05538954740364,0.16095890410958905,0.3013698630136986,0.4041095890410959,0.13356164383561644,0.2534246575342466,292,31.0,Red Bull Racing,Sergio PEREZ,Mexico,Mexico City,Mexico City
7768,20,5,2023-03-04 15:23:49.223,91.892,29.428,39.369,23.095,240.0,271.0,317.0,71.09014084507042,41.36577625157494,0.6084507042253521,0.2056338028169014,0.2,5.450704225352113,7,10278.132394366197,1341.2717727209215,11849,322,212.4619718309859,67,69.16932953732652,0.09577464788732394,0.504225352112676,0.323943661971831,0.07605633802816901,0.23661971830985915,355,49.0,Haas F1 Team,Kevin MAGNUSSEN,Bahrain,Sakhir,Sakhir
9153,44,14,2023-09-02 14:39:16.590,81.369,27.065,27.386,26.918,319.0,333.0,337.0,81.19867549668874,35.940060818838205,0.7317880794701986,0.09271523178807947,0.11920529801324503,6.622516556291391,7,10867.271523178808,1252.2125292413562,12450,340,254.55960264900662,69,71.10986369549411,0.37748344370860926,0.4271523178807947,0.152317880794702,0.04304635761589404,0.20860927152317882,302,33.0,Mercedes,Lewis HAMILTON,Italy,Monza,Monza
9153,55,11,2023-09-02 14:29:13.909,80.991,26.846,27.268,26.877,323.0,339.0,348.0,78.77227722772277,37.226765593926395,0.42244224422442245,0.11551155115511551,0.1419141914191419,6.402640264026402,7,10829.323432343233,1292.7709091412735,12381,349,254.3861386138614,71,73.15306057029959,0.3795379537953795,0.39603960396039606,0.18151815181518152,0.0429042904290429,0.19471947194719472,303,33.0,Ferrari,Carlos SAINZ,Italy,Monza,Monza
9153,55,19,2023-09-02 14:59:10.873,80.294,26.701,26.988,26.605,323.0,338.0,347.0,80.84745762711864,36.19355260701933,0.4033898305084746,0.10847457627118644,0.14915254237288136,6.606779661016949,7,10903.823728813559,1176.5491059682793,12364,350,260.75254237288135,70,67.54245164432956,0.3728813559322034,0.46440677966101696,0.1288135593220339,0.03389830508474576,0.20677966101694914,295,28.0,Ferrari,Carlos SAINZ,Italy,Monza,Monza
9153,81,20,2023-09-02 14:51:41.722,81.12,27.059,27.275,26.786,320.0,331.0,338.0,78.87947882736157,37.4571014199753,0.1270358306188925,0.1270358306188925,0.12052117263843648,6.47557003257329,7,10828.110749185667,1028.7346187424175,11967,340,257.6547231270358,73,70.21208303017481,0.3973941368078176,0.42671009771986973,0.13029315960912052,0.04560260586319218,0.20195439739413681,307,33.0,McLaren,Oscar PIASTRI,Italy,Monza,Monza
9064,44,23,2023-04-28 14:24:59.228,101.276,35.727,40.678,24.871,222.0,244.0,316.0,69.52417302798982,41.869574590852515,0.5954198473282443,0.17048346055979643,0.18575063613231552,5.524173027989822,7,10242.173027989822,1534.9080875843615,12271,335,208.7124681933842,78,80.6287553927778,0.21119592875318066,0.31297709923664124,0.40966921119592875,0.06615776081424936,0.15012722646310434,393,53.0,Mercedes,Lewis HAMILTON,Azerbaijan,Baku,Baku
9064,77,8,2023-04-28 13:39:58.869,102.958,36.076,41.727,25.155,233.0,230.0,314.0,68.81909547738694,43.05888928881968,0.6155778894472361,0.23366834170854273,0.1934673366834171,5.4045226130653266,6,10060.97487437186,1635.0411635246408,12114,331,207.5,77,80.648341035875,0.18592964824120603,0.3341708542713568,0.38944723618090454,0.09045226130653267,0.14321608040201006,398,48.0,Alfa Romeo,Valtteri BOTTAS,Azerbaijan,Baku,Baku
9064,81,8,2023-04-28 13:40:05.900,102.779,36.068,41.492,25.219,226.0,243.0,314.0,68.0427135678392,42.83499692876754,0.0,0.21608040201005024,0.1934673366834171,5.14321608040201,7,10392.188442211056,1236.8485353561593,11979,331,208.27386934673368,74,79.68823300335497,0.19095477386934673,0.33668341708542715,0.4020100502512563,0.07035175879396985,0.1507537688442211,398,57.0,McLaren,Oscar PIASTRI,Azerbaijan,Baku,Baku
9193,55,5,2023-11-25 14:17:20.043,84.738,17.355,36.581,30.802,289.0,321.0,328.0,74.06645569620254,37.89717099758572,0.12341772151898735,0.14240506329113925,0.16772151898734178,5.768987341772152,7,10460.841772151898,1279.6292767812017,12089,330,223.33544303797467,64,69.93467344119726,0.13924050632911392,0.5,0.3259493670886076,0.03481012658227848,0.19936708860759494,316,37.0,Ferrari,Carlos SAINZ,United Arab Emirates,Yas Marina Circuit,Yas Island
9193,77,2,2023-11-25 14:06:46.522,84.973,17.459,36.638,30.876,286.0,323.0,326.0,73.35668789808918,40.72145115933479,0.6496815286624203,0.19745222929936307,0.1624203821656051,5.729299363057325,7,10468.213375796178,1350.8176351376194,12267,328,222.72611464968153,66,68.7235152787455,0.11464968152866242,0.5222929936305732,0.3248407643312102,0.03821656050955414,0.20382165605095542,314,38.0,Alfa Romeo,Valtteri BOTTAS,United Arab Emirates,Yas Marina Circuit,Yas Island
9193,81,8,2023-11-25 14:30:20.685,84.278,17.247,36.382,30.649,290.0,322.0,323.0,73.10703363914374,39.8573858656696,0.03058103975535168,0.1651376146788991,0.13149847094801223,5.767584097859327,7,10412.11620795107,1121.56276213107,11768,324,224.95107033639144,66,67.7134710597625,0.13761467889908258,0.4984709480122324,0.3394495412844037,0.024464831804281346,0.20795107033639143,327,38.0,McLaren,Oscar PIASTRI,United Arab Emirates,Yas Marina Circuit,Yas Island
9090,4,11,2023-05-27 14:28:10.947,72.892,19.064,34.524,19.304,214.0,203.0,284.0,50.52142857142857,44.632303883209914,0.08928571428571429,0.3464285714285714,0.275,3.8857142857142857,7,9659.25,1680.5927381768931,12480,290,162.1642857142857,42,70.69127292380813,0.0,0.3357142857142857,0.39285714285714285,0.2714285714285714,0.075,280,42.0,McLaren,Lando NORRIS,Monaco,Monte Carlo,Monaco
9090,4,16,2023-05-27 14:41:36.673,72.421,18.96,34.39,19.071,219.0,205.0,285.0,51.768953068592054,44.42626251117189,0.07220216606498195,0.3176895306859206,0.23826714801444043,3.9386281588447654,7,9735.635379061372,1719.3782792900786,12935,290,163.22743682310468,43,68.96487951712898,0.0,0.34296028880866425,0.4043321299638989,0.2527075812274368,0.06859205776173286,277,41.0,McLaren,Lando NORRIS,Monaco,Monte Carlo,Monaco
9090,14,2,2023-05-27 14:03:57.511,73.884,19.155,34.775,19.954,217.0,200.0,279.0,53.33451957295374,42.94101249555448,0.08896797153024912,0.2206405693950178,0.2704626334519573,3.9323843416370106,7,9659.224199288255,1838.5444406566426,12325,287,160.3238434163701,44,68.4222063537727,0.0,0.3238434163701068,0.4128113879003559,0.26334519572953735,0.08185053380782918,281,42.0,Aston Martin,Fernando ALONSO,Monaco,Monte Carlo,Monaco
9090,14,7,2023-05-27 14:22:55.686,72.959,19.033,34.46,19.466,219.0,201.0,280.0,53.806691449814124,43.54907799096782,0.12639405204460966,0.22676579925650558,0.24535315985130113,3.9888475836431225,7,9645.003717472118,1810.1453052463858,12020,286,162.5539033457249,45,68.47121817169602,0.0,0.3345724907063197,0.41263940520446096,0.2527881040892193,0.07806691449814127,269,46.0,Aston Martin,Fernando ALONSO,Monaco,Monte Carlo,Monaco
9090,24,9,2023-05-27 14:22:19.186,73.585,19.293,34.795,19.497,213.0,200.0,280.0,55.16129032258065,43.83757389112696,0.3835125448028674,0.2903225806451613,0.24731182795698925,3.8637992831541217,7,9654.724014336918,1717.525786250566,12224,287,159.78853046594983,44,68.62630856813456,0.0,0.3225806451612903,0.4121863799283154,0.26523297491039427,0.07526881720430108,279,42.0,Alfa Romeo,ZHOU Guanyu,Monaco,Monte Carlo,Monaco
9193,16,2,2023-11-25 14:06:55.507,84.556,17.381,36.213,30.962,288.0,324.0,328.0,74.42718446601941,37.30775883104053,0.06472491909385113,0.05825242718446602,0.15210355987055016,5.718446601941747,6,10452.699029126214,1302.3738977390642,11968,329,222.31715210355986,71,69.27113393801174,0.12297734627831715,0.5080906148867314,0.3300970873786408,0.038834951456310676,0.1941747572815534,309,38.0,Ferrari,Charles LECLERC,United Arab Emirates,Yas Marina Circuit,Yas Island
7768,1,14,2023-03-04 16:07:25.801,89.708,28.736,38.514,22.458,241.0,271.0,321.0,71.96855345911949,41.81232236280295,0.6289308176100629,0.19811320754716982,0.1918238993710692,5.289308176100629,7,10499.415094339623,1309.0718883455618,12102,323,213.83962264150944,64,69.39269729382222,0.08490566037735849,0.5314465408805031,0.29874213836477986,0.08490566037735849,0.2358490566037736,318,48.0,Red Bull Racing,Max VERSTAPPEN,Bahrain,Sakhir,Sakhir
7768,4,9,2023-03-04 15:38:07.458,92.191,29.492,39.628,23.071,240.0,267.0,317.0,68.9185393258427,41.909380362485244,0.550561797752809,0.21629213483146068,0.199438202247191,5.207865168539326,7,10364.943820224718,1375.5101270114287,12223,319,208.6123595505618,61,70.65162509455351,0.0702247191011236,0.5196629213483146,0.31179775280898875,0.09831460674157304,0.2303370786516854,356,49.0,McLaren,Lando NORRIS,Bahrain,Sakhir,Sakhir
7768,14,5,2023-03-04 15:24:32.519,91.228,29.127,39.239,22.862,240.0,268.0,317.0,70.92372881355932,40.61394772483878,0.014124293785310734,0.18926553672316385,0.17231638418079095,5.641242937853107,7,10198.022598870057,1443.4393984294143,11998,319,212.28813559322035,60,68.98007698103979,0.07909604519774012,0.5225988700564972,0.3050847457627119,0.09322033898305085,0.2344632768361582,354,54.0,Aston Martin,Fernando ALONSO,Bahrain,Sakhir,Sakhir
7775,18,12,2023-03-18 17:35:08.428,89.263,32.296,28.335,28.632,291.0,320.0,325.0,79.9327485380117,36.55973512357662,0.05847953216374269,0.14035087719298245,0.11988304093567251,6.464912280701754,6,10847.973684210527,988.7462613802519,12010,325,248.16374269005848,89,59.78183284123492,0.2046783625730994,0.5964912280701754,0.18421052631578946,0.014619883040935672,0.24561403508771928,342,39.0,Aston Martin,Lance STROLL,Saudi Arabia,Jeddah,Jeddah
7775,18,17,2023-03-18 17:55:03.664,89.017,32.271,28.208,28.538,289.0,317.0,323.0,81.997150997151,34.46509609739756,0.04843304843304843,0.09686609686609686,0.11396011396011396,6.4586894586894585,6,10856.356125356126,935.7911801317504,11976,323,247.65527065527064,92,59.26760829972298,0.2022792022792023,0.5982905982905983,0.19373219373219372,0.005698005698005698,0.25925925925925924,351,38.0,Aston Martin,Lance STROLL,Saudi Arabia,Jeddah,Jeddah
9161,27,14,2023-09-16 14:06:14.630,91.994,26.943,38.875,26.176,313.0,280.0,301.0,65.80446927374301,41.7581509797423,0.5027932960893855,0.0670391061452514,0.2011173184357542,4.924581005586592,7,10140.851955307262,1536.7975643954348,12706,317,192.08100558659217,65,66.09891261470119,0.0446927374301676,0.4106145251396648,0.4664804469273743,0.0782122905027933,0.18435754189944134,358,47.0,Haas F1 Team,Nico HULKENBERG,Singapore,Singapore,Marina Bay
9215,24,2,2023-10-06 17:02:30.542,89.15,33.127,30.199,25.824,232.0,286.0,308.0,70.34319526627219,38.80171725791963,0.5502958579881657,0.14497041420118342,0.1390532544378698,5.600591715976331,6,10420.384615384615,1036.4609952423457,12020,311,217.26331360946745,88,54.29159552340509,0.05325443786982249,0.5798816568047337,0.3431952662721893,0.023668639053254437,0.09763313609467456,338,37.0,Alfa Romeo,ZHOU Guanyu,Qatar,Lusail,Lusail
9215,31,17,2023-10-06 17:39:02.534,84.928,31.321,28.784,24.823,245.0,286.0,316.0,72.83229813664596,39.79256744651699,0.5714285714285714,0.18322981366459629,0.2080745341614907,5.543478260869565,6,10534.73602484472,909.1924193116007,12041,318,228.25776397515529,95,52.21378309546609,0.06832298136645963,0.6242236024844721,0.30124223602484473,0.006211180124223602,0.10869565217391304,322,33.0,Alpine,Esteban OCON,Qatar,Lusail,Lusail
9112,1,23,2023-06-30 16:04:32.198,64.391,16.3,28.732,19.359,324.0,249.0,317.0,75.08571428571429,40.368649579252214,0.689795918367347,0.1346938775510204,0.15510204081632653,6.012244897959183,7,10592.58775510204,1020.991372459303,11914,325,237.80408163265307,72,65.9084870998917,0.2,0.5714285714285714,0.1836734693877551,0.044897959183673466,0.3469387755102041,245,30.0,Red Bull Racing,Max VERSTAPPEN,Austria,Spielberg,Spielberg
9112,4,11,2023-06-30 15:23:07.382,65.729,16.637,29.262,19.83,320.0,246.0,315.0,73.18595041322314,40.297474372399726,0.0,0.18181818181818182,0.1446280991735537,6.024793388429752,7,10575.892561983472,1102.85464973888,11961,322,236.19834710743802,68,65.37788272132883,0.1859504132231405,0.5743801652892562,0.19421487603305784,0.045454545454545456,0.36363636363636365,242,36.0,McLaren,Lando NORRIS,Austria,Spielberg,Spielberg
9112,10,8,2023-06-30 15:23:33.288,65.515,16.566,29.123,19.826,323.0,248.0,316.0,76.05,39.134645802562844,0.6625,0.1625,0.15416666666666667,5.7625,7,10640.516666666666,1105.8848781576673,12396,324,235.99583333333334,66,65.12906387816233,0.16666666666666666,0.5916666666666667,0.19166666666666668,0.05,0.325,240,29.0,Alpine,Pierre GASLY,Austria,Spielberg,Spielberg
9112,14,17,2023-06-30 15:39:04.162,65.055,16.505,29.008,19.542,320.0,247.0,313.0,75.02542372881356,40.114508833695396,0.5805084745762712,0.18220338983050846,0.15677966101694915,6.241525423728813,7,10623.60593220339,1173.3508958963773,11803,321,235.6864406779661,67,67.01771111129108,0.17372881355932204,0.5805084745762712,0.19491525423728814,0.05084745762711865,0.3389830508474576,236,36.0,Aston Martin,Fernando ALONSO,Austria,Spielberg,Spielberg
9112,16,2,2023-06-30 15:02:46.482,66.237,16.708,29.496,20.033,321.0,244.0,315.0,77.25506072874494,34.67309183582633,0.024291497975708502,0.04048582995951417,0.15789473684210525,5.870445344129554,7,10622.465587044535,1169.7331560365637,12072,322,232.00404858299595,67,67.23490539792222,0.17813765182186234,0.5344129554655871,0.2388663967611336,0.048582995951417005,0.32793522267206476,247,34.0,Ferrari,Charles LECLERC,Austria,Spielberg,Spielberg
9207,3,5,2023-10-20 21:17:12.155,96.213,25.952,38.616,31.645,230.0,185.0,320.0,68.81843575418995,41.168411319159254,0.5586592178770949,0.2011173184357542,0.1564245810055866,4.994413407821229,7,10391.837988826815,1235.69011848317,12408,321,205.25418994413408,74,70.34432857186943,0.08379888268156424,0.48044692737430167,0.3407821229050279,0.09497206703910614,0.1787709497206704,358,47.0,AlphaTauri,Daniel RICCIARDO,United States,Austin,Austin
9207,10,5,2023-10-20 21:09:00.973,96.158,25.796,38.61,31.752,232.0,188.0,324.0,67.99166666666666,41.55718867250428,0.5444444444444444,0.225,0.17777777777777778,4.95,7,10054.227777777778,1482.8636164785446,12362,325,202.55555555555554,77,71.27315904495609,0.07222222222222222,0.4861111111111111,0.3333333333333333,0.10833333333333334,0.16111111111111112,360,47.0,Alpine,Pierre GASLY,United States,Austin,Austin
9064,22,13,2023-04-28 13:58:20.544,102.038,36.041,41.024,24.973,220.0,239.0,318.0,69.80719794344473,42.891632202616506,0.6169665809768637,0.2262210796915167,0.1928020565552699,5.136246786632391,7,10500.056555269923,1427.111178703638,12522,337,209.5784061696658,74,80.60356817540894,0.20051413881748073,0.32904884318766064,0.3856041131105398,0.08483290488431877,0.15167095115681234,389,54.0,AlphaTauri,Yuki TSUNODA,Azerbaijan,Baku,Baku
9064,31,15,2023-04-28 13:58:11.169,102.159,35.948,41.28,24.931,226.0,241.0,316.0,68.69565217391305,42.89530434551189,0.5166240409207161,0.23785166240409208,0.21483375959079284,5.138107416879795,7,10052.994884910486,1471.033435787418,11929,334,208.05115089514067,74,80.35643316646242,0.18925831202046037,0.33248081841432225,0.40664961636828645,0.07161125319693094,0.15089514066496162,391,55.0,Alpine,Esteban OCON,Azerbaijan,Baku,Baku
9169,81,7,2023-09-23 06:44:53.762,90.122,31.232,40.816,18.074,279.0,307.0,302.0,72.24188790560471,39.085029640354605,0.017699115044247787,0.14454277286135694,0.12389380530973451,5.772861356932153,7,10575.731563421828,1200.2413472439366,12283,332,228.8849557522124,71,66.38747906458934,0.16224188790560473,0.5486725663716814,0.22713864306784662,0.061946902654867256,0.0943952802359882,339,36.0,McLaren,Oscar PIASTRI,Japan,Suzuka,Suzuka
9207,18,5,2023-10-20 21:09:07.488,96.624,25.938,38.68,32.006,219.0,189.0,322.0,67.63387978142076,40.392490143274756,0.00819672131147541,0.07923497267759563,0.1994535519125683,5.420765027322404,7,10077.051912568306,1602.666064751457,12036,323,203.37704918032787,70,70.95813867640196,0.09289617486338798,0.4562841530054645,0.3442622950819672,0.10655737704918032,0.18032786885245902,366,44.0,Aston Martin,Lance STROLL,United States,Austin,Austin
9207,24,14,2023-10-20 21:38:21.781,95.698,25.617,38.596,31.485,228.0,191.0,322.0,68.58563535911603,41.4963818902686,0.5662983425414365,0.22099447513812154,0.17955801104972377,5.259668508287293,7,10215.651933701658,1332.6438722136545,12210,324,205.43093922651934,75,71.01271341601753,0.09668508287292818,0.48342541436464087,0.31767955801104975,0.10220994475138122,0.18232044198895028,362,50.0,Alfa Romeo,ZHOU Guanyu,United States,Austin,Austin
7768,27,4,2023-03-04 15:14:26.437,92.36,29.533,39.687,23.14,240.0,271.0,317.0,68.34571428571428,42.40151807614541,0.3314285714285714,0.22,0.19142857142857142,5.422857142857143,7,10215.602857142858,1562.1599786339682,12247,321,208.74571428571429,63,69.82619373236828,0.08285714285714285,0.4942857142857143,0.3342857142857143,0.08857142857142856,0.21714285714285714,350,48.0,Haas F1 Team,Nico HULKENBERG,Bahrain,Sakhir,Sakhir
7768,31,8,2023-03-04 15:37:37.552,92.367,29.418,39.796,23.153,240.0,269.0,320.0,68.51532033426184,42.51360826296403,0.5682451253481894,0.21448467966573817,0.22284122562674094,5.03899721448468,7,10167.186629526463,1380.707790006624,11800,321,206.941504178273,64,71.05697948860465,0.07799442896935933,0.4958217270194986,0.32590529247910865,0.10027855153203342,0.21448467966573817,359,50.0,Alpine,Esteban OCON,Bahrain,Sakhir,Sakhir
7768,44,5,2023-03-04 15:25:15.816,91.654,29.194,39.479,22.981,242.0,271.0,324.0,68.95918367346938,41.66966405258911,0.5568513119533528,0.20116618075801748,0.20408163265306123,5.685131195335277,6,10170.434402332361,1741.519737170202,12278,325,211.7259475218659,67,71.5769376892306,0.10787172011661808,0.4897959183673469,0.3119533527696793,0.09037900874635568,0.239067055393586,343,47.0,Mercedes,Lewis HAMILTON,Bahrain,Sakhir,Sakhir
7768,44,14,2023-03-04 16:03:55.242,90.384,28.939,38.829,22.616,242.0,271.0,319.0,71.1556886227545,41.535176458735656,0.592814371257485,0.20059880239520958,0.19161676646706588,5.610778443113772,7,10423.5,1472.8312273727502,12343,321,213.79041916167665,70,68.87555320905821,0.10479041916167664,0.5089820359281437,0.31137724550898205,0.0748502994011976,0.24251497005988024,334,51.0,Mercedes,Lewis HAMILTON,Bahrain,Sakhir,Sakhir
9153,27,15,2023-09-02 14:39:31.886,81.838,27.333,27.55,26.955,320.0,335.0,341.0,79.89967637540452,37.00534754124294,0.6601941747572816,0.12297734627831715,0.12297734627831715,6.372168284789644,7,10762.46925566343,1271.9540430085292,12216,344,251.82847896440128,66,72.13362216092827,0.35275080906148865,0.4336569579288026,0.16181229773462782,0.05177993527508091,0.18446601941747573,309,30.0,Haas F1 Team,Nico HULKENBERG,Italy,Monza,Monza
9215,63,17,2023-10-06 17:51:34.021,84.414,31.234,28.475,24.705,244.0,285.0,312.0,76.94285714285714,36.78674000531143,0.638095238095238,0.13968253968253969,0.13333333333333333,5.784126984126984,6,10981.853968253969,927.7631706959531,12291,314,229.17777777777778,93,52.29260048142277,0.07936507936507936,0.6349206349206349,0.2761904761904762,0.009523809523809525,0.09841269841269841,315,37.0,Mercedes,George RUSSELL,Qatar,Lusail,Lusail
9177,63,4,2023-10-28 21:08:01.603,79.377,27.862,30.543,20.972,310.0,293.0,345.0,60.20748299319728,43.16649027174037,0.46258503401360546,0.25170068027210885,0.19727891156462585,5.095238095238095,7,9889.683673469388,1972.0640194642858,12822,346,194.67006802721087,61,85.5442921939144,0.16326530612244897,0.30612244897959184,0.3707482993197279,0.1598639455782313,0.2755102040816326,294,29.0,Mercedes,George RUSSELL,Mexico,Mexico City,Mexico City
9177,63,2,2023-10-28 21:04:59.464,78.893,28.006,30.499,20.388,308.0,292.0,341.0,57.30100334448161,43.82542050239107,0.431438127090301,0.27759197324414714,0.22742474916387959,5.053511705685619,7,9862.909698996655,1930.1461106861555,12598,343,193.2541806020067,59,83.08846830143568,0.14715719063545152,0.31438127090301005,0.391304347826087,0.14715719063545152,0.2608695652173913,299,30.0,Mercedes,George RUSSELL,Mexico,Mexico City,Mexico City
9064,14,22,2023-04-28 14:25:03.041,101.253,35.727,40.757,24.769,229.0,239.0,321.0,69.53180661577608,41.77661233033671,0.0916030534351145,0.1984732824427481,0.2035623409669211,5.404580152671755,7,10428.262086513994,1413.4080249209496,12098,326,212.06361323155215,74,80.38801644481383,0.22900763358778625,0.31806615776081426,0.39185750636132316,0.061068702290076333,0.1272264631043257,393,63.0,Aston Martin,Fernando ALONSO,Azerbaijan,Baku,Baku
9129,16,7,2023-07-22 14:13:28.683,78.44,28.192,28.006,22.242,283.0,246.0,305.0,66.53898305084746,39.746531175171704,0.006779661016949152,0.061016949152542375,0.21694915254237288,5.057627118644068,6,10542.440677966102,1078.0761535705617,12192,317,201.67457627118645,92,59.09155698183565,0.04406779661016949,0.4610169491525424,0.48135593220338985,0.013559322033898305,0.16610169491525423,295,38.0,Ferrari,Charles LECLERC,Hungary,Hungaroring,Budapest
9129,18,2,2023-07-22 14:02:19.831,80.051,28.701,28.73,22.62,283.0,246.0,303.0,61.85761589403973,42.549516883134935,0.033112582781456956,0.24503311258278146,0.2185430463576159,5.043046357615894,6,10256.0,1149.9646563975145,12021,315,194.3476821192053,93,58.76860681889183,0.039735099337748346,0.4205298013245033,0.5132450331125827,0.026490066225165563,0.1490066225165563,302,42.0,Aston Martin,Lance STROLL,Hungary,Hungaroring,Budapest
9129,24,9,2023-07-22 14:16:36.243,79.933,28.521,28.771,22.641,280.0,245.0,300.0,62.97627118644068,42.05466291772515,0.47796610169491527,0.23728813559322035,0.22372881355932203,5.159322033898305,6,9961.837288135594,1298.3450614551066,11908,310,194.8372881355932,92,59.08635988613246,0.04067796610169491,0.4135593220338983,0.5254237288135594,0.020338983050847456,0.15932203389830507,295,36.0,Alfa Romeo,ZHOU Guanyu,Hungary,Hungaroring,Budapest
9314,55,22,2023-11-18 08:59:05.647,92.77,26.157,30.772,35.841,187.0,216.0,342.0,76.20738636363636,38.46120851807455,0.35511363636363635,0.16477272727272727,0.14772727272727273,6.0539772727272725,6,10604.639204545454,1313.651849938213,12318,347,236.39488636363637,96,82.01716363342113,0.3210227272727273,0.3409090909090909,0.3153409090909091,0.022727272727272728,0.15056818181818182,352,36.0,Ferrari,Carlos SAINZ,United States,Las Vegas,Las Vegas
9314,63,7,2023-11-18 08:16:50.630,94.137,26.885,31.491,35.761,185.0,215.0,348.0,73.79705882352941,40.48143159534171,0.6529411764705882,0.19117647058823528,0.17647058823529413,6.017647058823529,6,10673.885294117646,1541.7535016856896,12841,350,235.9264705882353,86,85.14359139505508,0.34411764705882353,0.31176470588235294,0.29705882352941176,0.047058823529411764,0.17352941176470588,340,43.0,Mercedes,George RUSSELL,United States,Las Vegas,Las Vegas
9090,81,21,2023-05-27 14:50:42.042,73.114,18.878,34.537,19.699,222.0,204.0,282.0,51.54275092936803,44.34989602556897,0.3828996282527881,0.3159851301115242,0.2788104089219331,3.9219330855018586,7,9836.828996282527,1698.6341946884952,12842,289,162.91449814126395,43,67.9908640004453,0.0,0.32342007434944237,0.4275092936802974,0.24907063197026022,0.07434944237918216,269,36.0,McLaren,Oscar PIASTRI,Monaco,Monte Carlo,Monaco
9112,55,18,2023-06-30 15:45:32.593,64.975,16.387,28.85,19.738,325.0,245.0,318.0,77.81893004115226,35.301419499577754,0.11522633744855967,0.07818930041152264,0.1728395061728395,6.185185185185185,7,10537.415637860082,1227.2208322707877,12037,327,237.64197530864197,66,66.21758061767956,0.18518518518518517,0.5555555555555556,0.2139917695473251,0.04526748971193416,0.345679012345679,243,31.0,Ferrari,Carlos SAINZ,Austria,Spielberg,Spielberg
9112,55,24,2023-06-30 16:05:00.885,64.581,16.304,28.785,19.492,323.0,247.0,317.0,77.86776859504133,35.74992491040725,0.05371900826446281,0.09917355371900827,0.19008264462809918,6.3884297520661155,7,10581.756198347108,1183.8816643085158,12053,325,243.0702479338843,67,65.7109161808939,0.2231404958677686,0.5619834710743802,0.17355371900826447,0.04132231404958678,0.35537190082644626,242,30.0,Ferrari,Carlos SAINZ,Austria,Spielberg,Spielberg
9112,63,2,2023-06-30 15:03:03.435,66.759,16.718,29.841,20.2,318.0,241.0,312.0,73.71887550200803,39.5276710593423,0.6465863453815262,0.14859437751004015,0.1927710843373494,6.080321285140562,7,10567.0,1300.3391214007058,12719,319,230.35341365461846,66,66.76641092205627,0.14859437751004015,0.5542168674698795,0.25301204819277107,0.04417670682730924,0.3453815261044177,249,35.0,Mercedes,George RUSSELL,Austria,Spielberg,Spielberg
9207,55,8,2023-10-20 21:27:46.913,96.245,25.724,38.577,31.944,226.0,187.0,325.0,67.26519337016575,40.12620469404128,0.13812154696132597,0.16022099447513813,0.21823204419889503,5.350828729281768,6,9982.298342541437,1593.6457460586282,12207,327,203.2707182320442,75,72.15590748565414,0.09668508287292818,0.4558011049723757,0.3287292817679558,0.11878453038674033,0.16574585635359115,362,44.0,Ferrari,Carlos SAINZ,United States,Austin,Austin
9112,23,17,2023-06-30 15:55:32.895,65.823,16.539,29.443,19.841,325.0,243.0,316.0,73.42213114754098,39.45292138915835,0.6065573770491803,0.11885245901639344,0.1598360655737705,6.172131147540983,7,10623.004098360656,1197.6237875930203,12293,326,234.13524590163934,65,67.10757094186215,0.19262295081967212,0.5368852459016393,0.22131147540983606,0.04918032786885246,0.3483606557377049,244,35.0,Williams,Alexander ALBON,Austria,Spielberg,Spielberg
7768,81,3,2023-03-04 15:15:31.170,92.633,29.815,39.653,23.165,238.0,268.0,316.0,69.75213675213675,41.476169953271636,0.43874643874643876,0.20512820512820512,0.1908831908831909,5.250712250712251,7,10388.108262108262,1466.6103055160318,12008,319,210.3846153846154,63,69.61906711163618,0.07977207977207977,0.5242165242165242,0.3076923076923077,0.08831908831908832,0.21937321937321938,351,47.0,McLaren,Oscar PIASTRI,Bahrain,Sakhir,Sakhir
9129,3,11,2023-07-22 14:29:40.203,78.207,28.296,27.951,21.96,280.0,248.0,297.0,67.20677966101695,42.836200694439256,0.535593220338983,0.24067796610169492,0.17966101694915254,4.88135593220339,6,10453.684745762712,1193.486822229112,12365,311,201.1627118644068,92,57.2220935707597,0.03389830508474576,0.4745762711864407,0.48135593220338985,0.010169491525423728,0.1694915254237288,295,36.0,AlphaTauri,Daniel RICCIARDO,Hungary,Hungaroring,Budapest
9129,10,15,2023-07-22 14:38:59.791,78.045,28.176,27.837,22.032,284.0,253.0,303.0,66.54391891891892,42.2531286196577,0.5337837837837838,0.22635135135135134,0.21283783783783783,4.739864864864865,7,10397.182432432432,1099.5422100539542,12201,314,199.41554054054055,89,59.04235447608526,0.0472972972972973,0.42905405405405406,0.5,0.02364864864864865,0.16554054054054054,296,39.0,Alpine,Pierre GASLY,Hungary,Hungaroring,Budapest
9129,14,14,2023-07-22 14:39:27.743,81.048,28.144,27.482,25.422,282.0,253.0,305.0,61.47176079734219,42.210149252155674,0.08305647840531562,0.21262458471760798,0.1893687707641196,5.06312292358804,6,10157.232558139534,1212.7409255084538,11742,317,194.24584717607974,91,61.00764452943496,0.046511627906976744,0.3953488372093023,0.5282392026578073,0.029900332225913623,0.13953488372093023,301,46.0,Aston Martin,Fernando ALONSO,Hungary,Hungaroring,Budapest
9090,27,2,2023-05-27 14:02:38.793,74.381,19.6,35.138,19.643,207.0,197.0,282.0,51.829861111111114,44.247115033986304,0.3854166666666667,0.2847222222222222,0.28125,3.7777777777777777,7,9791.965277777777,1823.1370976530945,12641,289,158.31944444444446,44,68.43172571264621,0.0,0.3020833333333333,0.4305555555555556,0.2673611111111111,0.06944444444444445,288,41.0,Haas F1 Team,Nico HULKENBERG,Monaco,Monte Carlo,Monaco
9090,63,16,2023-05-27 14:40:49.236,72.883,18.946,34.624,19.313,216.0,203.0,279.0,53.68248175182482,44.49016749060581,0.39416058394160586,0.3102189781021898,0.3029197080291971,3.978102189781022,7,9648.459854014598,1831.4684015042149,12116,287,160.5182481751825,44,67.7988948433145,0.0,0.3284671532846715,0.4197080291970803,0.2518248175182482,0.072992700729927,274,43.0,Mercedes,George RUSSELL,Monaco,Monte Carlo,Monaco
9169,18,6,2023-09-23 06:30:02.585,91.181,31.521,41.208,18.452,279.0,301.0,300.0,74.99705882352941,36.892373045984456,0.15588235294117647,0.09411764705882353,0.13823529411764707,6.064705882352941,7,10465.697058823529,1241.941029809888,11963,325,228.00882352941176,68,65.79509117107943,0.15,0.5617647058823529,0.22058823529411764,0.06764705882352941,0.10882352941176471,340,34.0,Aston Martin,Lance STROLL,Japan,Suzuka,Suzuka
9215,2,7,2023-10-06 17:13:30.592,86.21,31.931,29.098,25.181,236.0,288.0,318.0,69.7065868263473,40.684357601914115,0.5808383233532934,0.17065868263473055,0.1467065868263473,5.7604790419161676,6,10774.64371257485,943.1525956196122,12162,321,225.10479041916167,95,54.39112419685209,0.0748502994011976,0.5898203592814372,0.32934131736526945,0.005988023952095809,0.10479041916167664,334,39.0,Williams,Logan SARGEANT,Qatar,Lusail,Lusail
9215,2,4,2023-10-06 17:06:26.991,86.904,32.225,29.44,25.239,241.0,288.0,318.0,67.99371069182389,41.430950020797425,0.5628930817610063,0.1918238993710692,0.17295597484276728,5.79559748427673,6,10694.965408805032,1000.3067394215462,12062,322,224.58490566037736,96,56.01259456015369,0.08176100628930817,0.5754716981132075,0.3333333333333333,0.009433962264150943,0.11635220125786164,318,38.0,Williams,Logan SARGEANT,Qatar,Lusail,Lusail
9215,4,17,2023-10-06 17:50:34.600,84.088,31.123,28.441,24.524,242.0,289.0,315.0,71.90064102564102,39.246189725219104,0.0,0.17307692307692307,0.13141025641025642,5.721153846153846,6,10775.073717948719,919.4442598438287,12043,316,228.79807692307693,94,53.210142121457494,0.07051282051282051,0.6378205128205128,0.28205128205128205,0.009615384615384616,0.10576923076923077,312,35.0,McLaren,Lando NORRIS,Qatar,Lusail,Lusail
9215,4,20,2023-10-06 17:58:48.576,84.074,30.959,28.534,24.581,244.0,287.0,318.0,72.88509316770187,39.18558561222769,0.012422360248447204,0.16770186335403728,0.13354037267080746,5.732919254658385,6,10787.068322981366,847.5102853599768,11966,319,231.20807453416148,97,52.83174547786036,0.08385093167701864,0.6366459627329193,0.2732919254658385,0.006211180124223602,0.12732919254658384,322,37.0,McLaren,Lando NORRIS,Qatar,Lusail,Lusail
9215,10,7,2023-10-06 17:14:19.138,85.831,31.79,28.876,25.165,237.0,286.0,312.0,72.23312883435582,39.68290785749486,0.5766871165644172,0.18711656441717792,0.15337423312883436,5.47239263803681,6,10540.098159509202,938.8674861176687,11925,315,226.10122699386503,91,53.37131639630475,0.0705521472392638,0.6134969325153374,0.29754601226993865,0.018404907975460124,0.11349693251533742,326,33.0,Alpine,Pierre GASLY,Qatar,Lusail,Lusail
9215,11,4,2023-10-06 17:05:07.945,86.953,32.211,29.524,25.218,235.0,289.0,318.0,68.9139465875371,41.65413517926945,0.5845697329376854,0.12759643916913946,0.16023738872403562,5.537091988130563,6,10428.771513353116,1141.2262716024452,12329,320,221.24035608308606,88,57.13829117956229,0.06824925816023739,0.5786350148367952,0.3293768545994065,0.02373887240356083,0.09792284866468842,337,35.0,Red Bull Racing,Sergio PEREZ,Qatar,Lusail,Lusail
9074,63,14,2023-05-06 20:38:55.628,87.743,29.439,33.165,25.139,223.0,194.0,336.0,68.96960486322189,41.69538548664561,0.5805471124620061,0.2127659574468085,0.1884498480243161,5.753799392097265,7,10267.0,1612.68698670051,12433,337,218.66869300911853,67,81.93317636241953,0.2127659574468085,0.3860182370820669,0.3100303951367781,0.0911854103343465,0.22492401215805471,329,35.0,Mercedes,George RUSSELL,United States,Miami,Miami
9153,1,17,2023-09-02 14:51:11.550,80.631,26.899,27.191,26.541,318.0,333.0,338.0,80.15511551155116,37.042918975985806,0.7227722772277227,0.1254125412541254,0.13861386138613863,6.415841584158416,7,10801.191419141915,1031.3523477571262,12130,341,256.1353135313531,72,71.18285036377306,0.38943894389438943,0.42244224422442245,0.14521452145214522,0.0429042904290429,0.19801980198019803,303,30.0,Red Bull Racing,Max VERSTAPPEN,Italy,Monza,Monza
9153,11,2,2023-09-02 14:03:10.723,82.226,27.144,27.868,27.214,322.0,336.0,345.0,78.9435736677116,38.19014757885074,0.7304075235109718,0.13166144200626959,0.14106583072100312,6.369905956112853,7,10719.8934169279,1232.7172730990578,12169,345,255.47335423197492,64,73.715830449365,0.3824451410658307,0.41379310344827586,0.15047021943573669,0.05329153605015674,0.20376175548589343,319,32.0,Red Bull Racing,Sergio PEREZ,Italy,Monza,Monza
9153,16,14,2023-09-02 14:39:23.074,80.977,26.833,27.308,26.836,322.0,337.0,345.0,79.53846153846153,36.2960564950007,0.30434782608695654,0.09364548494983277,0.13712374581939799,6.508361204013378,7,10846.254180602007,1270.16932322902,12296,346,258.1571906354515,69,72.78698377351598,0.4013377926421405,0.39464882943143814,0.15719063545150502,0.046822742474916385,0.21739130434782608,299,30.0,Ferrari,Charles LECLERC,Italy,Monza,Monza
9177,16,7,2023-10-28 21:29:53.682,78.474,27.774,30.289,20.411,316.0,294.0,347.0,61.80821917808219,41.39746411684836,0.3904109589041096,0.16095890410958905,0.2191780821917808,4.97945205479452,7,9863.184931506848,1905.7387145558655,12408,349,193.91095890410958,62,87.34471119448385,0.17465753424657535,0.2945205479452055,0.3595890410958904,0.17123287671232876,0.2568493150684932,292,32.0,Ferrari,Charles LECLERC,Mexico,Mexico City,Mexico City
9177,16,16,2023-10-28 21:58:16.147,77.79,27.331,30.094,20.365,318.0,296.0,350.0,63.69415807560137,41.54747098277561,0.3230240549828179,0.16838487972508592,0.22336769759450173,5.030927835051546,7,10048.800687285224,1769.5129160696906,12479,352,198.18213058419244,63,85.651365250287,0.1718213058419244,0.3024054982817869,0.3917525773195876,0.13402061855670103,0.27491408934707906,291,32.0,Ferrari,Charles LECLERC,Mexico,Mexico City,Mexico City
9177,23,11,2023-10-28 21:39:20.894,78.302,27.599,30.322,20.381,314.0,294.0,347.0,56.05226480836237,44.39981320551782,0.4355400696864111,0.2682926829268293,0.24390243902439024,5.132404181184669,6,9955.40418118467,1945.477036359832,12761,347,194.86759581881532,64,83.39121234247615,0.1602787456445993,0.2926829268292683,0.42857142857142855,0.11846689895470383,0.2682926829268293,287,29.0,Williams,Alexander ALBON,Mexico,Mexico City,Mexico City
9177,24,11,2023-10-28 21:38:50.410,78.44,27.792,30.306,20.342,314.0,294.0,345.0,60.95501730103806,42.84218517585279,0.4602076124567474,0.24567474048442905,0.22145328719723184,5.076124567474048,7,9828.98615916955,1807.4222858126466,12346,346,195.79584775086505,68,85.61998069265184,0.1695501730103806,0.30103806228373703,0.3875432525951557,0.14186851211072665,0.2698961937716263,289,30.0,Alfa Romeo,ZHOU Guanyu,Mexico,Mexico City,Mexico City
9074,1,2,2023-05-06 20:03:09.010,88.424,29.876,33.402,25.146,223.0,192.0,340.0,68.17027863777089,41.75675028833802,0.5696594427244582,0.19504643962848298,0.1609907120743034,5.535603715170279,7,10198.650154798761,1486.2440022994522,12027,341,220.08668730650155,64,82.07638414698928,0.21981424148606812,0.38699690402476783,0.3065015479876161,0.08668730650154799,0.21671826625386997,323,35.0,Red Bull Racing,Max VERSTAPPEN,United States,Miami,Miami
9074,10,17,2023-05-06 20:50:39.381,87.786,29.342,33.419,25.025,221.0,191.0,334.0,71.0421686746988,40.527317616988434,0.6024096385542169,0.17771084337349397,0.15060240963855423,5.319277108433735,7,10372.981927710844,1318.0403538187911,12429,335,221.01506024096386,68,81.53154310908528,0.20783132530120482,0.4126506024096386,0.3042168674698795,0.07530120481927711,0.23493975903614459,332,36.0,Alpine,Pierre GASLY,United States,Miami,Miami
9074,14,4,2023-05-06 20:10:21.409,88.397,29.913,33.537,24.947,220.0,194.0,335.0,67.31172839506173,41.20414762525158,0.25308641975308643,0.18518518518518517,0.1697530864197531,5.7407407407407405,7,10193.777777777777,1581.7834586999313,12325,335,217.46296296296296,66,83.73325913835262,0.22530864197530864,0.3765432098765432,0.28703703703703703,0.1111111111111111,0.22530864197530864,324,39.0,Aston Martin,Fernando ALONSO,United States,Miami,Miami
7775,55,4,2023-03-18 17:08:01.275,89.729,32.614,28.548,28.567,289.0,322.0,329.0,80.53030303030303,35.15083421207169,0.3090909090909091,0.1,0.13333333333333333,6.3,6,10724.484848484848,999.6978911800886,12137,331,244.7030303030303,86,62.40876372899443,0.20909090909090908,0.5454545454545454,0.22424242424242424,0.021212121212121213,0.24242424242424243,330,37.0,Ferrari,Carlos SAINZ,Saudi Arabia,Jeddah,Jeddah
9161,4,2,2023-09-16 13:02:39.822,92.556,27.252,39.192,26.112,309.0,279.0,300.0,61.3469387755102,43.47566753371465,0.16326530612244897,0.2478134110787172,0.22157434402332363,4.623906705539358,7,10270.457725947523,1364.816502389967,12364,312,187.78134110787173,64,66.32298695170603,0.04081632653061224,0.3819241982507289,0.48104956268221577,0.09620991253644315,0.18075801749271136,343,54.0,McLaren,Lando NORRIS,Singapore,Singapore,Marina Bay
9177,10,5,2023-10-28 21:09:34.930,78.945,28.001,30.544,20.4,311.0,292.0,340.0,60.628865979381445,43.9802431163316,0.4845360824742268,0.2611683848797251,0.21649484536082475,4.584192439862543,7,10031.329896907217,1588.8860035169491,12095,342,193.32302405498282,64,83.02400225732046,0.16494845360824742,0.28865979381443296,0.41580756013745707,0.13058419243986255,0.27147766323024053,291,38.0,Alpine,Pierre GASLY,Mexico,Mexico City,Mexico City
9177,10,8,2023-10-28 21:17:52.143,79.223,27.973,30.467,20.783,311.0,292.0,343.0,59.91836734693877,43.69269199584888,0.46598639455782315,0.2619047619047619,0.20068027210884354,4.63265306122449,7,9964.36394557823,1624.3972744734597,12073,344,193.4421768707483,58,84.2932577396586,0.1598639455782313,0.2891156462585034,0.40816326530612246,0.14285714285714285,0.282312925170068,294,38.0,Alpine,Pierre GASLY,Mexico,Mexico City,Mexico City
7768,16,5,2023-03-04 15:15:09.670,91.094,29.099,39.134,22.861,242.0,274.0,324.0,72.44412607449857,39.516479919464466,0.335243553008596,0.12034383954154727,0.18624641833810887,5.541547277936963,7,10273.41547277937,1412.0669845444177,12233,326,213.70200573065904,60,70.9445916344042,0.10601719197707736,0.498567335243553,0.30659025787965616,0.08882521489971347,0.2349570200573066,349,45.0,Ferrari,Charles LECLERC,Bahrain,Sakhir,Sakhir
7768,16,10,2023-03-04 15:38:30.536,91.699,29.301,39.434,22.964,241.0,272.0,323.0,72.02272727272727,39.25008640206138,0.4772727272727273,0.13636363636363635,0.18181818181818182,5.4460227272727275,7,10204.366477272728,1479.6471202129617,12005,325,210.60511363636363,58,71.88282073483325,0.08806818181818182,0.5113636363636364,0.3039772727272727,0.09659090909090909,0.23579545454545456,352,49.0,Ferrari,Charles LECLERC,Bahrain,Sakhir,Sakhir
9153,40,5,2023-09-02 14:09:35.750,82.224,27.136,27.799,27.289,321.0,336.0,344.0,78.58922558922559,37.920876262197005,0.7037037037037037,0.15488215488215487,0.13804713804713806,6.228956228956229,7,10750.420875420876,1208.096772667782,12239,346,250.55218855218854,70,75.01741782154977,0.3602693602693603,0.39730639730639733,0.18855218855218855,0.05387205387205387,0.1919191919191919,297,32.0,AlphaTauri,Liam LAWSON,Italy,Monza,Monza
9153,44,11,2023-09-02 14:31:44.595,81.866,27.298,27.562,27.006,318.0,332.0,337.0,80.71884984025559,36.15915933482274,0.731629392971246,0.09584664536741214,0.11501597444089456,6.603833865814696,7,10845.466453674122,1396.5789932143837,12474,340,253.8370607028754,63,72.66851966503248,0.3738019169329074,0.4185303514376997,0.15654952076677317,0.051118210862619806,0.20447284345047922,313,30.0,Mercedes,Lewis HAMILTON,Italy,Monza,Monza
9064,44,20,2023-04-28 14:17:30.671,101.177,35.702,40.708,24.767,218.0,239.0,317.0,71.03807106598985,41.1945804426669,0.6116751269035533,0.15228426395939088,0.17766497461928935,5.586294416243655,6,10272.840101522843,1542.6594456350756,12338,336,212.55329949238578,76,79.74637564986394,0.21065989847715735,0.3426395939086294,0.38578680203045684,0.06091370558375635,0.1548223350253807,394,52.0,Mercedes,Lewis HAMILTON,Azerbaijan,Baku,Baku
9064,55,8,2023-04-28 13:39:39.744,102.614,36.084,41.665,24.865,231.0,235.0,317.0,69.56060606060606,40.78357653608616,0.027777777777777776,0.17676767676767677,0.20202020202020202,5.525252525252525,7,10155.691919191919,1607.816336899324,12213,335,211.97979797979798,77,82.28333018472327,0.21717171717171718,0.32575757575757575,0.351010101010101,0.10606060606060606,0.16414141414141414,396,51.0,Ferrari,Carlos SAINZ,Azerbaijan,Baku,Baku
9064,77,16,2023-04-28 14:01:58.104,102.259,35.918,41.257,25.084,223.0,233.0,314.0,70.42708333333333,42.360320561233685,0.6276041666666666,0.22395833333333334,0.1875,5.479166666666667,6,10142.752604166666,1536.0114871005849,12148,332,210.4296875,78,79.16486583827388,0.18489583333333334,0.3541666666666667,0.4010416666666667,0.059895833333333336,0.15885416666666666,384,49.0,Alfa Romeo,Valtteri BOTTAS,Azerbaijan,Baku,Baku
9090,1,11,2023-05-27 14:27:03.776,72.386,18.887,34.374,19.125,216.0,202.0,281.0,55.349264705882355,45.174847680163595,0.43014705882352944,0.30514705882352944,0.2610294117647059,3.8529411764705883,7,9782.819852941177,1708.954796096889,12049,288,163.11029411764707,46,67.30381332787958,0.0,0.3382352941176471,0.40808823529411764,0.2536764705882353,0.07720588235294118,272,37.0,Red Bull Racing,Max VERSTAPPEN,Monaco,Monte Carlo,Monaco
9090,18,8,2023-05-27 14:22:34.654,72.917,19.097,34.351,19.469,219.0,201.0,280.0,52.63235294117647,43.88172779524111,0.022058823529411766,0.2647058823529412,0.2610294117647059,4.036764705882353,8,9535.470588235294,1848.6591328683764,11879,288,161.18382352941177,40,68.96597398438233,0.0,0.3272058823529412,0.4117647058823529,0.2610294117647059,0.0661764705882353,272,52.0,Aston Martin,Lance STROLL,Monaco,Monte Carlo,Monaco
9090,18,6,2023-05-27 14:19:40.813,73.326,19.272,34.546,19.508,218.0,198.0,279.0,54.33680555555556,43.888135033612585,0.03125,0.2743055555555556,0.2604166666666667,4.114583333333333,8,9480.354166666666,1769.4261002661663,12192,286,161.29513888888889,46,68.01915884012843,0.0,0.3368055555555556,0.4131944444444444,0.25,0.06944444444444445,288,53.0,Aston Martin,Lance STROLL,Monaco,Monte Carlo,Monaco
9090,21,7,2023-05-27 14:19:34.891,73.173,19.137,34.654,19.382,218.0,200.0,281.0,55.55438596491228,45.24006415768384,0.4280701754385965,0.3298245614035088,0.28421052631578947,3.8350877192982455,7,9864.757894736842,1844.609424950244,12722,288,162.66315789473686,46,68.67630911496744,0.0,0.3333333333333333,0.42105263157894735,0.24561403508771928,0.06666666666666667,285,38.0,AlphaTauri,Nyck DE VRIES,Monaco,Monte Carlo,Monaco
9090,21,14,2023-05-27 14:39:59.049,73.437,19.178,34.765,19.494,217.0,201.0,280.0,55.85820895522388,44.63185288458491,0.4216417910447761,0.3208955223880597,0.2537313432835821,3.7761194029850746,7,9781.123134328358,1858.0506144625733,12226,287,160.58582089552237,46,68.0831455249172,0.0,0.31343283582089554,0.43283582089552236,0.2537313432835821,0.07835820895522388,268,36.0,AlphaTauri,Nyck DE VRIES,Monaco,Monte Carlo,Monaco
9090,22,20,2023-05-27 14:50:31.026,74.031,19.292,34.692,20.047,217.0,202.0,281.0,53.094202898550726,45.22933684817804,0.38405797101449274,0.322463768115942,0.25,3.7246376811594204,7,9738.623188405798,1847.1843229497301,12820,287,158.71014492753622,44,67.50560412006755,0.0,0.31521739130434784,0.42391304347826086,0.2608695652173913,0.06159420289855073,276,37.0,AlphaTauri,Yuki TSUNODA,Monaco,Monte Carlo,Monaco
9090,23,2,2023-05-27 14:01:33.044,75.237,19.858,35.339,20.04,206.0,195.0,281.0,47.72791519434629,43.79400722750121,0.31802120141342755,0.33568904593639576,0.2968197879858657,3.8445229681978796,7,9496.469964664311,1794.0119018228143,12424,288,154.65017667844523,44,66.98460624182938,0.0,0.2826855123674912,0.4452296819787986,0.27208480565371024,0.06007067137809187,283,42.0,Williams,Alexander ALBON,Monaco,Monte Carlo,Monaco
9193,16,11,2023-11-25 14:37:44.177,83.969,17.188,36.14,30.641,290.0,323.0,328.0,74.5607476635514,37.33861378572124,0.021806853582554516,0.06230529595015576,0.16199376947040497,5.809968847352025,7,10568.604361370717,1144.18406620435,12013,330,225.37694704049844,70,69.7119831298774,0.14330218068535824,0.4953271028037383,0.3177570093457944,0.04361370716510903,0.22118380062305296,321,42.0,Ferrari,Charles LECLERC,United Arab Emirates,Yas Marina Circuit,Yas Island
9193,24,2,2023-11-25 14:06:42.882,85.114,17.518,36.594,31.002,286.0,322.0,325.0,76.1993670886076,38.147684606906246,0.6677215189873418,0.12974683544303797,0.1360759493670886,5.7215189873417724,7,10449.439873417721,1230.4682782074892,11969,327,223.80696202531647,70,69.78636844841265,0.14240506329113925,0.4936708860759494,0.3227848101265823,0.04113924050632911,0.2120253164556962,316,37.0,Alfa Romeo,ZHOU Guanyu,United Arab Emirates,Yas Marina Circuit,Yas Island
9193,27,5,2023-11-25 14:15:28.904,84.425,17.354,36.433,30.638,285.0,321.0,327.0,75.153125,38.7663807777437,0.590625,0.140625,0.146875,5.725,7,10564.20625,1177.1464545711406,12241,328,224.421875,68,68.48192784680073,0.146875,0.49375,0.321875,0.0375,0.2125,320,39.0,Haas F1 Team,Nico HULKENBERG,United Arab Emirates,Yas Marina Circuit,Yas Island
7768,1,11,2023-03-04 15:59:22.341,89.897,28.722,38.645,22.53,242.0,269.0,321.0,72.48538011695906,41.394087260368686,0.6403508771929824,0.18421052631578946,0.16666666666666666,5.312865497076023,7,10521.637426900585,1282.9823909038314,12236,323,215.65204678362574,68,68.58018817322268,0.0935672514619883,0.5321637426900585,0.2894736842105263,0.0847953216374269,0.23976608187134502,342,47.0,Red Bull Racing,Max VERSTAPPEN,Bahrain,Sakhir,Sakhir
9161,63,8,2023-09-16 13:59:07.606,91.743,26.966,38.657,26.12,307.0,277.0,298.0,67.12903225806451,41.887044275985495,0.5395894428152492,0.22580645161290322,0.21114369501466276,5.064516129032258,6,10171.33137829912,1586.632417449215,12341,310,193.52492668621701,66,65.50377263771927,0.04985337243401759,0.4222873900293255,0.44868035190615835,0.07917888563049853,0.20234604105571846,341,48.0,Mercedes,George RUSSELL,Singapore,Singapore,Marina Bay
7775,16,15,2023-03-18 17:50:16.496,88.757,32.27,28.058,28.429,292.0,326.0,331.0,81.62153846153846,33.60364697794605,0.04923076923076923,0.033846153846153845,0.11692307692307692,6.316923076923077,6,10804.744615384616,928.340291554275,12220,332,247.54153846153847,87,61.49040598735731,0.2153846153846154,0.563076923076923,0.2,0.021538461538461538,0.24923076923076923,325,37.0,Ferrari,Charles LECLERC,Saudi Arabia,Jeddah,Jeddah
7775,18,6,2023-03-18 17:17:05.659,89.335,32.276,28.39,28.669,292.0,319.0,321.0,81.64024390243902,34.82018241342575,0.021341463414634148,0.10975609756097561,0.11890243902439024,6.390243902439025,6,10910.84756097561,940.9316522706619,12014,323,245.47256097560975,87,60.729000298155746,0.2073170731707317,0.5640243902439024,0.21341463414634146,0.01524390243902439,0.24695121951219512,328,41.0,Aston Martin,Lance STROLL,Saudi Arabia,Jeddah,Jeddah
7775,23,2,2023-03-18 17:01:48.482,90.167,32.882,28.531,28.754,291.0,324.0,331.0,79.42151162790698,37.487874844948664,0.688953488372093,0.13662790697674418,0.12790697674418605,6.363372093023256,6,10834.601744186046,1055.2313640147572,12626,331,245.07267441860466,88,60.90659060259787,0.18895348837209303,0.5784883720930233,0.21511627906976744,0.01744186046511628,0.2441860465116279,344,39.0,Williams,Alexander ALBON,Saudi Arabia,Jeddah,Jeddah
7775,24,17,2023-03-18 17:38:31.754,89.461,32.628,28.302,28.531,289.0,321.0,330.0,80.7905604719764,36.13870917955194,0.7168141592920354,0.1415929203539823,0.11504424778761062,6.32448377581121,6,10745.383480825958,1044.8469752168496,12168,331,246.6283185840708,92,63.05607460663578,0.22123893805309736,0.551622418879056,0.20648967551622419,0.02064896755162242,0.2536873156342183,339,35.0,Alfa Romeo,ZHOU Guanyu,Saudi Arabia,Jeddah,Jeddah
9161,24,8,2023-09-16 13:16:23.870,93.258,27.319,39.339,26.6,309.0,277.0,299.0,64.54705882352941,42.33544394869166,0.49117647058823527,0.2235294117647059,0.21764705882352942,5.011764705882353,7,10003.085294117647,1500.7572508693024,12072,313,190.94411764705882,66,66.61605611898291,0.03235294117647059,0.4176470588235294,0.4647058823529412,0.08529411764705883,0.18529411764705883,340,44.0,Alfa Romeo,ZHOU Guanyu,Singapore,Singapore,Marina Bay
9161,40,20,2023-09-16 14:27:03.983,92.268,27.285,38.752,26.231,307.0,276.0,298.0,66.47368421052632,42.573423316630894,0.5350877192982456,0.24853801169590642,0.2134502923976608,4.687134502923977,7,9995.345029239767,1551.059864002704,12008,310,189.5672514619883,69,65.42444217618986,0.03216374269005848,0.4239766081871345,0.45614035087719296,0.08771929824561403,0.1783625730994152,342,48.0,AlphaTauri,Liam LAWSON,Singapore,Singapore,Marina Bay
9215,18,9,2023-10-06 17:17:22.432,86.345,31.543,29.526,25.276,240.0,288.0,322.0,69.87096774193549,41.69386188399373,0.03870967741935484,0.13225806451612904,0.15806451612903225,5.754838709677419,6,10721.593548387096,1067.7959042636028,12011,324,223.3483870967742,86,55.58550875721017,0.07741935483870968,0.5838709677419355,0.3161290322580645,0.02258064516129032,0.1064516129032258,310,41.0,Aston Martin,Lance STROLL,Qatar,Lusail,Lusail
9215,20,2,2023-10-06 17:02:38.448,88.394,32.788,29.767,25.839,240.0,288.0,315.0,68.86390532544378,40.95933206510447,0.5562130177514792,0.17455621301775148,0.19822485207100593,5.718934911242603,6,10406.813609467456,1061.5528870108435,12042,318,219.89940828402368,94,55.32908239524025,0.06804733727810651,0.5769230769230769,0.33727810650887574,0.01775147928994083,0.10650887573964497,338,34.0,Haas F1 Team,Kevin MAGNUSSEN,Qatar,Lusail,Lusail
9215,23,4,2023-10-06 17:07:33.974,87.485,31.936,30.408,25.141,240.0,283.0,320.0,68.9223602484472,40.37630852045509,0.5341614906832298,0.14285714285714285,0.15217391304347827,5.698757763975156,6,10689.785714285714,1054.4100507794344,12112,321,221.43167701863354,92,55.927662360557676,0.07453416149068323,0.5745341614906833,0.3385093167701863,0.012422360248447204,0.10248447204968944,322,33.0,Williams,Alexander ALBON,Qatar,Lusail,Lusail
9215,23,2,2023-10-06 17:04:11.134,86.974,32.201,29.569,25.204,230.0,288.0,321.0,67.30357142857143,40.3845336034849,0.5029761904761905,0.1488095238095238,0.17857142857142858,5.729166666666667,6,10722.997023809523,991.6289583487837,12732,322,223.2172619047619,93,55.536975443713914,0.07738095238095238,0.5654761904761905,0.34226190476190477,0.01488095238095238,0.11011904761904762,336,33.0,Williams,Alexander ALBON,Qatar,Lusail,Lusail
9215,24,8,2023-10-06 17:16:55.761,88.564,33.313,29.651,25.6,228.0,286.0,323.0,69.48253968253968,40.089495978335584,0.5396825396825397,0.1746031746031746,0.15873015873015872,5.603174603174603,6,10437.35873015873,1102.217077327565,12000,326,218.4984126984127,92,57.84634680113155,0.06666666666666667,0.5682539682539682,0.3396825396825397,0.025396825396825397,0.09523809523809523,315,34.0,Alfa Romeo,ZHOU Guanyu,Qatar,Lusail,Lusail
9215,27,11,2023-10-06 17:38:07.207,85.547,31.798,28.72,25.029,240.0,287.0,318.0,73.34250764525994,38.25269705170129,0.6055045871559633,0.0581039755351682,0.1529051987767584,5.871559633027523,6,10605.477064220184,1048.0062367777666,12397,322,228.38837920489297,95,53.32852445909785,0.0764525993883792,0.6299694189602446,0.28134556574923547,0.012232415902140673,0.11926605504587157,327,29.0,Haas F1 Team,Nico HULKENBERG,Qatar,Lusail,Lusail
9215,31,4,2023-10-06 17:06:34.162,86.395,31.962,29.098,25.335,243.0,286.0,314.0,72.6993670886076,39.25320489891555,0.5506329113924051,0.17721518987341772,0.24050632911392406,5.515822784810126,6,10371.117088607594,973.2522482006851,11934,315,223.876582278481,89,53.29749351469322,0.06645569620253164,0.6012658227848101,0.31962025316455694,0.012658227848101266,0.12025316455696203,316,34.0,Alpine,Esteban OCON,Qatar,Lusail,Lusail
9215,31,7,2023-10-06 17:14:02.373,85.868,31.87,28.857,25.141,240.0,287.0,313.0,73.2909090909091,39.28007425163035,0.5696969696969697,0.17272727272727273,0.22424242424242424,5.527272727272727,6,10453.927272727273,937.213473547313,12016,316,225.36666666666667,95,52.540985111764805,0.06666666666666667,0.6151515151515151,0.3090909090909091,0.00909090909090909,0.11515151515151516,330,34.0,Alpine,Esteban OCON,Qatar,Lusail,Lusail
9112,2,2,2023-06-30 15:02:53.388,67.22,16.632,30.087,20.501,326.0,241.0,318.0,72.92430278884463,40.79409573715237,0.6414342629482072,0.19123505976095617,0.19123505976095617,6.027888446215139,7,10586.458167330677,1228.7255353589046,12018,327,230.93625498007967,67,69.10036121699167,0.19123505976095617,0.50199203187251,0.26294820717131473,0.043824701195219126,0.33067729083665337,251,34.0,Williams,Logan SARGEANT,Austria,Spielberg,Spielberg
9112,4,19,2023-06-30 15:56:34.066,65.001,16.436,29.037,19.528,321.0,246.0,315.0,74.42682926829268,39.19892662664292,0.012195121951219513,0.15853658536585366,0.15447154471544716,6.024390243902439,7,10660.585365853658,1042.3627002178166,12006,323,235.89430894308944,71,65.92863340137993,0.17886178861788618,0.5772357723577236,0.1951219512195122,0.04878048780487805,0.34552845528455284,246,34.0,McLaren,Lando NORRIS,Austria,Spielberg,Spielberg
9112,10,2,2023-06-30 15:04:20.574,66.966,16.783,29.95,20.233,318.0,238.0,310.0,73.23412698412699,41.31827617709576,0.6507936507936508,0.1865079365079365,0.17063492063492064,5.690476190476191,7,10532.968253968254,1176.7751560567888,11998,319,231.5079365079365,66,65.2871983121815,0.14285714285714285,0.5873015873015873,0.2261904761904762,0.04365079365079365,0.3333333333333333,252,30.0,Alpine,Pierre GASLY,Austria,Spielberg,Spielberg
9112,14,9,2023-06-30 15:19:53.292,65.775,16.589,29.3,19.886,319.0,244.0,314.0,75.32661290322581,40.18986036216748,0.5161290322580645,0.1814516129032258,0.16129032258064516,6.213709677419355,7,10553.774193548386,1222.8876613188245,11801,320,235.68548387096774,62,66.92062697513133,0.18548387096774194,0.5564516129032258,0.2056451612903226,0.05241935483870968,0.3629032258064516,248,37.0,Aston Martin,Fernando ALONSO,Austria,Spielberg,Spielberg
9112,14,23,2023-06-30 15:56:52.394,65.524,16.569,29.158,19.797,319.0,244.0,313.0,74.68379446640316,40.6140713533388,0.541501976284585,0.17391304347826086,0.14624505928853754,6.221343873517786,7,10679.806324110672,1050.0459580076015,11950,320,235.8418972332016,68,64.55622859457075,0.16996047430830039,0.5691699604743083,0.21739130434782608,0.043478260869565216,0.34782608695652173,253,38.0,Aston Martin,Fernando ALONSO,Austria,Spielberg,Spielberg
9112,14,26,2023-06-30 16:04:39.885,64.911,16.399,28.919,19.593,320.0,246.0,314.0,77.0495867768595,39.18259229871891,0.5578512396694215,0.15702479338842976,0.16115702479338842,6.231404958677686,7,10732.45867768595,1093.3675758690354,12232,321,238.87190082644628,67,64.80116504656853,0.18181818181818182,0.5909090909090909,0.18181818181818182,0.045454545454545456,0.35537190082644626,242,39.0,Aston Martin,Fernando ALONSO,Austria,Spielberg,Spielberg
9112,16,9,2023-06-30 15:19:22.621,65.673,16.588,29.287,19.798,320.0,245.0,316.0,78.37051792828686,34.04083088484589,0.0,0.043824701195219126,0.17131474103585656,6.063745019920319,7,10675.207171314742,1092.600701495458,11958,321,236.85258964143426,66,65.55033320485053,0.18326693227091634,0.5776892430278885,0.199203187250996,0.0398406374501992,0.3426294820717131,251,35.0,Ferrari,Charles LECLERC,Austria,Spielberg,Spielberg
9161,14,13,2023-09-16 14:18:31.789,92.168,27.099,39.016,26.053,307.0,277.0,301.0,64.45294117647059,41.78955025479462,0.05,0.19117647058823528,0.21176470588235294,4.926470588235294,7,10161.6,1248.9038138636568,12192,311,191.58235294117648,66,66.44941061769083,0.04411764705882353,0.4088235294117647,0.4588235294117647,0.08823529411764706,0.20294117647058824,340,70.0,Aston Martin,Fernando ALONSO,Singapore,Singapore,Marina Bay
9161,18,3,2023-09-16 13:05:30.882,93.904,27.472,39.859,26.573,306.0,277.0,299.0,61.75068493150685,42.10871305548202,0.021917808219178082,0.22465753424657534,0.2219178082191781,4.832876712328767,7,9970.624657534247,1606.6211743102313,12236,310,184.0191780821918,53,67.21526975571533,0.03561643835616438,0.3780821917808219,0.4794520547945205,0.10684931506849316,0.18082191780821918,365,55.0,Aston Martin,Lance STROLL,Singapore,Singapore,Marina Bay
9207,10,18,2023-10-20 21:59:26.063,95.089,25.374,38.288,31.427,227.0,191.0,321.0,67.87390029325513,41.93081057677425,0.5454545454545454,0.22287390029325513,0.16715542521994134,5.029325513196481,7,10097.612903225807,1529.8337961468287,12297,322,205.12609970674487,78,70.70555302496759,0.08211143695014662,0.4838709677419355,0.3460410557184751,0.08797653958944282,0.17595307917888564,341,45.0,Alpine,Pierre GASLY,United States,Austin,Austin
9207,11,13,2023-10-20 21:51:36.725,95.524,25.595,38.415,31.514,229.0,188.0,324.0,66.48587570621469,42.843030888230686,0.5677966101694916,0.20056497175141244,0.18361581920903955,5.231638418079096,7,10114.449152542373,1440.2600721088163,12232,324,206.1723163841808,75,72.6825627334187,0.09887005649717515,0.480225988700565,0.3135593220338983,0.10734463276836158,0.19491525423728814,354,46.0,Red Bull Racing,Sergio PEREZ,United States,Austin,Austin
9064,22,16,2023-04-28 14:05:54.413,101.569,35.78,40.906,24.883,225.0,232.0,318.0,70.44708994708995,42.78778184632568,0.6243386243386243,0.23544973544973544,0.19576719576719576,5.108465608465608,7,10581.70634920635,1384.623455123983,12593,338,211.4920634920635,74,79.90240194167515,0.20899470899470898,0.3253968253968254,0.41005291005291006,0.05555555555555555,0.14814814814814814,378,54.0,AlphaTauri,Yuki TSUNODA,Azerbaijan,Baku,Baku
9064,27,4,2023-04-28 13:05:50.892,103.01,36.473,41.629,24.908,220.0,234.0,318.0,69.63350785340315,42.39919931582786,0.6204188481675392,0.20157068062827224,0.18586387434554974,5.37696335078534,7,10276.248691099476,1563.525205816654,12208,337,210.8717277486911,72,81.05820329825623,0.2094240837696335,0.3219895287958115,0.3900523560209424,0.07853403141361257,0.1544502617801047,382,52.0,Haas F1 Team,Nico HULKENBERG,Azerbaijan,Baku,Baku
9064,31,8,2023-04-28 13:39:28.213,102.622,36.097,41.492,25.033,225.0,229.0,316.0,68.97686375321337,43.09934555240745,0.5347043701799485,0.2365038560411311,0.2210796915167095,5.146529562982005,7,10113.789203084832,1449.0166028185972,12042,336,209.40616966580976,76,78.70543781225385,0.18508997429305912,0.34190231362467866,0.40616966580976865,0.06683804627249357,0.14395886889460155,389,53.0,Alpine,Esteban OCON,Azerbaijan,Baku,Baku
9207,24,8,2023-10-20 21:16:58.061,96.052,25.795,38.515,31.742,233.0,189.0,323.0,67.96100278551532,41.606545401182515,0.5487465181058496,0.2200557103064067,0.1977715877437326,5.286908077994429,7,10173.715877437326,1416.9532238581319,11919,325,205.01114206128133,77,72.50351475648615,0.09749303621169916,0.4623955431754875,0.33147632311977715,0.10863509749303621,0.17548746518105848,359,50.0,Alfa Romeo,ZHOU Guanyu,United States,Austin,Austin
9169,31,5,2023-09-23 06:29:43.866,90.96,31.659,40.98,18.321,283.0,307.0,306.0,74.92261904761905,37.839882146768204,0.5803571428571429,0.13988095238095238,0.17559523809523808,5.747023809523809,7,10306.46130952381,1197.46324593461,11766,331,230.42261904761904,71,65.31114937834208,0.1636904761904762,0.5535714285714286,0.2113095238095238,0.07142857142857142,0.08928571428571429,336,37.0,Alpine,Esteban OCON,Japan,Suzuka,Suzuka
9169,40,6,2023-09-23 06:24:25.838,90.972,31.801,40.966,18.205,279.0,300.0,300.0,75.54838709677419,38.453579792543124,0.6158357771260997,0.15835777126099707,0.12316715542521994,5.838709677419355,7,10497.149560117303,1267.5807450466577,12415,327,231.7624633431085,72,63.29691376945341,0.16129032258064516,0.5659824046920822,0.21114369501466276,0.06158357771260997,0.09970674486803519,341,28.0,AlphaTauri,Liam LAWSON,Japan,Suzuka,Suzuka
9215,44,6,2023-10-06 17:13:26.030,86.076,31.766,28.958,25.352,243.0,287.0,316.0,75.78549848942598,35.52539724865857,0.5981873111782477,0.030211480362537766,0.1299093655589124,5.879154078549849,6,10618.38670694864,998.4472133685214,12102,319,224.58912386706947,89,54.71358262603099,0.0755287009063444,0.5981873111782477,0.311178247734139,0.015105740181268883,0.11178247734138973,331,38.0,Mercedes,Lewis HAMILTON,Qatar,Lusail,Lusail
9215,55,2,2023-10-06 17:03:32.134,87.478,32.46,29.68,25.338,243.0,288.0,321.0,70.88690476190476,38.46369493435132,0.5089285714285714,0.09226190476190477,0.22916666666666666,5.690476190476191,6,10461.815476190477,1043.5886971572668,12140,323,220.32440476190476,90,56.670075282113885,0.0744047619047619,0.5625,0.34226190476190477,0.020833333333333332,0.10714285714285714,336,34.0,Ferrari,Carlos SAINZ,Qatar,Lusail,Lusail
9215,55,12,2023-10-06 17:27:34.734,85.798,31.711,29.162,24.925,244.0,288.0,317.0,73.44307692307693,38.361430802557045,0.49538461538461537,0.11076923076923077,0.23692307692307693,5.892307692307693,6,10525.504615384616,1043.9444270647834,11944,321,227.53538461538463,92,54.52756815143165,0.06769230769230769,0.6153846153846154,0.3046153846153846,0.012307692307692308,0.12,325,32.0,Ferrari,Carlos SAINZ,Qatar,Lusail,Lusail
9215,81,2,2023-10-06 17:04:05.977,86.723,32.186,29.26,25.277,238.0,287.0,316.0,69.92835820895522,40.33543042903167,0.011940298507462687,0.16119402985074627,0.15223880597014924,5.597014925373134,6,10684.16119402985,952.6255198787823,12120,317,224.73731343283583,91,53.868460426198304,0.07462686567164178,0.6,0.3074626865671642,0.01791044776119403,0.11641791044776119,335,34.0,McLaren,Oscar PIASTRI,Qatar,Lusail,Lusail
9074,24,12,2023-05-06 20:26:58.563,88.707,29.782,33.607,25.318,223.0,193.0,335.0,70.36636636636636,40.45521483739853,0.5765765765765766,0.18618618618618618,0.16816816816816818,5.6906906906906904,6,10134.93993993994,1640.2848881990635,11992,337,218.80780780780782,69,81.74415899142863,0.2012012012012012,0.40540540540540543,0.3033033033033033,0.09009009009009009,0.23123123123123124,333,34.0,Alfa Romeo,ZHOU Guanyu,United States,Miami,Miami
9074,27,2,2023-05-06 20:02:40.120,90.144,30.214,34.318,25.612,215.0,176.0,336.0,64.69760479041916,41.227940979011606,0.30538922155688625,0.18562874251497005,0.18862275449101795,5.494011976047904,7,9894.41017964072,1791.1468542444075,12074,342,206.7005988023952,72,88.34599705043549,0.17964071856287425,0.3772455089820359,0.27844311377245506,0.16467065868263472,0.20059880239520958,334,33.0,Haas F1 Team,Nico HULKENBERG,United States,Miami,Miami
9177,77,7,2023-10-28 21:29:58.025,78.246,27.662,30.187,20.397,315.0,294.0,345.0,60.58620689655172,42.99393796601514,0.4689655172413793,0.2517241379310345,0.21379310344827587,4.989655172413793,7,9753.8,1888.925697861492,12399,347,191.06896551724137,65,85.71443335536519,0.16206896551724137,0.27586206896551724,0.39655172413793105,0.16551724137931034,0.25517241379310346,290,31.0,Alfa Romeo,Valtteri BOTTAS,Mexico,Mexico City,Mexico City
9064,16,17,2023-04-28 14:17:19.937,100.445,35.261,40.378,24.806,234.0,241.0,316.0,73.25319693094629,39.43667216625027,0.5319693094629157,0.043478260869565216,0.19948849104859334,5.42455242966752,7,10374.537084398977,1324.9294119681042,11971,332,214.0920716112532,76,79.55022096090114,0.21994884910485935,0.33248081841432225,0.391304347826087,0.056265984654731455,0.1483375959079284,391,53.0,Ferrari,Charles LECLERC,Azerbaijan,Baku,Baku
9064,18,2,2023-04-28 13:02:51.347,103.562,36.864,41.92,24.778,222.0,230.0,324.0,68.64935064935065,41.84780405235536,0.2675324675324675,0.2,0.21298701298701297,5.412987012987013,7,10126.35064935065,1561.1443282746166,12193,332,207.2831168831169,71,81.32858603791422,0.19480519480519481,0.3246753246753247,0.38181818181818183,0.0987012987012987,0.13506493506493505,385,63.0,Aston Martin,Lance STROLL,Azerbaijan,Baku,Baku
9129,16,2,2023-07-22 14:02:47.206,79.414,28.59,28.371,22.453,282.0,247.0,302.0,65.54125412541254,39.39951735692184,0.052805280528052806,0.11221122112211221,0.20462046204620463,5.006600660066007,6,10353.739273927393,1193.9824429952582,11994,314,197.25742574257427,90,59.51125222758825,0.039603960396039604,0.4521452145214521,0.4884488448844885,0.019801980198019802,0.1716171617161716,303,40.0,Ferrari,Charles LECLERC,Hungary,Hungaroring,Budapest
9129,16,14,2023-07-22 14:39:18.134,77.58,28.036,27.637,21.907,283.0,250.0,305.0,68.25255972696246,39.57943766084411,0.0034129692832764505,0.10238907849829351,0.20136518771331058,5.1058020477815695,6,10615.965870307167,1096.4178936251046,12411,317,205.3174061433447,93,59.39891497408166,0.05460750853242321,0.4641638225255973,0.46757679180887374,0.013651877133105802,0.15358361774744028,293,40.0,Ferrari,Charles LECLERC,Hungary,Hungaroring,Budapest
9129,27,2,2023-07-22 14:03:10.737,79.57,28.548,28.471,22.551,281.0,246.0,306.0,63.89036544850498,42.708679135893085,0.5016611295681063,0.22259136212624583,0.2159468438538206,5.053156146179402,6,10293.009966777408,1273.919624584036,12313,316,197.33554817275748,90,59.128422653141236,0.036544850498338874,0.4684385382059801,0.4717607973421927,0.023255813953488372,0.15282392026578073,301,38.0,Haas F1 Team,Nico HULKENBERG,Hungary,Hungaroring,Budapest
9314,77,2,2023-11-18 08:02:16.536,96.285,27.877,31.967,36.441,181.0,214.0,335.0,71.74064171122994,40.71340499766621,0.6122994652406417,0.16310160427807488,0.17647058823529413,6.042780748663102,6,10237.029411764706,1812.3792463622776,12436,351,231.0855614973262,82,86.54554910445202,0.31283422459893045,0.32620320855614976,0.25133689839572193,0.10962566844919786,0.14705882352941177,374,37.0,Alfa Romeo,Valtteri BOTTAS,United States,Las Vegas,Las Vegas
9112,27,20,2023-06-30 15:56:58.800,65.903,16.444,29.417,20.042,321.0,241.0,315.0,75.48221343873517,40.05924035648192,0.6877470355731226,0.1541501976284585,0.1383399209486166,6.011857707509882,7,10664.446640316206,1207.4700931746868,12200,323,236.12648221343875,63,66.26857189728955,0.18181818181818182,0.5652173913043478,0.2015810276679842,0.05138339920948617,0.34782608695652173,253,32.0,Haas F1 Team,Nico HULKENBERG,Austria,Spielberg,Spielberg
9112,55,9,2023-06-30 15:19:13.918,65.815,16.51,29.341,19.964,321.0,242.0,315.0,75.31517509727627,36.876772776090064,0.14007782101167315,0.11284046692607004,0.17509727626459143,6.147859922178989,7,10468.68093385214,1280.9703533792745,12036,323,233.24124513618676,68,66.23416800219944,0.1828793774319066,0.5408560311284046,0.23346303501945526,0.042801556420233464,0.3229571984435798,257,31.0,Ferrari,Carlos SAINZ,Austria,Spielberg,Spielberg
9207,55,2,2023-10-20 21:03:29.336,97.247,25.93,39.018,32.299,229.0,184.0,323.0,67.27049180327869,40.10575818021052,0.21584699453551912,0.12568306010928962,0.22131147540983606,5.352459016393443,6,9984.81693989071,1601.7735844095612,12647,325,202.24043715846994,77,71.22068426521629,0.07923497267759563,0.4726775956284153,0.3360655737704918,0.11202185792349727,0.16939890710382513,366,45.0,Ferrari,Carlos SAINZ,United States,Austin,Austin
9207,55,11,2023-10-20 21:37:05.891,95.302,25.497,38.432,31.373,233.0,188.0,325.0,68.18539325842697,39.78101196302903,0.13202247191011235,0.12921348314606743,0.20224719101123595,5.410112359550562,6,10051.356741573034,1579.6956309559966,12193,327,205.46629213483146,74,72.76112945227523,0.09269662921348315,0.46629213483146065,0.33707865168539325,0.10393258426966293,0.17134831460674158,356,43.0,Ferrari,Carlos SAINZ,United States,Austin,Austin
9207,55,14,2023-10-20 21:50:41.429,95.174,25.387,38.299,31.488,233.0,189.0,324.0,68.08169014084507,39.903224420706316,0.10985915492957747,0.14366197183098592,0.18309859154929578,5.332394366197183,6,10052.684507042253,1598.201569300702,12134,325,204.16901408450704,78,72.27395814442006,0.08732394366197183,0.4732394366197183,0.3380281690140845,0.10140845070422536,0.17464788732394365,355,43.0,Ferrari,Carlos SAINZ,United States,Austin,Austin
9207,63,11,2023-10-20 21:39:11.671,95.606,25.585,38.642,31.379,233.0,191.0,318.0,68.88826815642459,41.52605508995591,0.5726256983240223,0.21508379888268156,0.19273743016759776,5.38268156424581,6,10174.569832402234,1630.5369136460652,12022,320,204.66759776536313,76,70.55755233036193,0.08100558659217877,0.4972067039106145,0.31843575418994413,0.10335195530726257,0.1787709497206704,358,42.0,Mercedes,George RUSSELL,United States,Austin,Austin
9207,77,2,2023-10-20 21:02:30.743,96.843,25.886,38.846,32.111,227.0,188.0,320.0,67.68449197860963,41.17050045095364,0.5320855614973262,0.17914438502673796,0.19786096256684493,5.371657754010696,6,10041.751336898396,1524.3797717993791,12128,323,204.31550802139037,75,70.41060672240624,0.08021390374331551,0.47058823529411764,0.35561497326203206,0.09358288770053476,0.18181818181818182,374,49.0,Alfa Romeo,Valtteri BOTTAS,United States,Austin,Austin
9207,81,8,2023-10-20 21:17:39.842,96.064,25.704,38.718,31.642,236.0,191.0,322.0,63.75,42.551862105681906,0.0,0.23863636363636365,0.1846590909090909,5.2727272727272725,7,10130.769886363636,1448.9853197559876,11859,323,204.29545454545453,74,72.03942559237157,0.09090909090909091,0.4659090909090909,0.3352272727272727,0.10795454545454546,0.17329545454545456,352,46.0,McLaren,Oscar PIASTRI,United States,Austin,Austin
9112,18,24,2023-06-30 16:04:51.604,64.893,16.388,28.969,19.536,322.0,246.0,315.0,79.11475409836065,37.485952753648256,0.29098360655737704,0.13524590163934427,0.14754098360655737,6.266393442622951,7,10779.307377049181,1060.2450061338532,12149,323,239.96311475409837,67,64.77490839311601,0.1885245901639344,0.5819672131147541,0.18442622950819673,0.045081967213114756,0.36475409836065575,244,28.0,Aston Martin,Lance STROLL,Austria,Spielberg,Spielberg
9193,2,5,2023-11-25 14:13:14.469,84.532,17.177,36.185,31.17,293.0,324.0,328.0,72.42153846153846,40.26192213703962,0.6338461538461538,0.16923076923076924,0.16615384615384615,5.7907692307692304,7,10441.563076923077,1280.6208924726377,12098,330,221.9353846153846,70,71.28532572568957,0.13230769230769232,0.49230769230769234,0.3384615384615385,0.036923076923076927,0.20615384615384616,325,45.0,Williams,Logan SARGEANT,United Arab Emirates,Yas Marina Circuit,Yas Island
9129,3,5,2023-07-22 14:09:03.311,79.037,28.617,28.284,22.136,279.0,248.0,297.0,66.98275862068965,41.71998076619698,0.5172413793103449,0.21724137931034482,0.2103448275862069,4.858620689655172,6,10388.627586206896,1159.0507985250817,12391,308,198.97241379310344,93,57.068276333735696,0.027586206896551724,0.4724137931034483,0.4827586206896552,0.017241379310344827,0.16551724137931034,290,35.0,AlphaTauri,Daniel RICCIARDO,Hungary,Hungaroring,Budapest
9129,11,2,2023-07-22 14:01:49.831,79.292,28.424,28.321,22.547,281.0,249.0,300.0,63.761744966442954,43.60335775739353,0.5268456375838926,0.18456375838926176,0.2080536912751678,4.983221476510067,6,10156.530201342282,1254.9768080116455,11882,311,198.68120805369128,89,60.170540874318995,0.040268456375838924,0.4463087248322148,0.4899328859060403,0.02348993288590604,0.17785234899328858,298,39.0,Red Bull Racing,Sergio PEREZ,Hungary,Hungaroring,Budapest
9129,14,11,2023-07-22 14:29:47.672,77.701,28.129,27.68,21.892,283.0,252.0,304.0,65.62542955326461,42.178936229506526,0.10652920962199312,0.21305841924398625,0.19931271477663232,5.319587628865979,7,10301.079037800688,1051.2815515493628,11722,317,204.06872852233678,88,60.38493262137596,0.058419243986254296,0.4536082474226804,0.46735395189003437,0.020618556701030927,0.16494845360824742,291,49.0,Aston Martin,Fernando ALONSO,Hungary,Hungaroring,Budapest
9314,4,5,2023-11-18 08:08:38.060,94.703,26.854,31.483,36.366,183.0,214.0,336.0,72.59002770083103,40.09514116101168,0.008310249307479225,0.16620498614958448,0.13573407202216067,5.914127423822714,6,10437.847645429363,1413.0092519753907,12073,342,232.6897506925208,92,84.2805047326678,0.33240997229916897,0.3074792243767313,0.3157894736842105,0.0443213296398892,0.15512465373961218,361,35.0,McLaren,Lando NORRIS,United States,Las Vegas,Las Vegas
9314,10,17,2023-11-18 08:38:59.138,93.494,26.66,31.084,35.75,187.0,215.0,346.0,75.49025069637884,39.585270237417554,0.6713091922005571,0.17548746518105848,0.12813370473537605,5.846796657381615,6,10376.214484679665,1492.9583829422143,12195,353,236.24791086350976,95,83.88454648788453,0.33147632311977715,0.3342618384401114,0.3008356545961003,0.033426183844011144,0.1671309192200557,359,36.0,Alpine,Pierre GASLY,United States,Las Vegas,Las Vegas
9064,4,7,2023-04-28 13:39:49.509,102.154,35.797,41.248,25.109,226.0,247.0,313.0,68.54683544303798,42.49275493767925,0.14936708860759493,0.21772151898734177,0.1848101265822785,5.265822784810126,7,10386.139240506329,1235.7615742448593,12511,329,210.4354430379747,74,78.9927565881492,0.18734177215189873,0.3518987341772152,0.39746835443037976,0.06329113924050633,0.14430379746835442,395,53.0,McLaren,Lando NORRIS,Azerbaijan,Baku,Baku
9314,20,2,2023-11-18 08:01:49.786,95.968,27.386,31.664,36.918,177.0,212.0,336.0,74.07377049180327,39.86143837133968,0.6010928961748634,0.16393442622950818,0.15300546448087432,5.950819672131147,6,10534.871584699453,1356.2252479549102,12165,343,232.90437158469945,88,82.08681760594999,0.3087431693989071,0.34972677595628415,0.28415300546448086,0.05737704918032787,0.15846994535519127,366,38.0,Haas F1 Team,Kevin MAGNUSSEN,United States,Las Vegas,Las Vegas
9314,20,7,2023-11-18 08:12:56.306,94.427,26.613,31.367,36.447,185.0,214.0,338.0,73.46778711484593,40.610816609708344,0.6302521008403361,0.18207282913165265,0.16246498599439776,5.9943977591036415,6,10535.52380952381,1341.9562873283367,12213,343,234.38095238095238,91,83.05068491820255,0.31932773109243695,0.34173669467787116,0.29411764705882354,0.04481792717086835,0.16246498599439776,357,37.0,Haas F1 Team,Kevin MAGNUSSEN,United States,Las Vegas,Las Vegas
9314,22,5,2023-11-18 08:08:14.498,96.976,27.724,32.79,36.462,186.0,213.0,340.0,71.35422343324251,41.75029697723892,0.6267029972752044,0.2016348773841962,0.1771117166212534,5.6267029972752045,7,10528.49863760218,1565.5515201220983,12583,349,229.71117166212534,78,88.48110205745094,0.3242506811989101,0.3079019073569482,0.2452316076294278,0.1226158038147139,0.15258855585831063,367,38.0,AlphaTauri,Yuki TSUNODA,United States,Las Vegas,Las Vegas
9314,27,7,2023-11-18 08:13:03.446,94.341,26.87,31.329,36.142,186.0,216.0,342.0,75.21203438395415,38.95039246462401,0.6532951289398281,0.15759312320916904,0.1518624641833811,5.9684813753581665,6,10601.750716332379,1392.3870136298535,12351,348,237.27793696275072,86,83.7512401712023,0.335243553008596,0.32951289398280803,0.2722063037249284,0.06303724928366762,0.18051575931232092,349,40.0,Haas F1 Team,Nico HULKENBERG,United States,Las Vegas,Las Vegas
9090,77,12,2023-05-27 14:27:12.026,73.038,19.129,34.649,19.26,219.0,203.0,280.0,56.58181818181818,43.979379254394416,0.4254545454545455,0.2872727272727273,0.24727272727272728,3.901818181818182,7,9711.414545454545,1789.3837037381654,12257,287,160.76,46,68.21836343308928,0.0,0.32,0.41818181818181815,0.26181818181818184,0.06545454545454546,275,40.0,Alfa Romeo,Valtteri BOTTAS,Monaco,Monte Carlo,Monaco
9169,24,2,2023-09-23 06:07:19.897,91.398,32.066,41.073,18.259,280.0,301.0,299.0,74.59183673469387,37.869306537230024,0.5947521865889213,0.15160349854227406,0.13702623906705538,5.988338192419825,6,10320.285714285714,1296.7389327266776,11831,327,228.14868804664724,74,63.38325403092366,0.13702623906705538,0.577259475218659,0.21865889212827988,0.06705539358600583,0.08454810495626822,343,32.0,Alfa Romeo,ZHOU Guanyu,Japan,Suzuka,Suzuka
9215,10,16,2023-10-06 17:38:53.347,84.918,31.561,28.489,24.868,242.0,286.0,315.0,74.09657320872275,39.637892470089845,0.6137071651090342,0.17445482866043613,0.14018691588785046,5.514018691588785,6,10649.763239875389,917.9299980224372,12093,317,228.89719626168224,96,52.88730966275829,0.0778816199376947,0.6230529595015576,0.2897196261682243,0.009345794392523364,0.1059190031152648,321,35.0,Alpine,Pierre GASLY,Qatar,Lusail,Lusail
9215,14,20,2023-10-06 17:58:42.779,84.369,31.075,28.832,24.462,247.0,290.0,321.0,73.37461300309597,39.551274677993845,0.29411764705882354,0.14241486068111456,0.1609907120743034,5.987616099071207,6,10741.26625386997,927.3133488207421,12047,323,230.23839009287926,90,55.65077008510079,0.08359133126934984,0.6222910216718266,0.2786377708978328,0.015479876160990712,0.10835913312693499,323,37.0,Aston Martin,Fernando ALONSO,Qatar,Lusail,Lusail
9215,16,16,2023-10-06 17:36:18.647,85.079,31.471,28.768,24.84,246.0,289.0,316.0,75.5141065830721,35.4154892081168,0.34796238244514105,0.050156739811912224,0.1536050156739812,5.8119122257053295,6,10636.404388714733,997.3622330957974,12136,318,227.47648902821317,92,53.84077310005565,0.07836990595611286,0.6175548589341693,0.2884012539184953,0.01567398119122257,0.11598746081504702,319,32.0,Ferrari,Charles LECLERC,Qatar,Lusail,Lusail
9074,31,11,2023-05-06 20:30:13.403,87.674,29.429,33.3,24.945,225.0,193.0,334.0,71.43613707165109,38.90802218092243,0.5638629283489096,0.1557632398753894,0.20249221183800623,5.464174454828661,7,10223.330218068535,1304.5821732896952,11775,335,220.4361370716511,69,80.07478810481581,0.18691588785046728,0.43613707165109034,0.308411214953271,0.06853582554517133,0.21495327102803738,321,35.0,Alpine,Esteban OCON,United States,Miami,Miami
9074,31,14,2023-05-06 20:38:44.894,87.444,29.288,33.193,24.963,224.0,193.0,333.0,73.49382716049382,38.054750668811266,0.5833333333333334,0.14814814814814814,0.16666666666666666,5.447530864197531,7,10260.086419753086,1217.5222028734968,11806,335,223.25617283950618,71,80.63716344813194,0.2222222222222222,0.404320987654321,0.2932098765432099,0.08024691358024691,0.23148148148148148,324,36.0,Alpine,Esteban OCON,United States,Miami,Miami
9153,10,2,2023-09-02 14:03:35.535,82.862,27.245,28.099,27.518,318.0,331.0,339.0,79.23841059602648,37.41101666040461,0.7152317880794702,0.1456953642384106,0.11589403973509933,6.198675496688741,7,10661.122516556292,1023.8862589753619,12031,339,252.3046357615894,68,70.68699367481851,0.3543046357615894,0.4337748344370861,0.16556291390728478,0.046357615894039736,0.2052980132450331,302,33.0,Alpine,Pierre GASLY,Italy,Monza,Monza
9153,10,6,2023-09-02 14:17:43.042,82.545,27.119,28.047,27.379,320.0,337.0,346.0,77.62025316455696,38.99167311919451,0.7025316455696202,0.17405063291139242,0.12974683544303797,6.120253164556962,7,10717.25,1048.4743402027013,12342,347,251.2405063291139,70,71.30559588715447,0.3575949367088608,0.41455696202531644,0.18670886075949367,0.04113924050632911,0.1930379746835443,316,36.0,Alpine,Pierre GASLY,Italy,Monza,Monza
9177,20,8,2023-10-28 21:16:05.113,79.879,27.808,30.728,21.343,316.0,296.0,351.0,57.87043189368771,43.39247042379027,0.43521594684385384,0.2691029900332226,0.23920265780730898,4.827242524916944,7,10001.906976744185,1732.3730115993578,12546,353,190.9401993355482,61,87.29278174793993,0.16943521594684385,0.2591362126245847,0.38205980066445183,0.1893687707641196,0.26578073089701,301,34.0,Haas F1 Team,Kevin MAGNUSSEN,Mexico,Mexico City,Mexico City
7775,4,2,2023-03-18 17:02:33.716,90.447,32.845,28.718,28.884,285.0,313.0,315.0,81.22157434402332,35.0104896707812,0.12244897959183673,0.11661807580174927,0.10495626822157435,6.186588921282799,6,10773.836734693878,1002.4803112461047,12172,319,244.46355685131195,91,59.09743403016111,0.1924198250728863,0.5918367346938775,0.19533527696793002,0.02040816326530612,0.2536443148688047,343,32.0,McLaren,Lando NORRIS,Saudi Arabia,Jeddah,Jeddah
7775,11,15,2023-03-18 17:52:07.479,88.265,32.139,27.982,28.144,294.0,330.0,337.0,80.96417910447761,36.823887804273426,0.7611940298507462,0.0955223880597015,0.14029850746268657,6.214925373134329,6,11013.605970149254,893.104579757271,12152,338,253.1820895522388,92,60.46590300953443,0.2537313432835821,0.5462686567164179,0.18507462686567164,0.014925373134328358,0.2656716417910448,335,35.0,Red Bull Racing,Sergio PEREZ,Saudi Arabia,Jeddah,Jeddah
7775,14,17,2023-03-18 17:58:00.256,88.73,32.171,28.084,28.475,291.0,318.0,325.0,82.99127906976744,33.62973546427494,0.28488372093023256,0.09011627906976744,0.09593023255813954,6.476744186046512,6,10784.982558139534,935.9826938535975,12019,325,246.81976744186048,93,59.363210367493295,0.19186046511627908,0.5988372093023255,0.2005813953488372,0.00872093023255814,0.2558139534883721,344,38.0,Aston Martin,Fernando ALONSO,Saudi Arabia,Jeddah,Jeddah
9129,63,8,2023-07-22 14:17:23.211,79.027,28.72,28.088,22.219,280.0,251.0,300.0,65.76949152542373,41.50511506153412,0.5152542372881356,0.2033898305084746,0.21016949152542372,4.9932203389830505,6,10394.84406779661,1266.7512102475641,12064,314,196.48813559322033,88,59.736430972126854,0.03389830508474576,0.43728813559322033,0.49830508474576274,0.030508474576271188,0.16271186440677965,295,40.0,Mercedes,George RUSSELL,Hungary,Hungaroring,Budapest
9129,81,16,2023-07-22 14:50:56.017,77.382,27.909,27.655,21.818,279.0,252.0,305.0,64.39057239057239,42.20616603483964,0.10437710437710437,0.21212121212121213,0.18518518518518517,5.077441077441078,6,10444.38383838384,1089.7592100799768,12079,313,203.02020202020202,95,58.87050260517634,0.04713804713804714,0.46464646464646464,0.4781144781144781,0.010101010101010102,0.16498316498316498,297,37.0,McLaren,Oscar PIASTRI,Hungary,Hungaroring,Budapest
9074,11,2,2023-05-06 20:03:19.385,88.306,29.924,33.321,25.061,216.0,192.0,342.0,66.53211009174312,42.237548092269016,0.5443425076452599,0.18654434250764526,0.17737003058103976,5.434250764525994,7,10150.636085626911,1600.1188679907405,12159,342,215.67889908256882,67,83.5429665068939,0.1926605504587156,0.382262996941896,0.327217125382263,0.09785932721712538,0.2018348623853211,327,34.0,Red Bull Racing,Sergio PEREZ,United States,Miami,Miami
9074,16,2,2023-05-06 20:05:22.180,88.422,29.875,33.481,25.066,222.0,191.0,333.0,70.87009063444108,38.37886941886835,0.34441087613293053,0.09667673716012085,0.16012084592145015,5.54380664652568,7,10253.135951661632,1416.9125728275876,11966,336,216.4259818731118,71,83.39760436490806,0.2054380664652568,0.38972809667673713,0.29607250755287007,0.10876132930513595,0.22054380664652568,331,36.0,Ferrari,Charles LECLERC,United States,Miami,Miami
9074,16,4,2023-05-06 20:09:27.347,87.895,29.653,33.287,24.955,222.0,194.0,334.0,71.88753799392097,37.20349605366634,0.2006079027355623,0.0182370820668693,0.15501519756838905,5.519756838905775,7,10316.510638297872,1423.2107275589658,11931,337,216.12462006079028,69,81.98237263273364,0.182370820668693,0.4133738601823708,0.303951367781155,0.10030395136778116,0.2066869300911854,329,35.0,Ferrari,Charles LECLERC,United States,Miami,Miami
9074,16,16,2023-05-06 20:51:11.021,87.861,29.085,33.013,25.763,226.0,195.0,332.0,72.80664652567975,37.66927955717357,0.15709969788519637,0.0634441087613293,0.18126888217522658,5.634441087613293,7,10328.625377643504,1463.615816815606,12068,335,219.58308157099697,53,82.59386699031914,0.19939577039274925,0.4169184290030212,0.27794561933534745,0.10574018126888217,0.2326283987915408,331,33.0,Ferrari,Charles LECLERC,United States,Miami,Miami
7775,81,4,2023-03-18 17:06:56.025,90.124,32.77,28.47,28.884,286.0,314.0,316.0,79.35060975609755,36.003426607141236,0.0,0.10060975609756098,0.10365853658536585,6.152439024390244,6,10759.393292682927,989.3424688594032,12171,321,242.4878048780488,88,59.593576384011754,0.1798780487804878,0.5853658536585366,0.2225609756097561,0.012195121951219513,0.24695121951219512,328,31.0,McLaren,Oscar PIASTRI,Saudi Arabia,Jeddah,Jeddah
7775,81,9,2023-03-18 17:17:55.190,89.706,32.645,28.401,28.66,290.0,320.0,319.0,80.47852760736197,35.485179991880514,0.0,0.11042944785276074,0.11349693251533742,6.226993865030675,6,10788.125766871166,1025.7680437207243,12322,328,246.48773006134968,87,60.891769076723875,0.21779141104294478,0.5613496932515337,0.20245398773006135,0.018404907975460124,0.254601226993865,326,33.0,McLaren,Oscar PIASTRI,Saudi Arabia,Jeddah,Jeddah
9177,11,8,2023-10-28 21:26:36.856,78.124,27.664,30.204,20.256,312.0,295.0,345.0,60.43624161073826,44.10529521453891,0.49328859060402686,0.22483221476510068,0.2080536912751678,4.973154362416107,7,9794.107382550335,1854.7539760470888,12231,346,196.7214765100671,63,84.87661638276464,0.16778523489932887,0.3087248322147651,0.37919463087248323,0.14429530201342283,0.2651006711409396,298,31.0,Red Bull Racing,Sergio PEREZ,Mexico,Mexico City,Mexico City
7768,18,11,2023-03-04 15:47:37.807,91.127,29.038,39.302,22.787,242.0,267.0,320.0,69.3735632183908,41.67388959886736,0.0,0.21551724137931033,0.20114942528735633,5.635057471264368,7,10241.488505747126,1466.1778703206294,12275,322,211.77011494252875,65,69.9286917403508,0.08333333333333333,0.5201149425287356,0.3045977011494253,0.09195402298850575,0.2442528735632184,348,46.0,Aston Martin,Lance STROLL,Bahrain,Sakhir,Sakhir
7768,22,2,2023-03-04 15:02:03.091,92.132,29.548,39.539,23.045,239.0,269.0,312.0,70.18696883852691,42.075002702717505,0.5807365439093485,0.22662889518413598,0.18980169971671387,5.087818696883852,7,10537.886685552408,1322.4506579850813,12587,313,208.72237960339945,68,68.50092885072664,0.056657223796033995,0.5325779036827195,0.32011331444759206,0.0906515580736544,0.22096317280453256,353,50.0,AlphaTauri,Yuki TSUNODA,Bahrain,Sakhir,Sakhir
7768,23,2,2023-03-04 15:13:52.375,92.094,29.384,39.714,22.996,240.0,274.0,323.0,65.6608695652174,43.357267896792315,0.5391304347826087,0.24347826086956523,0.2289855072463768,5.611594202898551,6,10089.19420289855,1691.7082583476506,12256,324,209.5768115942029,68,71.22899964878987,0.11304347826086956,0.463768115942029,0.336231884057971,0.08695652173913043,0.21159420289855072,345,44.0,Williams,Alexander ALBON,Bahrain,Sakhir,Sakhir
9153,44,2,2023-09-02 14:03:29.645,82.513,27.435,27.84,27.238,319.0,329.0,335.0,79.44625407166124,36.50203070688104,0.6970684039087948,0.08469055374592833,0.11400651465798045,6.547231270358306,7,10774.895765472313,1368.5729634988102,12427,338,250.97068403908796,65,73.30990570871546,0.36807817589576547,0.41368078175895767,0.17263843648208468,0.04560260586319218,0.21172638436482086,307,33.0,Mercedes,Lewis HAMILTON,Italy,Monza,Monza
9153,77,10,2023-09-02 14:29:16.878,81.947,26.968,27.73,27.249,322.0,338.0,347.0,79.21967213114755,37.71657992458936,0.7147540983606557,0.07868852459016394,0.14754098360655737,6.419672131147541,7,10763.52786885246,1274.0405006951562,12391,349,251.65245901639344,74,74.5779608128241,0.3540983606557377,0.4065573770491803,0.1901639344262295,0.04918032786885246,0.1901639344262295,305,30.0,Alfa Romeo,Valtteri BOTTAS,Italy,Monza,Monza
9153,81,17,2023-09-02 14:39:35.246,81.527,27.17,27.484,26.873,320.0,333.0,340.0,75.38888888888889,39.29246047155771,0.09803921568627451,0.16013071895424835,0.13071895424836602,6.303921568627451,7,10775.882352941177,1120.4416075592048,12014,341,251.62091503267973,65,71.94118786861154,0.34967320261437906,0.45751633986928103,0.1437908496732026,0.049019607843137254,0.1895424836601307,306,35.0,McLaren,Oscar PIASTRI,Italy,Monza,Monza
9064,44,9,2023-04-28 13:39:10.369,102.113,35.922,41.179,25.012,229.0,240.0,313.0,70.22368421052632,41.77335464018584,0.6078947368421053,0.18421052631578946,0.19473684210526315,5.4447368421052635,7,10359.686842105262,1479.3521096095972,12178,332,209.32368421052632,76,79.47750194996118,0.19473684210526315,0.3394736842105263,0.3868421052631579,0.07894736842105263,0.14736842105263157,380,55.0,Mercedes,Lewis HAMILTON,Azerbaijan,Baku,Baku
9064,63,2,2023-04-28 13:02:16.113,103.865,36.803,41.908,25.154,205.0,229.0,312.0,67.42493638676845,43.43009970359037,0.5877862595419847,0.24173027989821882,0.22900763358778625,5.414758269720102,7,10175.908396946565,1603.242254396181,12198,333,207.63613231552162,74,79.51416519486011,0.18829516539440203,0.33587786259541985,0.39185750636132316,0.08396946564885496,0.15267175572519084,393,56.0,Mercedes,George RUSSELL,Azerbaijan,Baku,Baku
9064,81,2,2023-04-28 13:02:56.003,103.315,36.429,41.782,25.104,222.0,241.0,313.0,66.44300518134715,42.99209368914935,0.0,0.22797927461139897,0.19170984455958548,5.05699481865285,7,10357.984455958549,1235.4058420466329,12247,329,204.86269430051814,73,80.51905836827763,0.18393782383419688,0.31865284974093266,0.4119170984455959,0.08549222797927461,0.14766839378238342,386,59.0,McLaren,Oscar PIASTRI,Azerbaijan,Baku,Baku
9193,44,5,2023-11-25 14:15:37.201,84.437,17.331,36.592,30.514,289.0,320.0,326.0,74.46984126984127,38.97265346531579,0.6349206349206349,0.13333333333333333,0.1523809523809524,5.85079365079365,7,10420.260317460317,1383.1147193647628,12114,328,221.55555555555554,64,70.46573404465124,0.12698412698412698,0.5015873015873016,0.3142857142857143,0.05714285714285714,0.20634920634920634,315,39.0,Mercedes,Lewis HAMILTON,United Arab Emirates,Yas Marina Circuit,Yas Island
9193,63,2,2023-11-25 14:07:54.584,84.929,17.295,36.749,30.885,291.0,321.0,324.0,71.75961538461539,40.1339786421959,0.6025641025641025,0.1891025641025641,0.16346153846153846,5.753205128205129,7,10477.051282051281,1332.2196732565747,12002,326,219.91666666666666,63,70.74458913406065,0.1346153846153846,0.46794871794871795,0.3557692307692308,0.041666666666666664,0.1987179487179487,312,44.0,Mercedes,George RUSSELL,United Arab Emirates,Yas Marina Circuit,Yas Island
9193,63,17,2023-11-25 14:59:24.764,83.788,17.097,36.326,30.365,291.0,319.0,323.0,75.6840490797546,38.237092625846756,0.647239263803681,0.15644171779141106,0.1441717791411043,5.923312883435583,7,10536.812883435583,1216.2255706594133,12196,324,225.4723926380368,67,67.9821979306968,0.12576687116564417,0.5276073619631901,0.3098159509202454,0.03680981595092025,0.2147239263803681,326,37.0,Mercedes,George RUSSELL,United Arab Emirates,Yas Marina Circuit,Yas Island
9193,81,2,2023-11-25 14:07:40.084,85.067,17.234,36.804,31.029,291.0,322.0,326.0,70.57188498402556,40.980085555554616,0.04792332268370607,0.1853035143769968,0.1597444089456869,5.738019169329074,7,10332.194888178914,1231.0091220993177,11752,327,222.77955271565494,61,70.26150305350548,0.13738019169329074,0.48562300319488816,0.3354632587859425,0.04153354632587859,0.21725239616613418,313,39.0,McLaren,Oscar PIASTRI,United Arab Emirates,Yas Marina Circuit,Yas Island
9090,4,9,2023-05-27 14:24:58.356,72.877,19.138,34.492,19.247,217.0,201.0,282.0,50.82795698924731,44.53596646667101,0.12186379928315412,0.32616487455197135,0.23655913978494625,3.867383512544803,7,9749.36917562724,1636.1773542138164,12438,288,161.99641577060933,44,68.01970187542871,0.0,0.32974910394265233,0.4121863799283154,0.25806451612903225,0.06810035842293907,279,41.0,McLaren,Lando NORRIS,Monaco,Monte Carlo,Monaco
9090,4,7,2023-05-27 14:21:48.546,73.132,19.284,34.54,19.308,215.0,202.0,283.0,51.1067615658363,44.89140854618845,0.12455516014234876,0.34519572953736655,0.23487544483985764,3.8256227758007118,7,9718.334519572954,1650.5500712480673,12635,288,160.17081850533808,45,67.53564669099211,0.0,0.3096085409252669,0.4234875444839858,0.2669039145907473,0.06761565836298933,281,41.0,McLaren,Lando NORRIS,Monaco,Monte Carlo,Monaco
9090,10,21,2023-05-27 15:01:10.534,72.252,19.018,34.095,19.139,220.0,202.0,281.0,56.78102189781022,44.38480011223642,0.4306569343065693,0.3248175182481752,0.22992700729927007,3.781021897810219,7,9830.368613138686,1596.4595211970711,11992,287,163.64598540145985,47,67.04027165903344,0.0,0.32116788321167883,0.4306569343065693,0.24817518248175183,0.072992700729927,274,40.0,Alpine,Pierre GASLY,Monaco,Monte Carlo,Monaco
9090,11,2,2023-05-27 14:03:14.465,73.85,19.475,34.813,19.562,210.0,199.0,281.0,53.10689655172414,44.450963854196864,0.3931034482758621,0.2827586206896552,0.2655172413793103,3.7896551724137932,7,9560.379310344828,1816.8049222528032,11948,288,158.78275862068966,45,68.79439588991596,0.0,0.3103448275862069,0.4241379310344828,0.2655172413793103,0.07241379310344828,290,42.0,Red Bull Racing,Sergio PEREZ,Monaco,Monte Carlo,Monaco
9090,14,21,2023-05-27 15:00:53.472,71.706,18.66,33.898,19.148,221.0,205.0,279.0,56.67153284671533,42.871066515330824,0.14963503649635038,0.17883211678832117,0.24452554744525548,4.029197080291971,7,9783.98905109489,1807.495781427907,12106,287,164.84306569343065,45,69.42965586052851,0.0,0.3467153284671533,0.4051094890510949,0.24817518248175183,0.08394160583941605,274,43.0,Aston Martin,Fernando ALONSO,Monaco,Monte Carlo,Monaco
9090,16,8,2023-05-27 14:22:48.779,72.912,19.095,34.409,19.408,218.0,198.0,281.0,57.29739776951673,42.99740569136937,0.16728624535315986,0.21189591078066913,0.26022304832713755,3.87360594795539,7,9854.672862453532,1745.220049004529,12473,288,160.5910780669145,44,67.54067372087177,0.0,0.3159851301115242,0.4312267657992565,0.2527881040892193,0.06319702602230483,269,44.0,Ferrari,Charles LECLERC,Monaco,Monte Carlo,Monaco
7768,4,3,2023-03-04 15:15:51.998,92.555,29.564,39.794,23.197,239.0,268.0,319.0,69.53672316384181,41.54058811114771,0.5480225988700564,0.2062146892655367,0.19491525423728814,5.228813559322034,7,10513.624293785311,1212.583670815442,12100,321,210.7909604519774,69,68.85491029401,0.07909604519774012,0.519774011299435,0.3220338983050847,0.07909604519774012,0.22598870056497175,354,52.0,McLaren,Lando NORRIS,Bahrain,Sakhir,Sakhir
7768,10,5,2023-03-04 15:24:16.520,91.818,29.247,39.412,23.159,241.0,270.0,322.0,70.49025069637884,42.00171970000996,0.5821727019498607,0.22284122562674094,0.18384401114206128,4.958217270194986,7,10562.044568245125,1205.537870275066,12231,323,211.7883008356546,67,68.8498875350223,0.08913649025069638,0.5153203342618384,0.3064066852367688,0.08913649025069638,0.22841225626740946,359,53.0,Alpine,Pierre GASLY,Bahrain,Sakhir,Sakhir
9161,55,13,2023-09-16 14:07:01.489,91.439,26.836,38.497,26.106,313.0,280.0,303.0,65.93333333333334,41.07634223580366,0.03768115942028986,0.15942028985507245,0.24057971014492754,5.055072463768116,7,10038.942028985508,1585.5388773263528,12058,316,193.9449275362319,64,65.5197013159593,0.0463768115942029,0.4318840579710145,0.4318840579710145,0.08985507246376812,0.17391304347826086,345,50.0,Ferrari,Carlos SAINZ,Singapore,Singapore,Marina Bay
7775,20,2,2023-03-18 17:02:28.591,90.271,32.9,28.621,28.75,289.0,328.0,333.0,78.80289855072463,37.32340578619475,0.5623188405797102,0.14782608695652175,0.13623188405797101,6.159420289855072,6,10786.417391304349,1050.910258675633,12229,335,243.59710144927536,87,65.06720580018592,0.22318840579710145,0.5217391304347826,0.23478260869565218,0.020289855072463767,0.25507246376811593,345,39.0,Haas F1 Team,Kevin MAGNUSSEN,Saudi Arabia,Jeddah,Jeddah
9215,23,12,2023-10-06 17:31:28.386,85.707,31.595,29.075,25.037,240.0,288.0,320.0,70.04430379746836,39.95638017459314,0.5411392405063291,0.1550632911392405,0.16139240506329114,5.80379746835443,6,10791.281645569621,963.5203837738769,12132,321,225.81012658227849,93,54.017122729005436,0.06645569620253164,0.6044303797468354,0.31329113924050633,0.015822784810126583,0.10126582278481013,316,33.0,Williams,Alexander ALBON,Qatar,Lusail,Lusail
9215,16,25,2023-10-06 17:58:33.420,84.424,31.187,28.515,24.722,244.0,289.0,317.0,76.17701863354037,34.52097244788037,0.3944099378881988,0.024844720496894408,0.13975155279503104,5.816770186335404,6,10652.813664596273,952.4378277022821,12324,320,228.70807453416148,97,53.125213842522456,0.06832298136645963,0.6304347826086957,0.2919254658385093,0.009316770186335404,0.10248447204968944,322,32.0,Ferrari,Charles LECLERC,Qatar,Lusail,Lusail
9112,1,2,2023-06-30 15:02:27.701,65.19,16.423,29.15,19.617,324.0,245.0,317.0,73.57959183673469,41.61837245811312,0.6693877551020408,0.16326530612244897,0.1673469387755102,6.0081632653061225,7,10580.30612244898,1018.5991546590825,11791,326,237.46938775510205,68,64.90412287064073,0.19183673469387755,0.5591836734693878,0.21224489795918366,0.036734693877551024,0.33877551020408164,245,34.0,Red Bull Racing,Max VERSTAPPEN,Austria,Spielberg,Spielberg
9112,2,8,2023-06-30 15:22:43.414,65.948,16.463,29.383,20.102,327.0,245.0,319.0,73.03305785123968,41.13653692617788,0.6487603305785123,0.19834710743801653,0.18181818181818182,6.144628099173554,7,10645.789256198346,1165.4270249241308,12075,329,234.599173553719,68,67.6755169982018,0.2024793388429752,0.5165289256198347,0.23553719008264462,0.045454545454545456,0.34710743801652894,242,35.0,Williams,Logan SARGEANT,Austria,Spielberg,Spielberg
9112,10,17,2023-06-30 15:56:46.769,65.633,16.597,29.236,19.8,320.0,245.0,314.0,75.53571428571429,39.985588966348494,0.6825396825396826,0.15873015873015872,0.1626984126984127,5.7103174603174605,7,10641.527777777777,990.4851819384588,11971,321,235.6468253968254,70,64.77345035089475,0.16666666666666666,0.5674603174603174,0.2261904761904762,0.03968253968253968,0.3333333333333333,252,31.0,Alpine,Pierre GASLY,Austria,Spielberg,Spielberg
9112,14,2,2023-06-30 15:02:07.092,66.323,16.682,29.597,20.044,319.0,244.0,311.0,76.10121457489879,39.136122130703995,0.46153846153846156,0.145748987854251,0.15384615384615385,6.125506072874494,7,10613.182186234817,1202.4234350176953,12223,320,232.93522267206478,64,65.29753551677149,0.1417004048582996,0.5870445344129555,0.22672064777327935,0.044534412955465584,0.3441295546558704,247,36.0,Aston Martin,Fernando ALONSO,Austria,Spielberg,Spielberg
9112,14,20,2023-06-30 15:44:55.672,65.181,16.47,29.024,19.687,321.0,248.0,314.0,75.2392156862745,39.971368091409694,0.5490196078431373,0.1843137254901961,0.1568627450980392,6.137254901960785,7,10666.592156862745,1114.6904545150921,11974,322,235.1607843137255,66,66.21042594123254,0.1803921568627451,0.5647058823529412,0.21176470588235294,0.043137254901960784,0.34509803921568627,255,36.0,Aston Martin,Fernando ALONSO,Austria,Spielberg,Spielberg
9161,14,16,2023-09-16 14:26:28.218,91.615,26.915,38.791,25.909,309.0,277.0,301.0,66.00884955752213,41.17910703700209,0.11504424778761062,0.1504424778761062,0.20353982300884957,4.997050147492625,7,10169.533923303834,1214.7039066975938,11910,312,193.42182890855457,67,66.40682128081068,0.05309734513274336,0.40412979351032446,0.46017699115044247,0.08259587020648967,0.1887905604719764,339,73.0,Aston Martin,Fernando ALONSO,Singapore,Singapore,Marina Bay
9161,20,5,2023-09-16 13:08:40.003,93.038,27.174,39.477,26.387,312.0,279.0,301.0,63.87887323943662,42.55789647526226,0.4422535211267606,0.24507042253521127,0.22816901408450704,4.819718309859155,7,10239.43661971831,1379.3081878921332,12228,317,190.1774647887324,62,65.9244521329891,0.04788732394366197,0.4028169014084507,0.4704225352112676,0.07887323943661972,0.2,355,49.0,Haas F1 Team,Kevin MAGNUSSEN,Singapore,Singapore,Marina Bay
9207,10,15,2023-10-20 21:51:18.600,95.267,25.472,38.437,31.358,232.0,189.0,320.0,67.72191011235955,41.85815985878652,0.5533707865168539,0.22191011235955055,0.1544943820224719,5.084269662921348,7,10137.044943820225,1495.895928519186,12431,321,206.76404494382024,72,71.24803293109285,0.08146067415730338,0.5,0.32303370786516855,0.09550561797752809,0.16853932584269662,356,44.0,Alpine,Pierre GASLY,United States,Austin,Austin
9207,11,16,2023-10-20 21:59:38.641,95.173,25.515,38.354,31.304,232.0,188.0,323.0,67.57848837209302,42.68939554700865,0.5872093023255814,0.16569767441860464,0.18313953488372092,5.218023255813954,6,10041.0,1562.193927106751,12159,324,205.67151162790697,73,71.04324394100873,0.0872093023255814,0.49127906976744184,0.3168604651162791,0.10465116279069768,0.1744186046511628,344,41.0,Red Bull Racing,Sergio PEREZ,United States,Austin,Austin
9169,81,2,2023-09-23 06:06:55.725,90.439,31.343,40.97,18.126,279.0,306.0,302.0,71.75,38.94522205225833,0.0029069767441860465,0.1569767441860465,0.14244186046511628,5.747093023255814,7,10566.64534883721,1184.2126743589645,12222,330,228.24418604651163,72,65.73237302926603,0.1511627906976744,0.5494186046511628,0.23837209302325582,0.061046511627906974,0.09302325581395349,344,36.0,McLaren,Oscar PIASTRI,Japan,Suzuka,Suzuka
9207,16,20,2023-10-20 21:58:18.720,94.723,25.338,38.153,31.232,236.0,192.0,325.0,70.30523255813954,38.99947486307868,0.10755813953488372,0.06686046511627906,0.20348837209302326,5.308139534883721,6,10216.485465116279,1483.8430031836792,11943,327,206.13953488372093,77,70.88481401606467,0.09011627906976744,0.47093023255813954,0.3430232558139535,0.09593023255813954,0.1744186046511628,344,47.0,Ferrari,Charles LECLERC,United States,Austin,Austin
9207,24,2,2023-10-20 21:02:25.149,97.293,26.179,39.11,32.004,224.0,189.0,318.0,67.8936170212766,41.41502930678995,0.5478723404255319,0.2074468085106383,0.17287234042553193,5.2712765957446805,7,10014.72340425532,1487.0940712087158,11970,320,201.95478723404256,76,70.82463284070928,0.0797872340425532,0.4627659574468085,0.3484042553191489,0.10904255319148937,0.17287234042553193,376,47.0,Alfa Romeo,ZHOU Guanyu,United States,Austin,Austin
9153,27,7,2023-09-02 14:13:46.997,82.377,27.539,27.726,27.112,317.0,330.0,336.0,79.70287539936102,37.56154639184341,0.7092651757188498,0.13099041533546327,0.134185303514377,6.402555910543131,7,10787.297124600638,1264.0412214445141,12463,338,252.0447284345048,70,71.82652208624717,0.36741214057507987,0.4185303514376997,0.16613418530351437,0.04792332268370607,0.20447284345047922,313,30.0,Haas F1 Team,Nico HULKENBERG,Italy,Monza,Monza
9169,55,13,2023-09-23 07:12:13.197,89.85,31.332,40.564,17.954,281.0,304.0,302.0,76.18154761904762,35.334897789251215,0.14285714285714285,0.07738095238095238,0.17559523809523808,6.065476190476191,6,10348.815476190477,1372.6441925284782,12284,331,230.5029761904762,73,65.20809392632104,0.1636904761904762,0.5565476190476191,0.2113095238095238,0.06845238095238096,0.08630952380952381,336,27.0,Ferrari,Carlos SAINZ,Japan,Suzuka,Suzuka
9169,63,14,2023-09-23 07:08:33.121,90.219,31.547,40.624,18.048,280.0,303.0,300.0,78.687306501548,34.25087467517379,0.6377708978328174,0.10835913312693499,0.13622291021671826,6.0588235294117645,7,10739.46439628483,1096.6461156275454,12406,325,232.8390092879257,72,61.479725196161766,0.15789473684210525,0.5789473684210527,0.21362229102167182,0.04953560371517028,0.1021671826625387,323,37.0,Mercedes,George RUSSELL,Japan,Suzuka,Suzuka
9215,44,4,2023-10-06 17:09:57.846,86.093,31.706,29.043,25.344,237.0,287.0,314.0,75.38601823708207,35.957205919993804,0.5835866261398176,0.030395136778115502,0.16109422492401215,5.908814589665654,6,10635.300911854103,948.2677422570401,12138,316,225.2613981762918,90,52.83151774794415,0.0729483282674772,0.6139817629179332,0.303951367781155,0.00911854103343465,0.10638297872340426,329,38.0,Mercedes,Lewis HAMILTON,Qatar,Lusail,Lusail
9215,63,8,2023-10-06 17:17:26.760,85.334,31.496,28.71,25.128,243.0,286.0,316.0,73.92532467532467,39.06885604830986,0.6201298701298701,0.16233766233766234,0.1590909090909091,5.837662337662338,6,10834.26948051948,938.3615747988687,12200,318,228.1818181818182,95,53.53843692717669,0.08441558441558442,0.6233766233766234,0.2824675324675325,0.00974025974025974,0.12337662337662338,308,38.0,Mercedes,George RUSSELL,Qatar,Lusail,Lusail
9215,77,8,2023-10-06 17:16:41.964,86.038,31.848,28.915,25.275,240.0,285.0,311.0,76.07467532467533,37.87805233150781,0.6233766233766234,0.16233766233766234,0.14935064935064934,5.672077922077922,6,10733.866883116883,1011.3914940363828,12296,314,225.44805194805195,97,53.00728758302337,0.06168831168831169,0.6233766233766234,0.3051948051948052,0.00974025974025974,0.10714285714285714,308,30.0,Alfa Romeo,Valtteri BOTTAS,Qatar,Lusail,Lusail
9074,20,11,2023-05-06 20:27:48.062,88.153,29.458,33.68,25.015,224.0,193.0,334.0,69.08333333333333,40.89950065989628,0.35714285714285715,0.17857142857142858,0.16666666666666666,5.809523809523809,7,10138.791666666666,1615.3809932899994,12020,337,220.45833333333334,71,84.32569086170287,0.22321428571428573,0.3898809523809524,0.2708333333333333,0.11607142857142858,0.24404761904761904,336,33.0,Haas F1 Team,Kevin MAGNUSSEN,United States,Miami,Miami
9074,21,4,2023-05-06 20:06:00.366,90.189,30.21,34.06,25.919,219.0,189.0,333.0,69.32753623188405,41.106214816356925,0.5478260869565217,0.2028985507246377,0.1826086956521739,5.231884057971015,8,10454.240579710146,1476.4240849366618,13050,334,213.53333333333333,51,85.31051127108157,0.2,0.3855072463768116,0.2956521739130435,0.11884057971014493,0.22028985507246376,345,36.0,AlphaTauri,Nyck DE VRIES,United States,Miami,Miami
9074,24,9,2023-05-06 20:16:46.136,88.18,29.565,33.461,25.154,222.0,193.0,338.0,70.21538461538462,40.17995488958112,0.56,0.18461538461538463,0.16,5.661538461538462,6,10110.498461538462,1681.0403848392787,12074,340,217.24923076923076,71,83.93782259910047,0.2,0.38769230769230767,0.3076923076923077,0.10461538461538461,0.2123076923076923,325,32.0,Alfa Romeo,ZHOU Guanyu,United States,Miami,Miami
9177,55,10,2023-10-28 21:38:04.957,78.485,27.61,30.525,20.35,317.0,296.0,347.0,60.31468531468531,41.25035580162037,0.01048951048951049,0.1993006993006993,0.2202797202797203,4.874125874125874,7,9896.482517482518,1764.5545746906525,12387,349,191.2902097902098,63,84.99661319542487,0.15034965034965034,0.3006993006993007,0.3916083916083916,0.15734265734265734,0.2517482517482518,286,30.0,Ferrari,Carlos SAINZ,Mexico,Mexico City,Mexico City
9064,18,20,2023-04-28 14:20:32.747,101.971,36.028,40.858,25.085,227.0,242.0,315.0,69.2363184079602,42.14357805703599,0.27860696517412936,0.21144278606965175,0.208955223880597,5.355721393034826,7,10305.955223880597,1357.690395473201,12099,321,208.06467661691542,77,79.15249838771584,0.17661691542288557,0.34577114427860695,0.4129353233830846,0.06467661691542288,0.13930348258706468,402,58.0,Aston Martin,Lance STROLL,Azerbaijan,Baku,Baku
9129,18,14,2023-07-22 14:31:08.015,78.283,28.293,27.901,22.089,283.0,250.0,306.0,63.898989898989896,42.33804474417818,0.03367003367003367,0.21548821548821548,0.2222222222222222,5.212121212121212,6,10375.111111111111,1134.3672562587806,11934,317,200.2861952861953,89,59.30135684494009,0.037037037037037035,0.47474747474747475,0.4612794612794613,0.026936026936026935,0.14814814814814814,297,45.0,Aston Martin,Lance STROLL,Hungary,Hungaroring,Budapest
9129,20,2,2023-07-22 14:03:03.752,80.063,28.49,28.898,22.675,281.0,243.0,305.0,62.43894389438944,43.04166395444118,0.4884488448844885,0.2508250825082508,0.23102310231023102,5.0594059405940595,6,10242.663366336634,1238.4065168078182,12210,316,196.3894389438944,93,60.014127647028594,0.0462046204620462,0.42574257425742573,0.5082508250825083,0.019801980198019802,0.1551155115511551,303,38.0,Haas F1 Team,Kevin MAGNUSSEN,Hungary,Hungaroring,Budapest
9129,23,2,2023-07-22 14:05:00.251,79.358,28.516,28.231,22.611,280.0,249.0,303.0,61.954692556634306,43.18652408620862,0.47249190938511326,0.23948220064724918,0.22653721682847897,5.110032362459547,6,10325.126213592233,1249.0768696226028,12148,314,197.0032362459547,92,58.31277612687099,0.038834951456310676,0.44336569579288027,0.5016181229773463,0.016181229773462782,0.1488673139158576,309,38.0,Williams,Alexander ALBON,Hungary,Hungaroring,Budapest
9129,24,12,2023-07-22 14:30:08.031,77.744,28.216,27.603,21.925,278.0,250.0,303.0,67.29122807017544,41.88157466024581,0.5403508771929825,0.22105263157894736,0.20350877192982456,5.277192982456141,6,10174.21403508772,1228.1878153041087,11873,315,201.8035087719298,93,59.13725371014078,0.04912280701754386,0.47017543859649125,0.45964912280701753,0.021052631578947368,0.17543859649122806,285,34.0,Alfa Romeo,ZHOU Guanyu,Hungary,Hungaroring,Budapest
9129,24,15,2023-07-22 14:38:33.400,77.7,28.246,27.529,21.925,279.0,251.0,304.0,67.15331010452962,41.88943381782958,0.5331010452961672,0.22996515679442509,0.1986062717770035,5.2578397212543555,6,10230.271777003485,1246.0898546569579,12040,314,202.39721254355402,93,59.71068703380555,0.04878048780487805,0.4808362369337979,0.4529616724738676,0.017421602787456445,0.16376306620209058,287,34.0,Alfa Romeo,ZHOU Guanyu,Hungary,Hungaroring,Budapest
9169,4,8,2023-09-23 07:04:50.499,89.493,31.025,40.421,18.047,280.0,307.0,301.0,74.1963746223565,38.903152308573674,0.5800604229607251,0.14803625377643503,0.11782477341389729,5.930513595166163,6,10577.963746223564,1380.826344121908,12164,327,233.93353474320242,67,64.86616846559632,0.17220543806646527,0.5740181268882175,0.1903323262839879,0.0634441087613293,0.10574018126888217,331,34.0,McLaren,Lando NORRIS,Japan,Suzuka,Suzuka
9090,81,4,2023-05-27 14:05:32.369,73.642,19.286,34.849,19.507,216.0,200.0,283.0,52.28,44.396744800774634,0.38545454545454544,0.31636363636363635,0.2581818181818182,3.869090909090909,7,9779.25090909091,1673.4418634632957,12600,289,160.75272727272727,45,67.4398673881982,0.0,0.3090909090909091,0.4254545454545455,0.26545454545454544,0.01818181818181818,275,37.0,McLaren,Oscar PIASTRI,Monaco,Monte Carlo,Monaco
9090,81,9,2023-05-27 14:25:02.793,73.317,19.136,34.728,19.453,217.0,204.0,282.0,52.943661971830984,44.49540805273425,0.3767605633802817,0.3028169014084507,0.2535211267605634,3.8028169014084505,7,9852.007042253521,1692.9136507588032,12864,289,161.07746478873239,45,68.11781250766312,0.0,0.33098591549295775,0.4084507042253521,0.2605633802816901,0.07394366197183098,284,36.0,McLaren,Oscar PIASTRI,Monaco,Monte Carlo,Monaco
9207,63,2,2023-10-20 21:06:49.115,96.625,26.241,38.639,31.745,230.0,191.0,316.0,68.69747899159664,41.20895396494662,0.5630252100840336,0.20168067226890757,0.18487394957983194,5.294117647058823,6,10134.417366946778,1612.3875318432638,12089,317,202.73949579831933,74,69.93280830392237,0.08123249299719888,0.47619047619047616,0.34173669467787116,0.10084033613445378,0.1792717086834734,357,43.0,Mercedes,George RUSSELL,United States,Austin,Austin
9207,81,5,2023-10-20 21:09:20.707,96.671,25.878,38.793,32.0,232.0,189.0,324.0,64.18428184281842,42.06056285786426,0.0,0.2222222222222222,0.17615176151761516,5.195121951219512,7,10088.845528455284,1483.3895419406595,11714,326,202.81842818428186,76,72.64881344015065,0.08672086720867209,0.4796747967479675,0.3224932249322493,0.1111111111111111,0.16802168021680217,369,44.0,McLaren,Oscar PIASTRI,United States,Austin,Austin
9207,81,16,2023-10-20 21:50:53.038,95.761,25.581,38.454,31.726,235.0,190.0,320.0,66.99439775910363,40.844181464903556,0.0,0.19887955182072828,0.14565826330532214,5.218487394957983,7,10143.417366946778,1404.160828215662,12186,322,205.19327731092437,73,71.5231098008006,0.09243697478991597,0.47619047619047616,0.33053221288515405,0.10084033613445378,0.18487394957983194,357,46.0,McLaren,Oscar PIASTRI,United States,Austin,Austin
9193,10,14,2023-11-25 14:51:25.897,84.548,17.345,36.378,30.825,291.0,320.0,326.0,73.90228013029316,39.8404115625934,0.6482084690553745,0.16612377850162866,0.1270358306188925,5.504885993485342,7,10283.599348534202,1236.4594215118123,11769,328,221.92508143322476,69,71.22672253342014,0.14006514657980457,0.48859934853420195,0.3289902280130293,0.04234527687296417,0.22149837133550487,307,36.0,Alpine,Pierre GASLY,United Arab Emirates,Yas Marina Circuit,Yas Island
9193,14,5,2023-11-25 14:16:30.278,84.501,17.257,36.505,30.739,289.0,320.0,323.0,73.6782334384858,39.65432837528206,0.17350157728706625,0.1640378548895899,0.15772870662460567,5.744479495268139,7,10586.132492113564,1193.1906704551348,12280,325,222.4794952681388,63,69.45901069575525,0.13249211356466878,0.501577287066246,0.334384858044164,0.031545741324921134,0.20504731861198738,317,48.0,Aston Martin,Fernando ALONSO,United Arab Emirates,Yas Marina Circuit,Yas Island
9193,14,11,2023-11-25 14:38:32.676,84.131,17.213,36.31,30.608,290.0,319.0,322.0,73.80495356037152,39.40728217511979,0.2631578947368421,0.17027863777089783,0.14551083591331268,5.718266253869969,7,10479.21052631579,1231.887192449013,12033,324,220.21052631578948,66,70.53869217544022,0.12693498452012383,0.49226006191950467,0.33746130030959753,0.043343653250773995,0.19195046439628483,323,45.0,Aston Martin,Fernando ALONSO,United Arab Emirates,Yas Marina Circuit,Yas Island
9129,4,10,2023-07-22 14:17:18.118,78.697,28.397,27.904,22.396,281.0,254.0,302.0,63.4983164983165,43.6965213362114,0.5151515151515151,0.23232323232323232,0.20875420875420875,4.983164983164984,6,10360.838383838383,1192.4915777401377,12170,314,201.27272727272728,92,59.81234475228826,0.04713804713804714,0.45791245791245794,0.48148148148148145,0.013468013468013467,0.17845117845117844,297,36.0,McLaren,Lando NORRIS,Hungary,Hungaroring,Budapest
9129,11,7,2023-07-22 14:13:12.574,78.36,28.328,27.912,22.12,280.0,250.0,303.0,66.91891891891892,41.92301475663373,0.543918918918919,0.14527027027027026,0.19256756756756757,4.922297297297297,6,10326.625,1142.2584874355916,11970,313,200.2060810810811,92,58.67111520591089,0.0472972972972973,0.44932432432432434,0.4831081081081081,0.02027027027027027,0.16554054054054054,296,39.0,Red Bull Racing,Sergio PEREZ,Hungary,Hungaroring,Budapest
9314,2,9,2023-11-18 08:15:55.615,94.891,26.943,31.798,36.15,185.0,214.0,345.0,71.07303370786516,41.72870465156391,0.6376404494382022,0.20224719101123595,0.16573033707865167,5.941011235955056,6,10591.426966292134,1662.5367441464173,12757,346,231.4943820224719,86,86.14437584355802,0.3342696629213483,0.300561797752809,0.3061797752808989,0.05898876404494382,0.16853932584269662,356,37.0,Williams,Logan SARGEANT,United States,Las Vegas,Las Vegas
9314,3,3,2023-11-18 08:03:48.909,96.31,27.7,32.054,36.556,186.0,212.0,333.0,73.3091922005571,40.750387449429226,0.6350974930362117,0.18662952646239556,0.15877437325905291,5.6155988857938715,7,10660.785515320335,1300.1940986219263,12461,343,230.43732590529248,89,83.64423764464152,0.3008356545961003,0.33147632311977715,0.3064066852367688,0.06128133704735376,0.1671309192200557,359,43.0,AlphaTauri,Daniel RICCIARDO,United States,Las Vegas,Las Vegas
9314,3,13,2023-11-18 08:29:00.273,95.2,27.333,31.568,36.299,188.0,215.0,338.0,73.13783783783784,40.874981921389306,0.6405405405405405,0.1864864864864865,0.15945945945945947,5.672972972972973,7,10701.04054054054,1171.3920058692304,12202,344,233.13513513513513,89,83.5259115183315,0.31891891891891894,0.31891891891891894,0.3108108108108108,0.051351351351351354,0.15675675675675677,370,42.0,AlphaTauri,Daniel RICCIARDO,United States,Las Vegas,Las Vegas
9064,2,10,2023-04-28 13:42:55.351,102.242,35.885,41.532,24.825,215.0,228.0,320.0,68.00261096605745,43.20385736938692,0.6005221932114883,0.2193211488250653,0.18798955613577023,5.35509138381201,7,10296.041775456919,1570.5003649015816,12516,340,208.27676240208876,75,83.1940685685458,0.22715404699738903,0.2924281984334204,0.391644908616188,0.08877284595300261,0.1462140992167102,383,56.0,Williams,Logan SARGEANT,Azerbaijan,Baku,Baku
9064,11,8,2023-04-28 13:39:07.041,101.756,35.922,41.03,24.804,224.0,239.0,319.0,69.712,42.613701193533565,0.6213333333333333,0.192,0.18933333333333333,5.258666666666667,6,10217.818666666666,1560.1628185885725,12084,340,211.67733333333334,74,81.66495981336838,0.208,0.32266666666666666,0.4053333333333333,0.064,0.15466666666666667,375,48.0,Red Bull Racing,Sergio PEREZ,Azerbaijan,Baku,Baku
9090,44,17,2023-05-27 14:40:56.470,72.749,19.009,34.354,19.386,219.0,200.0,280.0,54.583333333333336,43.88178679271403,0.38405797101449274,0.26811594202898553,0.27898550724637683,4.159420289855072,8,9688.449275362318,1725.8850570489694,12161,287,162.6014492753623,47,67.73585486472876,0.0,0.33695652173913043,0.42028985507246375,0.2427536231884058,0.07608695652173914,276,44.0,Mercedes,Lewis HAMILTON,Monaco,Monte Carlo,Monaco
9090,55,6,2023-05-27 14:19:23.547,73.533,19.436,34.701,19.396,214.0,197.0,282.0,53.855172413793106,42.65399202228673,0.3137931034482759,0.24482758620689654,0.29310344827586204,3.8758620689655174,7,9617.11724137931,1847.7169659357726,12371,289,156.69310344827585,46,68.68018471394934,0.0,0.296551724137931,0.4241379310344828,0.2793103448275862,0.06896551724137931,290,39.0,Ferrari,Carlos SAINZ,Monaco,Monte Carlo,Monaco
9090,63,2,2023-05-27 14:02:51.012,74.331,19.476,35.113,19.742,204.0,199.0,280.0,54.42857142857143,43.81562362582709,0.3877551020408163,0.2891156462585034,0.272108843537415,3.9047619047619047,7,9532.78231292517,1900.7283964554854,12350,290,158.04421768707482,42,68.1969248846337,0.0,0.30612244897959184,0.43197278911564624,0.2619047619047619,0.0782312925170068,294,46.0,Mercedes,George RUSSELL,Monaco,Monte Carlo,Monaco
9169,18,2,2023-09-23 06:02:03.228,92.246,32.049,41.864,18.333,277.0,301.0,300.0,73.70231213872832,39.037192898838505,0.12716763005780346,0.14739884393063585,0.13583815028901733,6.014450867052023,7,10496.768786127168,1215.22111008046,12033,325,227.8150289017341,66,64.38782317703733,0.15028901734104047,0.5751445086705202,0.20809248554913296,0.06647398843930635,0.09248554913294797,346,40.0,Aston Martin,Lance STROLL,Japan,Suzuka,Suzuka
9169,22,2,2023-09-23 06:06:38.178,91.211,31.977,41.013,18.221,279.0,302.0,303.0,73.59885386819484,39.08669407682134,0.5931232091690545,0.14613180515759314,0.12893982808022922,5.699140401146132,7,10564.455587392551,1271.93014537641,12432,326,228.03438395415472,70,64.72065498867036,0.1518624641833811,0.5530085959885387,0.22922636103151864,0.0659025787965616,0.08882521489971347,349,30.0,AlphaTauri,Yuki TSUNODA,Japan,Suzuka,Suzuka
9169,22,8,2023-09-23 06:44:13.481,90.353,31.439,40.809,18.105,279.0,304.0,302.0,74.86904761904762,39.3910452016107,0.6279761904761905,0.16071428571428573,0.13095238095238096,5.758928571428571,7,10606.24107142857,1269.6446623275192,12528,328,230.6875,74,64.32306954833085,0.15476190476190477,0.5773809523809523,0.20238095238095238,0.06547619047619048,0.09226190476190477,336,29.0,AlphaTauri,Yuki TSUNODA,Japan,Suzuka,Suzuka
9169,22,11,2023-09-23 06:53:16.038,90.204,31.454,40.706,18.044,280.0,301.0,302.0,75.81194029850747,38.92696801753691,0.6477611940298508,0.14925373134328357,0.11940298507462686,5.719402985074627,7,10594.80895522388,1289.3722951453651,12536,328,230.1731343283582,73,64.79821184346555,0.15223880597014924,0.564179104477612,0.21492537313432836,0.06865671641791045,0.10149253731343283,335,29.0,AlphaTauri,Yuki TSUNODA,Japan,Suzuka,Suzuka
9169,23,11,2023-09-23 06:48:47.463,90.537,31.648,40.711,18.178,284.0,308.0,308.0,71.9266862170088,38.557564572354025,0.5571847507331378,0.13196480938416422,0.15542521994134897,5.970674486803519,7,10645.00879765396,1321.8211311911875,12494,333,230.07624633431084,73,66.851151989619,0.17302052785923755,0.5483870967741935,0.20527859237536658,0.07331378299120235,0.08504398826979472,341,37.0,Williams,Alexander ALBON,Japan,Suzuka,Suzuka
9215,2,9,2023-10-06 17:16:55.870,86.354,32.073,29.185,25.096,239.0,289.0,321.0,68.2987012987013,41.2660597295683,0.5422077922077922,0.18831168831168832,0.1525974025974026,5.714285714285714,6,10714.607142857143,978.3258542440562,12131,323,222.75,93,57.106100177865656,0.08766233766233766,0.5487012987012987,0.3474025974025974,0.016233766233766232,0.10714285714285714,308,41.0,Williams,Logan SARGEANT,Qatar,Lusail,Lusail
9215,16,22,2023-10-06 17:52:08.021,84.7,31.165,28.843,24.692,246.0,288.0,319.0,76.41082802547771,33.95401904835163,0.35987261146496813,0.022292993630573247,0.1464968152866242,5.869426751592357,6,10572.347133757961,985.3084678803609,11852,322,228.6624203821656,90,54.55167894677645,0.07961783439490445,0.6210191082802548,0.2802547770700637,0.01910828025477707,0.10828025477707007,314,31.0,Ferrari,Charles LECLERC,Qatar,Lusail,Lusail
